ACCESSION_NUMBER	OTHERMANAGER_SK	CIK	FORM13FFILENUMBER	CRDNUMBER	SECFILENUMBER	NAME
0002010029-25-000002	203462		028-17779	000282580	801-107319	AE Wealth Management, LLC
0000045403-25-000008	203463	0001097833	028-05067	000107569	801-44189	OPUS INVESTMENT MANAGEMENT INC
0000950123-25-008608	203221		028-12863			Spinnaker Capital Limited
0002083151-25-000002	203322	0001997464	028-25755		001-42020	Marex Group plc
0001580642-25-005505	203286			000324624	801-127231	Modern Wealth Management, LLC
0001580642-25-005505	203287			000288429	801-110752	Momentus Wealth Management, Inc.
0001580642-25-005505	203288			000113348	801-63874	Natural Investments PBLLC
0001580642-25-005505	203289			000296798	801-113314	New World Advisors, LLC
0001580642-25-005505	203290			000171351	801-79876	NewEdge Advisors, LLC
0001580642-25-005505	203291			000325403		Noorvest
0001580642-25-005505	203292			000169574	801-78933	Nova R Wealth, Inc
0001580642-25-005505	203293			000112505	801-79439	Oldfather Financial Services
0001580642-25-005505	203294			000310906	801-119677	One + One Wealth Management, LLC
0001580642-25-005505	203295			000301764	801-115232	Optivise Advisory Services LLC
0001580642-25-005505	203296			000310327	801-119646	Pallas Capital Advisors, LLC
0001580642-25-005505	203297			000324199	801-127465	Panorama Wealth Advisors
0001580642-25-005505	203298			000151671	801-70707	Per Stirling Capital Management, LLC
0001580642-25-005505	203299			000325119	801-127980	PFW Advisors LLC
0001580642-25-005505	203300			000331675	801-130873	PlanWiser Financial
0001580642-25-005505	203301			000330058	801-132915	Ponta Wealth Partners
0001580642-25-005505	203302			000160052	801-76490	Prentice Wealth Management
0001580642-25-005505	203303			000155216	801-72060	Private Advisor Group, LLC
0001580642-25-005505	203304			000156480	801-72187	Prosperity Capital Advisors
0001580642-25-005505	203305			000158401	801-79153	RFG Advisory, LLC
0001580642-25-005505	203306			000107271	801-43144	Savant Wealth Management
0001580642-25-005505	203307			000318493	801-123656	Savvy Wealth, Inc
0001580642-25-005505	203308			000308909	801-124693	Seeds Investor LLC
0001580642-25-005505	203309			000109901	801-55783	Sentinal Pension Advisors, Inc.
0001580642-25-005505	203310			000301086	801-127017	SIGNAL ADVISORS WEALTH, LLC
0001580642-25-005505	203311			000046947	801-71178	Silver Oak Securities Incorporated
0001580642-25-005505	203312			000319437	801-13165	Split Creek Capital, LLC
0001580642-25-005505	203313			000139410	801-106971	STONE HOUSE INVESTMENT MANAGEMENT, LLC
0001580642-25-005505	203314			000109677	801-33774	Strategic Financial Services, Inc.
0001580642-25-005505	203315			000165839	801-108752	Strategic Income Group LLC
0001580642-25-005505	203316			000314424	801-121182	The Ascent Group, LLC
0001580642-25-005505	203317			000123255	801-77097	The Fragasso Group Inc
0001580642-25-005505	203318			000169006	801-79164	The Martin Worley Group
0001580642-25-005505	203319			000105902	801-40745	THOR Investment Management, Inc
0001580642-25-005505	203320			000168777	801-108388	Thrive Wealth Management, LLC
0001580642-25-005505	203321			000304569	801-117013	Thrivent Advisor Network, LLC
0001580642-25-005505	203222			000222515	801-116983	Aegis Wealth Group, LLC
0001580642-25-005505	203223			000135879	801-64514	Allen Capital Group, LLC
0001580642-25-005505	203224			000157423	801-72361	Alphastar Capital Management, LLC
0001580642-25-005505	203225			000145488	801-69827	Arete Wealth Advisors, LLC
0001580642-25-005505	203226			000140643	801-112759	Artifex Financial Group, LLC
0001580642-25-005505	203227			000172793	801-117954	Austin Wealth Management, LLC
0001580642-25-005505	203228			000164081	801-76763	Axxcess Wealth Management, LLC
0001580642-25-005505	203229			000152977	801-122717	Bauer Wealth Management, LLC
0001580642-25-005505	203230			000299805	801-114547	Bison Wealth, LLC
0001580642-25-005505	203231			000291459	801-112524	BlackDiamond Wealth Management, LLC
0001580642-25-005505	203232			000318366	801-123232	Bleakley Financial Group, LLC
0001580642-25-005505	203233			000107202	801-118602	Blue Barn Wealth, LLC
0001580642-25-005505	203234			000316544	801-122508	Brookwood Investment Group
0001580642-25-005505	203235			000285359	801-108434	Bryn Mawr Capital Management, LLC
0001580642-25-005505	203236			000106577	801-45064	CFS Investment Advisory Services LLC
0001580642-25-005505	203237			000284839	801-113243	Colonial River Investments, LLC
0001580642-25-005505	203238			000008032	801-41541	Commonwealth Financial Network
0001580642-25-005505	203239			000305013	801-117202	Connecticut Capital Management Group, LLC
0001580642-25-005505	203240			000111010	801-60130	CONTINUITY WEALTH MANAGEMENT, CORP.
0001580642-25-005505	203241			000283318		Crafted Finance, LLC
0001580642-25-005505	203242			000151156		Crescent Wealth Advisory, LLC
0001580642-25-005505	203243			000155576	801-107896	DFPG Investments, LLC
0001580642-25-005505	203244			000329878	801-129521	Diversify Wealth Management, LLC
0001580642-25-005505	203245			000318241		Divvi Wealth Management LLC
0001580642-25-005505	203246			000311298	801-119910	Dovetail Financial Group LLC
0001580642-25-005505	203247			000108052	801-57727	Earned Wealth
0001580642-25-005505	203248			000307265	801-118109	Echo45 Advisors LLC
0001580642-25-005505	203249			000137068	801-65068	Elevation Point Wealth Partners - Institutional
0001580642-25-005505	203250			000285961	801-108767	Facet Wealth, Inc.
0001580642-25-005505	203251			000330890		Ferris Financial Services, L.L.C.
0001580642-25-005505	203252			000111822	801-77600	FLC Capital Advisors
0001580642-25-005505	203253			000307618	801-120349	Fortress Wealth Planning, LLC
0001580642-25-005505	203254			000137945	801-66892	Founders Financial Securities, LLC
0001580642-25-005505	203255			000306703	801-127881	Fourth Dimension Wealth, LLC
0001580642-25-005505	203256			000159099	801-79524	Fulcrum Equity Management, LLC
0001580642-25-005505	203257			000283850	801-107873	Fundamentum, LLC (Stratos)
0001580642-25-005505	203258			000155344	801-72037	CWM, LLC
0001580642-25-005505	203259			000329404	801-129402	Gatepass Capital, LLC
0001580642-25-005505	203260			000324954	801-132141	Generational Private Wealth
0001580642-25-005505	203261			000175300	801-114835	Global Strategic Investment Solutions, LLC
0001580642-25-005505	203262			000321145		Green Ocean Global Advisors LLC
0001580642-25-005505	203263			000143665	801-77333	HBW Advisory Services, LLC
0001580642-25-005505	203264			000168494	801-107338	Hobart Private Capital, LLC
0001580642-25-005505	203265			000319087	801-123434	Hoxton Planning & Management, LLC
0001580642-25-005505	203266			000172011	801-80074	HUB International Limited
0001580642-25-005505	203267			000171481	801-79769	IHT Wealth Management LLC
0001580642-25-005505	203268			000300279	801-114673	Inspire Advisors, LLC
0001580642-25-005505	203269			000284656	801-108179	INTEGRATED WEALTH CONCEPTS LLC
0001580642-25-005505	203270			000299589	801-114418	Intelligence Driven Advisers, LLC
0001580642-25-005505	203271			000110433	801-12359	James Investment Research Inc
0001580642-25-005505	203272			000127902	801-62249	Keel Point, LLC
0001580642-25-005505	203273			000128606	801-78914	Korhorn Financial Group
0001580642-25-005505	203274			000140599	801-71543	Larson Financial Group, LLC
0001580642-25-005505	203275			000168539	801-78438	LeConte Wealth Management, LLC
0001580642-25-005505	203276			000283553	801-107930	Legacy Financial Strategies, LLC
0001580642-25-005505	203277			000157450	801-116746	Lifestyle Asset Management, Inc.
0001580642-25-005505	203278			000319171	801-123638	Lumiere Financial Group LLC
0001580642-25-005505	203279			000115753	801-63693	Madrona Financial Services, LLC
0001580642-25-005505	203280			000292817	801-120452	Maia Wealth, LLC
0001580642-25-005505	203281			000118544	801-60820	Main Street Financial Life Advisors, LLC
0001580642-25-005505	203282			000002903	801-123009	Martin Nelson & Co., Inc.
0001580642-25-005505	203283			000147363	801-69271	Mercer Global Advisors, Inc.
0001580642-25-005505	203284			000110216	801-13452	Meridian Investment Advisors
0001580642-25-005505	203285			000147070		Merit Financial Group, LLC
0000950123-25-008588	203214		28-00545	000115785	801-60701	Thrivent Financial for Lutherans
0000950123-25-008587	203215		28-00545	000115785	801-60701	Thrivent Financial for Lutherans
0000950123-25-008585	203220		28-00545	000115785	801-60701	Thrivent Financial for Lutherans
0000950123-25-008583	203216		28-00545	000115785	801-60701	Thrivent Financial for Lutherans
0000950123-25-008578	203219		28-00545	000115785	801-60701	Thrivent Financial for Lutherans
0000950123-25-008577	203213		28-00545	000115785	801-60701	Thrivent Financial for Lutherans
0000950123-25-008574	203218		28-00545	000115785	801-60701	Thrivent Financial for Lutherans
0000950123-25-008572	203217		28-00545	000115785	801-60701	Thrivent Financial for Lutherans
0001398344-25-016593	203211	0001695078	028-19635	000116978	801-61471	Faithward Advisors, LLC
0000950123-25-008566	203212		28-4545			Berkshire Hathaway Inc
0000945621-25-000795	203210	0002056095	028-25250			Banque Transatlantique SA
0002056334-25-000003	203205	0001800245	028-20215	000113348	801-63874	NATURAL INVESTMENTS, LLC
0002056334-25-000003	203206	0001731444	028-18648	000283087	801-107829	MGO ONE SEVEN LLC
0002056334-25-000003	203208	0001744347	028-19675	000286622	801-114538	Vident Advisory, LLC
0002056334-25-000003	203209	0001592828	028-17729	000171412	801-79835	Empowered Funds, LLC
0002056334-25-000003	203204	0001767307	028-19136	000289977	801-111814	Robertson Stephens Wealth Management, LLC
0002056334-25-000003	203207	0001724269	028-18626	000288300	801-110455	LAKE STREET ADVISORS GROUP, LLC
0001785149-25-000004	203200	0000812291				MIZUHO SECURITIES USA LLC
0001785149-25-000004	203202	0001803149				Mizuho Markets Cayman LP
0001785149-25-000004	203201	0001825516				MIZUHO MARKETS AMERICAS LLC
0000905148-25-003074	203203	0001163653	028-10594			NOMURA HOLDINGS INC
0001085146-25-005398	203199	0002077903	028-25694			Cherokee Insurance Co
0001085146-25-005397	203198	0002077903	028-25694			Cherokee Insurance Co
0001172661-25-003670	203186	0001730242				55I, LLC
0001172661-25-003670	203187	0001173475				JP MORGAN INVESTMENT MANAGEMENT INC
0001172661-25-003670	203188					FRANKLIN TEMPLETON PRIVATE PORTFOLIO GROUP
0001172661-25-003670	203189	0001364615	028-11964			Aperio Group, LLC
0001172661-25-003670	203190	0001229262				GOLDMAN SACHS ASSET MANAGEMENT, L.P.
0001172661-25-003670	203196	0001163368				PACIFIC INVESTMENT MANAGEMENT CO LLC
0001172661-25-003670	203192	0001230440				Neuberger Berman Investment Advisers LLC
0001172661-25-003670	203193	0001305227	028-12016			BlackRock Investment Management, LLC
0001172661-25-003670	203194	0001521019	028-14498			Nuveen Asset Management, LLC
0001172661-25-003670	203195	0001082917	028-04145			GW&K Investment Management, LLC
0001172661-25-003670	203191	0000932859	028-04558			PARAMETRIC PORTFOLIO ASSOCIATES LLC
0002048490-25-000002	203184	0001997464	028-25755		001-42020	Marex Group plc
0001540527-25-000015	203197	0001997464	028-25755		001-42020	Marex Group plc
0002013988-25-000006	203185	0000907692		000105146	801-24593	SEI INVESTMENTS MANAGEMENT CORP
0001966440-25-000004	203164	0001164508	028-10005	000111209	801-56633	ARROWSTREET CAPITAL, LIMITED PARTNERSHIP
0001966440-25-000004	203165	0001421306	028-12820	000144078	801-69965	BRIGADE CAPITAL MANAGEMENT, LP
0001966440-25-000004	203166	0000354204	028-01186	000106482	801-16283	DIMENSIONAL FUND ADVISORS LP
0001966440-25-000004	203167	0001697233	028-17876	000283720	801-107734	GQG Partners LLC
0001966440-25-000004	203168	0001086318	028-04211	000119232	801-60987	INTECH INVESTMENT MANAGEMENT LLC
0001966440-25-000004	203170	0001207017	028-10469	000122836	801-61701	LAZARD ASSET MANAGEMENT LLC
0001966440-25-000004	203171	0001418333	028-13120			MACQUARIE GROUP LTD
0001966440-25-000004	203172	0001491998	028-16966			Ninety One SA (PTY) Ltd
0001966440-25-000004	203173	0001086619	028-04731			SCHRODER INVESTMENT MANAGEMENT GROUP
0001966440-25-000004	203174	0000861177	028-02682	000106838	801-34910	UBS AM, a distinct business unit of UBS ASSET MANAGEMENT AMERICAS LLC
0001966440-25-000004	203175		028-28233			VINVA INVESTMENT MANAGEMENT LIMITED
0001966440-25-000004	203176	0000940755	028-14777			J O HAMBRO CAPITAL MANAGEMENT LTD
0001966440-25-000004	203163	0000052388	028-01091	000105778	801-8174	AMERICAN CENTURY INVESTMENT MANAGEMENT INC
0001966440-25-000004	203162	0001109448	028-10562	000108477	801-56720	ALLIANCEBERNSTEIN L.P.
0001966440-25-000004	203161	0001167557	028-10120	000111883	801-55543	AQR CAPITAL MANAGEMENT LLC
0001966440-25-000004	203169	0001274173	028-10904			JANUS HENDERSON GROUP PLC
0001085146-25-005360	203158	0001061186	028-07104	000104702	801-11916	WCM INVESTMENT MANAGEMENT, LLC
0001085146-25-005360	203159	0000932859	028-04558	000114310	801-60485	PARAMETRIC PORTFOLIO ASSOCIATES LLC
0001214659-25-012381	203183	0001699080	028-20757			Synergy Asset Management, LLC
0001633863-25-000010	203181	0000902219	028-04557			WELLINGTON MANAGEMENT GROUP LLP
0001633863-25-000009	203157	0000902219	028-04557			WELLINGTON MANAGEMENT GROUP LLP
0001633863-25-000008	203178	0000902219	028-04557			WELLINGTON MANAGEMENT GROUP LLP
0001633863-25-000007	203182	0000902219	028-04557			WELLINGTON MANAGEMENT GROUP LLP
0001633863-25-000006	203177	0000902219	028-04557			WELLINGTON MANAGEMENT GROUP LLP
0001633863-25-000005	203156	0000902219	028-04557			WELLINGTON MANAGEMENT GROUP LLP
0001633863-25-000004	203180	0000902219	028-04557			WELLINGTON MANAGEMENT GROUP LLP
0001633863-25-000003	203179	0000902219	028-04557			WELLINGTON MANAGEMENT GROUP LLP
0001633863-25-000002	203160	0000902219	028-04557			WELLINGTON MANAGEMENT GROUP LLP
0002067357-25-000001	203013		028-21480			National Bank of Canada /FI/
0000351040-25-000010	202526	0002029723	028-24319			American Family Investments, Inc.
0000351040-25-000009	203004	0002029723	028-24319			American Family Investments, Inc.
0000351040-25-000008	202088	0002029723	028-24319			American Family Investments, Inc.
0000351040-25-000007	202171	0002029723	028-24319			American Family Investments, Inc.
0001977052-25-000004	203057	0001540235	028-14616	000105348	801-18564	Creative Planning
0002056532-25-000006	202590					SEI 
0001905367-25-000003	202202		028-17729			Empowered Funds, LLC
0001532155-25-000168	202990	0001920120	028-22489			AXA Investment Managers US Inc.
0001532155-25-000168	202989	0000812295	028-01343			JANUS HENDERSON INVESTORS US LLC
0001532155-25-000168	202992	0001333986	028-19172			Equitable Holdings, Inc.
0001532155-25-000168	202993	0000874779	028-02900			MELLON INVESTMENTS Corp
0001532155-25-000168	202953	0001109448	028-10562			ALLIANCEBERNSTEIN L.P.
0001532155-25-000168	202954	0000313028	028-01006			BARROW HANLEY MEWHINNEY & STRAUSS LLC
0001532155-25-000168	202955	0001086363	028-04293			BLACKROCK FINANCIAL MANAGEMENT INC/DE
0001532155-25-000168	202956	0001305227	028-12016			BlackRock Investment Management, LLC
0001532155-25-000168	202957	0001348883	028-11611			Clearbridge Investments, LLC
0001532155-25-000168	202958	0001217541	028-10648			DIAMOND HILL CAPITAL MANAGEMENT INC
0001532155-25-000168	202959	0001102578	028-05269			EARNEST PARTNERS LLC
0001532155-25-000168	202960	0000898420	028-03578			FRANKLIN ADVISERS INC
0001532155-25-000168	202961	0000807249	028-01887			GAMCO INVESTORS, INC. ET AL
0001532155-25-000168	202962	0001519418	028-14519			Horizon Kinetics LLC
0001532155-25-000168	202963	0000020430	028-00255			Invesco Advisers, Inc.
0001532155-25-000168	202964	0000019617	028-00694			JPMORGAN CHASE & CO
0001532155-25-000168	202965	0000728100	028-00413			LORD, ABBETT & CO. LLC
0001532155-25-000168	202966	0000912938	028-04968			MASSACHUSETTS FINANCIAL SERVICES CO /MA/
0001532155-25-000168	202967	0001230193	028-11866			MORGAN STANLEY INVESTMENT MANAGEMENT INC
0001532155-25-000168	202968	0001170789	028-12454			POST ADVISORY GROUP LLC
0001532155-25-000168	202969	0001257442	028-11338			SSGA FUNDS MANAGEMENT INC
0001532155-25-000168	202970	0000080255	028-00115			PRICE T ROWE ASSOCIATES INC /MD/
0001532155-25-000168	202971	0001177719	028-10220			WESTFIELD CAPITAL MANAGEMENT CO LP
0001532155-25-000168	202972	0000944388	028-11685			1832 Asset Management L.P.
0001532155-25-000168	202973	0000312348	028-00398			LOOMIS SAYLES & CO L P
0001532155-25-000168	202974	0000902219	028-04557			WELLINGTON MANAGEMENT GROUP LLP
0001532155-25-000168	202975	0001229262	028-10981			GOLDMAN SACHS ASSET MANAGEMENT, L.P.
0001532155-25-000168	202976	0001086431	028-04379			FEDERATED GLOBAL INVESTMENT MANAGEMENT CORP
0001532155-25-000168	202977	0001021642	028-05840			VAUGHAN NELSON INVESTMENT MANAGEMENT, L.P.
0001532155-25-000168	202978	0001455253	028-13328			HS Management Partners, LLC
0001532155-25-000168	202979	0001034524	028-03687			POLEN CAPITAL MANAGEMENT LLC
0001532155-25-000168	202980	0000829108	028-02204			Brandywine Global Investment Management, LLC
0001532155-25-000168	202981	0001207017	028-10469			LAZARD ASSET MANAGEMENT LLC
0001532155-25-000168	202982	0000052388	028-01091			AMERICAN CENTURY INVESTMENT MANAGEMENT INC
0001532155-25-000168	202983	0001385495	028-12282			FIAM LLC
0001532155-25-000168	202984	0000813917	028-02013			HARRIS ASSOCIATES L P
0001532155-25-000168	202985	0000314965	028-00096			CAPITAL GUARDIAN TRUST CO
0001532155-25-000168	202986	0001023875	028-06154			FRANKLIN MUTUAL ADVISERS LLC
0001532155-25-000168	202987	0001697233	028-17876			GQG Partners LLC
0001532155-25-000168	202988	0000860644	028-02634			Aristotle Capital Management, LLC
0001532155-25-000168	202991	0001163368	028-10952			PACIFIC INVESTMENT MANAGEMENT CO LLC
0000895421-25-000525	203012	0000895421	028-03432			MORGAN STANLEY
0000895421-25-000524	203061	0000895421	028-03432			MORGAN STANLEY
0000895421-25-000523	202447	0000895421	028-03432			MORGAN STANLEY
0000895421-25-000522	202209	0000895421	028-03432			MORGAN STANLEY
0001532155-25-000167	203102	0000807249	028-01887			GAMCO INVESTORS, INC. ET AL
0001532155-25-000167	203105	0000052388	028-01091			AMERICAN CENTURY INVESTMENT MANAGEMENT INC
0001532155-25-000167	203104	0001333986	028-19172			Equitable Holdings, Inc.
0001532155-25-000167	203103	0000312348	028-00398			LOOMIS SAYLES & CO L P
0001532155-25-000167	203101	0000201772	028-00878			ESSEX INVESTMENT MANAGEMENT CO LLC
0001532155-25-000167	203100	0000829108	028-02204			Brandywine Global Investment Management, LLC
0001532155-25-000167	203099	0001920120	028-22489			AXA Investment Managers US Inc.
0000895421-25-000521	202278	0000895421	028-03432			MORGAN STANLEY
0000225602-25-000013	202119	0001103653	028-15866			MassMutual Private Wealth & Trust, FSB
0000225602-25-000013	202120	0000701059	028-16947	000010409	801-44264	MML INVESTORS SERVICES, LLC
0000225602-25-000013	202114	0001606779	028-16289	000299118	802-114253	BARING ASSET MANAGEMENT Ltd
0000225602-25-000013	202121	0001606780	028-19111			Baring Asset Management Korea Ltd
0000225602-25-000013	202116	0000009015	028-00060	000106006	801-241	BARINGS LLC
0000225602-25-000013	202115	0001624302	028-16290	000108513	801-56176	BARING ASSET MANAGEMENT (ASIA) Ltd
0000225602-25-000013	202118	0001803230	028-20060			Baring SICE (Taiwan) LTD
0000225602-25-000013	202117	0001568131	028-15112	000105724	801-15160	Baring International Investment Ltd
0000895421-25-000520	202212	0000895421	028-03432			MORGAN STANLEY
0000895421-25-000519	202275	0000895421	028-03432			MORGAN STANLEY
0001532155-25-000166	202028	0001333986	028-19172			Equitable Holdings, Inc.
0000895421-25-000518	201989	0000895421	028-03432			MORGAN STANLEY
0000895421-25-000517	202232	0000895421	028-03432			MORGAN STANLEY
0000895421-25-000516	201969	0000895421	028-03432			MORGAN STANLEY
0000895421-25-000515	202030	0000895421	028-03432			MORGAN STANLEY
0000895421-25-000514	202850	0000895421	028-03432			MORGAN STANLEY
0000895421-25-000513	202193	0000895421	028-03432			MORGAN STANLEY
0000895421-25-000512	202513	0000895421	028-03432			MORGAN STANLEY
0000895421-25-000511	203072	0000895421	028-03432			MORGAN STANLEY
0000950123-25-008482	202350		028-14349			Brookfield Corporation
0000950123-25-008480	202235		028-14349			Brookfield Corp
0000895421-25-000510	202531	0000895421	028-03432			MORGAN STANLEY
0000950123-25-008477	202345		028-14349			Brookfield Corporation
0000950123-25-008475	203136		028-14349			Brookfield Corporation
0000895421-25-000509	202510	0000895421	028-03432			MORGAN STANLEY
0000950123-25-008473	202360		028-14349			Brookfield Corporation
0000895421-25-000508	202124	0000895421	028-03432			MORGAN STANLEY
0000950123-25-008469	202062		028-14349			Brookfield Corporation
0000895421-25-000507	202305	0000895421	028-03432			MORGAN STANLEY
0000950123-25-008468	202453		028-14349			Brookfield Corporation
0000895421-25-000506	202620	0000895421	028-03432			MORGAN STANLEY
0000895421-25-000505	202192	0000895421	028-03432			MORGAN STANLEY
0000895421-25-000504	203130	0000895421	028-03432			MORGAN STANLEY
0000895421-25-000503	202573	0000895421	028-03432			MORGAN STANLEY
0000895421-25-000501	203148	0000895421	028-03432			MORGAN STANLEY
0000895421-25-000499	202545	0002026079	028-24289			Morgan Stanley Institutional Investment Advisors LLC
0000769993-25-000549	202877	0000886982	028-04981			GOLDMAN SACHS GROUP INC
0001739439-25-000025	202884	0001739439				Rockefeller Capital Management L.P.
0001405086-25-000224	202333	0001259927	028-10797	001576735		LASRY MARC
0001046192-25-000015	202357	0001046192	028-10601			CANADA LIFE ASSURANCE Co
0000769993-25-000553	202948	0000886982	028-04981			GOLDMAN SACHS GROUP INC
0000769993-25-000550	203016	0000886982	028-04981			GOLDMAN SACHS GROUP INC
0000950123-25-008441	203055		028-05810			UNITED SERVICES AUTOMOBILE ASSOCIATION
0001046192-25-000016	202554	0001046192	028-10601			CANADA LIFE ASSURANCE Co
0001694126-25-000006	203077	0001694126	028-17717			Harvest Fund Management Co., Ltd
0001172661-25-003559	203125	0001845766	028-20760	000283303	801-110652	Lebenthal Global Advisors, LLC
0001624489-25-000008	202155	0001538449	028-14623			Mawer Investment Management Ltd.
0001533421-25-000016	203149	0001533421	028-15416			Tower Research Capital LLC (TRC)
0001046192-25-000013	202577	0001800916	028-19820	000305404		Value Partners Investments Inc.
0001739439-25-000024	202588	0001739439				Rockefeller Capital Management L.P.
0001046192-25-000014	203155	0001046192	028-10601			CANADA LIFE ASSURANCE Co
0000769993-25-000554	201959	0000886982	028-04981			GOLDMAN SACHS GROUP INC
0000850401-25-000023	201962	0000850401	028-02494			TCW GROUP INC
0000850401-25-000023	201963	0001125816	028-06487			FIRST TRUST ADVISORS LP
0000835587-25-000016	201998		028-21480			National Bank of Canada /FI/
0000850401-25-000022	202067	0000850401	028-02494			TCW GROUP INC
0001405086-25-000225	202073	0001259927	028-10797	001576735		LASRY MARC
0000769993-25-000552	202078	0000886982	028-04981			GOLDMAN SACHS GROUP INC
0000850401-25-000021	202666	0000850401	028-02494			TCW GROUP INC
0001739439-25-000026	202084	0001739439				Rockefeller Capital Management L.P.
0001533421-25-000014	202091	0001533421	028-15416			Tower Research Capital LLC (TRC)
0001624489-25-000008	202150	0000938206	028-04207			DRIEHAUS CAPITAL MANAGEMENT LLC
0001624489-25-000008	202151	0001341401	028-11487			River Road Asset Management, LLC
0001624489-25-000008	202152	0001310051	028-11012			Pier Capital, LLC
0001624489-25-000008	202153	0001591546	028-15835			Pacific Ridge Capital Partners, LLC
0001624489-25-000008	202154	0001364615	028-11964			Aperio Group, LLC
0001178913-25-002942	202847	0001603837	028-16590			Ion Asset Management Ltd.
0000950123-25-008452	202817		028-21340	000290193	801-112570	Oaktree Fund Advisors, LLC
0000950123-25-008452	202816		028-05050	000106793	801-48923	Oaktree Capital Management, L.P.
0001533421-25-000015	202813	0001533421	028-15416			Tower Research Capital LLC (TRC)
0000769993-25-000548	202230	0000886982	028-04981			GOLDMAN SACHS GROUP INC
0001178913-25-002944	202195	0001603837	028-16590			Ion Asset Management Ltd.
0001624489-25-000008	202156	0001386060	028-12484			Boston Partners
0000950123-25-008456	202460		028-05810			UNITED SERVICES AUTOMOBILE ASSOCIATION
0001772938-25-000003	202459	0001772937	028-19460			Tolleson Wealth Management, Inc.
0000769993-25-000551	202444	0000886982	028-04981			GOLDMAN SACHS GROUP INC
0000950123-25-008448	203133		028-05810			UNITED SERVICES AUTOMOBILE ASSOCIATION
0001172661-25-003545	202205	0001600344	028-22181	000136591	801-64978	Lighthouse Investment Partners, LLC
0001084208-25-000017	202157	0000720005	028-24793		001-09109	RAYMOND JAMES FINANCIAL INC
0001739439-25-000023	201972	0001739439				Rockefeller Capital Management L.P.
0001502149-25-000026	202624		028-14018			Transamerica Financial Advisors, LLC
0001502149-25-000026	202625		028-13378			AEGON USA Investment Management LLC
0000850401-25-000020	203008	0000850401	028-02494			TCW GROUP INC
0000046195-25-000027	202832		028-00416			Bank of Hawaii
0001172661-25-003540	202000	0001600344	028-22181	000136591	801-64978	Lighthouse Investment Partners, LLC
0001084208-25-000016	202566	0000720005	028-24793		001-09109	RAYMOND JAMES FINANCIAL INC
0001273087-25-000030	202881	0001273087	028-10684			MILLENNIUM MANAGEMENT LLC
0001580642-25-005152	202072		028-13550			Mariner, LLC
0001013594-25-001047	202852		028-20282	000307151	801-119969	Elliott Investment Management L.P.
0001772937-25-000011	202252	0001772937	028-19460			Tolleson Wealth Management, Inc.
0001013594-25-001046	202885		028-20282	000307151	801-119969	Elliott Investment Management L.P.
0001140361-25-031305	202812	0001080818	028-04371			ENTRUST GLOBAL PARTNERS L L C
0001104659-25-078768	203063	0001265131	028-15359			Hilltop Holdings Inc.
0001104659-25-078767	202454	0001265131	028-15359			Hilltop Holdings Inc.
0001502149-25-000023	202122	0001633901	028-16706			Betterment LLC
0001104659-25-078764	202250	0001265131	028-15359			Hilltop Holdings Inc.
0000950123-25-008437	202146		028-21340	000290193	801-112570	Oaktree Fund Advisors, LLC
0000950123-25-008437	202145		028-05050	000106793	801-48923	Oaktree Capital Management, L.P.
0001012975-25-000462	202928	0001586986	028-16049	000166102	801-79375	Electron Capital Partners, LLC
0001104659-25-078756	202077	0001265131	028-15359			Hilltop Holdings Inc.
0001012975-25-000461	203113	0001512397	028-14346	000157483	801-73337	Knighthead Capital Management, LLC
0001104659-25-078753	202026	0001260786	028-16262			CONSOLIDATED PRESS INTERNATIONAL HOLDINGS LTD
0001104659-25-078751	202622	0001260786	028-16262			CONSOLIDATED PRESS INTERNATIONAL HOLDINGS LTD
0000947871-25-000774	202134	0002012090	028-23942			Unisphere Establishment
0001104659-25-078750	202229	0001260786	028-16262			CONSOLIDATED PRESS INTERNATIONAL HOLDINGS LTD
0001273087-25-000028	202538	0001745981	028-18889			WORLDQUANT MILLENNIUM ADVISORS LLC
0002027344-25-000008	202019	0001888968	028-22610			KIM, LLC
0001012975-25-000460	202492	0001512397	028-14346	000157483	801-73337	Knighthead Capital Management, LLC
0000950123-25-008435	203046		028-13114			Blackstone Inc
0000947871-25-000773	202484	0002012090	028-23942			Unisphere Establishment
0001112520-25-000021	201970	0001112520	028-06599			AKRE CAPITAL MANAGEMENT LLC
0001103882-25-000008	202837	0001856405	028-21820	000291738	801-112410	SONA ASSET MANAGEMENT (US) LLC
0001772937-25-000010	202949	0001772937	028-19460			Tolleson Wealth Management, Inc.
0001012975-25-000459	203011	0001319998	028-11745	000161754	801-74264	Southpoint Capital Advisors LP
0000947871-25-000772	201964	0002012090	028-23942			Unisphere Establishment
0001012975-25-000458	202217	0001586986	028-16049	000166102	801-79375	Electron Capital Partners, LLC
0001012975-25-000457	202849	0001512397	028-14346	000157483	801-73337	Knighthead Capital Management, LLC
0001172661-25-003522	202519	0002011872	028-24707	000318816		Advyzon Investment Management, LLC
0001172661-25-003522	202520	0001566653				Freedom Investment Management, Inc.
0001172661-25-003522	202524	0001802647	028-20154			Orion Portfolio Solutions
0001172661-25-003522	202522	0001008967				PEEPLES TOM
0001172661-25-003522	202523	0001593387				Geowealth Management, LLC
0001172661-25-003522	202521	0001113802				ADHESION WEALTH ADVISOR SOLUTIONS, INC.
0000947871-25-000770	202087	0002012090	028-23942			Unisphere Establishment
0001012975-25-000456	202337	0001319998	028-11745	000161754	801-74264	Southpoint Capital Advisors LP
0001012975-25-000455	202245	0001512397	028-14346	000157483	801-73337	Knighthead Capital Management, LLC
0001985479-25-000010	203145	0001543170	028-16511	000163427	801-80025	Spruce House Investment Management LLC
0001012975-25-000454	202842	0001586986	028-16049	000166102	801-79375	Electron Capital Partners, LLC
0001426821-25-000002	203095	0001273087	028-10684			MILLENNIUM MANAGEMENT LLC
0000905148-25-002965	203071	0001054587	028-06663	000107913	801-56729	Sculptor Capital LP
0000919574-25-004913	202292	0001056831	028-06994	000107987	801-54831	FAIRHOLME CAPITAL MANAGEMENT LLC
0001012975-25-000453	202819	0001319998	028-11745	000161754	801-74264	Southpoint Capital Advisors LP
0001140361-25-031287	202125	0001687163	028-17865			Yorktown XI Associates LLC
0001140361-25-031287	202126	0001667954	028-17860			Yorktown Energy Partners XI, L.P.
0001140361-25-031286	203068	0001698089	028-17928			Yorktown XI Co LP
0001140361-25-031286	203067	0001667954	028-17860			Yorktown Energy Partners XI, L.P.
0001140361-25-031285	202580	0001503466	028-17881			Yorktown Energy Partners IX, L.P.
0001140361-25-031285	202581	0001689134	028-17867			Yorktown IX Co LP
0001140361-25-031283	202925	0001688467	028-17862			Yorktown X Co LP
0001140361-25-031283	202924	0001577919	028-17861			Yorktown Energy Partners X, L.P.
0001140361-25-031282	202058	0001473116	028-17371			Yorktown Energy Partners VIII, L.P.
0001140361-25-031282	202059	0001473118	028-17372			Yorktown VIII Co LP
0001140361-25-031281	201922	0001526187	028-17866			Yorktown IX Associates LLC
0001140361-25-031281	201921	0001503466	028-17881			Yorktown Energy Partners IX, L.P.
0001140361-25-031279	202627	0001473117	028-17367			Yorktown VIII Associates LLC
0001140361-25-031279	202626	0001473116	028-17371			Yorktown Energy Partners VIII, L.P.
0001012975-25-000451	202366	0001319998	028-11745	000161754	801-74264	Southpoint Capital Advisors LP
0000921895-25-002306	202487	0001334429	028-15403	000115197	801-78141	BIGLARI CAPITAL CORP.
0001172661-25-003515	203031	0001055951	028-06774	000118608	801-61046	ORBIMED ADVISORS LLC
0000921895-25-002305	202349	0001334429	028-15403	000115197	801-78141	BIGLARI CAPITAL CORP.
0001999371-25-011374	203066	0001276144	028-10679			CLOUGH CAPITAL PARTNERS L P
0000950123-25-008426	202223		028-20837			ABG Innovation Capital Partners III GP Limited
0000950123-25-008426	202224		028-20834	000291072	801-121984	Ally Bridge Group (NY) LLC
0000919574-25-004912	202665	0001358253	028-11896	000138306	801-65608	TIG Advisors, LLC
0000905148-25-002958	202237	0002022949	028-24301			COMMON FUND FOR NONPROFIT ORGANIZATIONS
0001345471-25-000027	202343	0001345471	028-12039	000154172	801-71968	TRIAN FUND MANAGEMENT, L.P.
0000921895-25-002304	202950	0001334429	028-15403	000115197	801-78141	BIGLARI CAPITAL CORP.
0000919574-25-004910	203109	0001317588	028-11161	000137183	801-65657	ABRAMS BISON INVESTMENTS, LLC
0000919574-25-004909	203027	0001358253	028-11896	000138306	801-65608	TIG Advisors, LLC
0001172661-25-003512	202079	0001336528	028-11694	000132982	801-63688	Pershing Square Capital Management, L.P.
0001104659-25-078684	202382	0001259313	028-12990	000130074	801-63800	ARES MANAGEMENT LLC
0001172661-25-003511	202619	0001541901	028-15266	000160113	801-73723	Encompass Capital Advisors LLC
0001104659-25-078681	202351	0001259313	028-12990	000130074	801-63800	ARES MANAGEMENT LLC
0001172661-25-003510	202912	0001541901	028-15266	000160113	801-73723	Encompass Capital Advisors LLC
0001104659-25-078679	201954	0001259313	028-12990	000130074	801-63800	ARES MANAGEMENT LLC
0001756272-25-000009	202391					Enstar Group LTD
0001104659-25-078676	201987	0001259313	028-12990	000130074	801-63800	ARES MANAGEMENT LLC
0001207017-25-000065	203023	0001207017	028-10469			LAZARD ASSET MANAGEMENT LLC
0001172661-25-003508	202063	0001541901	028-15266	000160113	801-73723	Encompass Capital Advisors LLC
0001633870-25-000003	202814	0001103882	028-05431			Paloma Partners Management Co
0000905148-25-002953	203078	0001250731	028-17941			CHAI TRUST CO LLC
0001082045-25-000006	203045	0000003520	028-00869	000106750	801-6709	FRED ALGER MANAGEMENT, LLC
0000905148-25-002951	202567	0001250731	028-17941			CHAI TRUST CO LLC
0001363829-25-000154	202870					Cavello Bay Reinsurance LTD
0000950123-25-008413	202339					Deer Management Co. LLC
0000950123-25-008417	202123					Deer Management Co. LLC
0000950123-25-008415	202876					Deer Management Co. LLC
0000950123-25-008416	202304		028-06663	000107913	801-56729	Sculptor Capital LP
0000950123-25-008411	202443					Deer Management Co. LLC
0000950123-25-008412	202578					Deer Management Co. LLC
0000950123-25-008409	203154					Deer Management Co. LLC
0000950123-25-008410	201955					Deer Management Co. LLC
0000905148-25-002947	203022	0001856405	028-21820	000291738	801-112410	SONA ASSET MANAGEMENT (US) LLC
0000905148-25-002946	202216	0001512857	028-14379	000161292	802-74971	Brevan Howard Capital Management LP
0001172661-25-003505	202003	0001702490	028-18498			Deer Park Road Corp
0000905148-25-002944	202918	0001512857	028-14379	000161292	802-74971	Brevan Howard Capital Management LP
0000905148-25-002943	202592	0001512857	028-14379	000161292	802-74971	Brevan Howard Capital Management LP
0001345471-25-000026	202841	0001345471	028-12039	000154172	801-71968	TRIAN FUND MANAGEMENT, L.P.
0001172661-25-003502	202830	0001702490	028-18498			Deer Park Road Corp
0001104659-25-078653	202012	0001162870	028-14208			WARBURG PINCUS LLC
0000905148-25-002942	202140	0001512857	028-14379	000161292	802-74971	Brevan Howard Capital Management LP
0001999371-25-011364	201999		028-02616			Angelo Gordon & Co., L.P.
0000950123-25-008407	202010		028-02682			UBS AM, a distinct business unit of UBS Asset Management Americas LLC
0001172661-25-003499	202582	0001702490	028-18498			Deer Park Road Corp
0000905148-25-002939	202387	0002032200	028-24326			Orion Resource Partners LP
0001207017-25-000063	203058	0001692234	028-17598			Russell Investments Group, Ltd.
0000899140-25-000994	203131	0001127799	028-17038			Zurich Insurance Group Ltd/FI
0001085146-25-005295	202585	0001167456	028-10114	000114626	801-60678	AQR Arbitrage LLC
0001345471-25-000025	203120	0001345471	028-12039	000154172	801-71968	TRIAN FUND MANAGEMENT, L.P.
0001085146-25-005294	203106	0001167557	028-10120	000111883	801-55543	AQR CAPITAL MANAGEMENT LLC
0001085146-25-005294	203107	0001167456	028-10114	000114626	801-60678	AQR Arbitrage LLC
0001418812-25-000025	202618	0001351069				ValueAct Capital Management, L.P.
0001172661-25-003491	202210	0001728850		000158272	801-74052	LSP Investment Advisors, LLC
0001085146-25-005293	202534	0001637460	028-18778			Man Group plc
0001446114-25-000039	202775	0001446114	028-13214	000124674	801-61770	Ancora Advisors LLC
0001415889-25-021855	202149	0002065606		000163168	802-75466	Notable Capital Management, L.L.C.
0001012975-25-000449	202669	0001631543	028-17297	000157939	801-73682	Raine Capital LLC
0001172661-25-003489	202518	0001352924	028-15101	000161331	801-79576	Caledonia (Private) Investments Pty Ltd
0001085146-25-005292	202664	0001692234	028-17598			Russell Investments Group, Ltd.
0001085146-25-005292	202663	0001637460	028-18778			Man Group plc
0001446114-25-000038	203059	0001446114	028-13214	000124674	801-61770	Ancora Advisors LLC
0000902664-25-003670	202599	0002017863	028-24178	000330656		Point72 (DIFC) Ltd
0000902664-25-003670	202598	0002006887	028-23927	000329574		Point72 Italy, S.r.l.
0000902664-25-003670	202593	0001949771	028-23094	000323525		Point72 Middle East FZE
0000902664-25-003670	202594	0001603465	028-16258	000292081		Cubist Systematic Strategies, LLC
0000902664-25-003670	202595	0001599822	028-16027	000292047		Point72 Hong Kong Ltd
0000902664-25-003670	202596	0001698051	028-17887	000292074		Point72 Europe (London) LLP
0000902664-25-003670	202597	0001666791	028-17282	000292069		Point72 Asia (Singapore) Pte. Ltd.
0001085146-25-005291	202362	0001352261	028-11672	000138802	801-65571	GLG LLC
0001085146-25-005291	202361	0001637460	028-18778			Man Group plc
0000902664-25-003668	202568	0001622346	028-16701			SHANDA ASSET MANAGEMENT HOLDINGS Ltd
0001879202-25-000040	202916	0001649339	028-17276	000167772	801-113529	Scion Asset Management, LLC
0001539497-25-002156	202629	0000921669	028-04333			ICAHN CARL C
0000950123-25-008398	202344		028-2813114			Blackstone Inc
0001539497-25-002155	203049	0000921669	028-04333			ICAHN CARL C
0001085146-25-005290	203018	0001637460	028-18778			Man Group plc
0001085146-25-005290	203019	0001289643	028-10979	000163016	801-78835	GLG Partners LP
0001879202-25-000039	202541	0001649339	028-17276	000167772	801-113529	Scion Asset Management, LLC
0001539497-25-002154	203134	0000921669	028-04333			ICAHN CARL C
0000902664-25-003665	203153	0001622346	028-16701			SHANDA ASSET MANAGEMENT HOLDINGS Ltd
0001539497-25-002153	202536	0000921669	028-04333			ICAHN CARL C
0000921895-25-002300	203070	0001517137	028-14564	000156943	801-72256	Starboard Value LP
0001539497-25-002152	202854	0000921669	028-04333			ICAHN CARL C
0001085146-25-005289	202905	0001637460	028-18778			Man Group plc
0001539497-25-002151	202601	0000921669	028-04333			ICAHN CARL C
0001539497-25-002150	202821	0000921669	028-04333			ICAHN CARL C
0001539497-25-002149	202476	0000921669	028-04333			ICAHN CARL C
0001085146-25-005287	202080	0001692234	028-17598			Russell Investments Group, Ltd.
0001539497-25-002148	202135	0000921669	028-04333			ICAHN CARL C
0000921895-25-002299	203111	0001517137	028-14564	000156943	801-72256	Starboard Value LP
0001539497-25-002147	201995	0000921669	028-04333			ICAHN CARL C
0000921895-25-002298	202388	0001867040	028-21274			Gimbel Daniel Scott
0001140361-25-031241	203094	0002059583	028-25446			Affinity Partners GP LP
0000950123-25-008395	202022		028-2813114			Blackstone Inc
0001085146-25-005284	202438	0001478032	028-13630			Pharo Management, Inc.
0001082045-25-000005	202182	0000003520	028-00869	000106750	801-6709	FRED ALGER MANAGEMENT, LLC
0001214659-25-012271	202441	0001232621	028-14822			TANG CAPITAL MANAGEMENT LLC
0000950123-25-008392	202007		28-13114			Blackstone Inc
0000950123-25-008393	202621		028-2813114			Blackstone Inc
0000950123-25-008391	202485		028-2813114			Blackstone Inc
0000950123-25-008389	202334		028-2813114			Blackstone Inc
0000950123-25-008385	203043		028-14321	000158120	801-74175	Coliseum Capital Management, LLC
0000950123-25-008388	202142		028-13114			Blackstone Inc
0000950123-25-008383	202929		028-14321	000158120	801-74175	Coliseum Capital Management, LLC
0000950123-25-008387	201973		028-13114			Blackstone Inc
0000950123-25-008382	202110		028-00115	000105496	801-856	T. Rowe Price Associates, Inc.
0000950123-25-008382	202107		028-10981	000107738	801-37591	Goldman Sachs Asset Management, L.P.
0000950123-25-008382	202112		028-04139	000104859	801-15930	Eaton Vance Management 
0000950123-25-008382	202111		028-04490	000105007	801-21953	Vontobel Asset Management, Inc.
0000950123-25-008382	202108		028-13177	000110045	801-17352	MFS Investment Management
0000950123-25-008382	202109		028-11338	000111242	801-60103	SSgA Funds Management, Inc.
0000950123-25-008378	202440		28-4545			Berkshire Hathaway Inc
0000950123-25-008379	203050		28-4545			Berkshire Hathaway Inc
0000950123-25-008382	202102		028-01343	000104652	801-13991	Janus Henderson Investors
0000950123-25-008380	202839		028-19201			VK Services, LLC
0000950123-25-008377	202297		28-4545			Berkshire Hathaway Inc
0000950123-25-008382	202103		028-05267	000105390	801-32108	DIFA, Macquarie Investment Management
0000950123-25-008382	202104		028-10562	000108477	801-56720	AllianceBernstein L.P.
0000950123-25-008382	202106		028-02405	000106266	801-27721	Cohen & Steers Capital Management, Inc.
0000950123-25-008381	202009		028-19201			VK Services, LLC
0000950123-25-008382	202105		028-01091	000105778	801-8174	American Century Investment Management, Inc.
0000950123-25-008376	202236		28-4545			Berkshire Hathaway Inc
0000950123-25-008372	202197		28-4545			Berkshire Hathaway Inc
0000950123-25-008375	202383		28-4545			Berkshire Hathaway Inc
0000950123-25-008373	202190		28-4545			Berkshire Hathaway Inc
0000950123-25-008374	202358		28-4545			Berkshire Hathaway Inc
0000950123-25-008369	202189		28-4545			Berkshire Hathaway Inc
0000950123-25-008371	202141		28-4545			Berkshire Hathaway Inc
0000950123-25-008367	202482		28-4545			Berkshire Hathaway Inc
0000950123-25-008370	202355		28-4545			Berkshire Hathaway Inc
0000950123-25-008368	202490		28-4545			Berkshire Hathaway Inc
0001085146-25-005281	202086	0001478032	028-13630			Pharo Management, Inc.
0001172661-25-003475	202586	0001281446	028-11743	000158423	801-73834	GREAT POINT PARTNERS LLC
0000902664-25-003651	202302	0001029160	028-06420			SOROS FUND MANAGEMENT LLC
0001172661-25-003474	202095	0001281446	028-11743	000158423	801-73834	GREAT POINT PARTNERS LLC
0000921895-25-002297	202442	0001517137	028-14564	000156943	801-72256	Starboard Value LP
0000921895-25-002296	202031	0001867040	028-21274			Gimbel Daniel Scott
0001172661-25-003473	202238	0001569532	028-15327			VISTA EQUITY PARTNERS MANAGEMENT, LLC
0000919574-25-004899	202439	0001364412	028-13040	000161041	801-73989	H PARTNERS MANAGEMENT, LLC
0000921895-25-002294	202359	0001517137	028-14564	000156943	801-72256	Starboard Value LP
0001375836-25-000007	202607	0001353316	028-11815	000155551	801-72100	Hound Partners, LLC
0000929638-25-003045	203128	0001959730	028-23083			Fund 1 Investments, LLC
0001213900-25-076669	201992	0001566475	028-17754	000151559	801-70719	Cerity Partners LLC
0001213900-25-076669	201994	0001332905	028-11714	000134249	801-63939	Curi Capital, LLC
0001213900-25-076669	201993	0001566728	028-15439	000150764	801-70333	Capital Wealth Planning, LLC
0001213900-25-076669	201991	0001593324	028-17117	000159042	801-80466	Penserra Capital Management LLC
0001213900-25-076669	201990	0001600064	028-19397	000164201	801-76857	Tidal Investments LLC
0000921895-25-002292	202456	0001517137	028-14564	000156943	801-72256	Starboard Value LP
0001085146-25-005271	201961	0001527781	028-14533			Gallagher Fiduciary Advisors, LLC
0001172661-25-003470	202181	0001312908	028-11102	000137842	801-65550	Gates Capital Management, Inc.
0001085146-25-005269	203127	0001527781	028-14533			Gallagher Fiduciary Advisors, LLC
0001172661-25-003467	203096	0001469877	028-16918	000149653	801-69968	NEXPOINT ASSET MANAGEMENT, L.P.
0000919574-25-004895	202667	0001364412	028-13040	000161041	801-73989	H PARTNERS MANAGEMENT, LLC
0001456421-25-000012	202809		28-13438			Apollo Management Holdings, L.P.
0001140361-25-031227	202952	0001687161	028-17863			Yorktown X Associates LLC
0001140361-25-031227	202951	0001577919	028-17861			Yorktown Energy Partners X, L.P.
0001375836-25-000006	202556	0001353316	028-11815	000155551	801-72100	Hound Partners, LLC
0000950123-25-008359	202023		028-02682			UBS AM, a distinct business unit of UBS Asset Management Americas LLC
0000899140-25-000985	202831	0001305473	028-12516			Insight Holdings Group, LLC
0001418812-25-000024	202909	0001418814	028-13172			ValueAct Holdings, L.P.
0001172661-25-003462	202074	0001453072	028-13284	000155058	801-71962	Alyeska Investment Group, L.P.
0000899140-25-000984	202180	0001305473	028-12516			Insight Holdings Group, LLC
0000929638-25-003041	202933	0001959730	028-23083			Fund 1 Investments, LLC
0001641172-25-024012	202320	0001549230	028-16782	000163706	801-80018	BOOTHBAY FUND MANAGEMENT, LLC
0001641172-25-024012	202321	0002056052	028-25300	000177528	802-89175	Persistent Asset Partners Ltd
0000899140-25-000982	202299	0001305473	028-12516			Insight Holdings Group, LLC
0001214659-25-012257	202338	0001056581	028-06950			GENDELL JEFFREY L
0001214659-25-012258	202530	0001056581	028-06950			GENDELL JEFFREY L
0001214659-25-012255	202903	0001491514	028-19509			Tontine Associates, LLC
0001214659-25-012255	202902	0001536239	028-14690			Tontine Asset Management, LLC
0001214659-25-012255	202904	0001845441	028-20769			TONTINE CAPITAL ASSOCIATES, L.P.
0001214659-25-012259	202868	0001056581	028-06950			GENDELL JEFFREY L
0000950123-25-008352	202481		028-15811			HSG Holding Ltd
0000950123-25-008353	202458		028-15811			HSG Holding Ltd
0000950123-25-008351	202273		028-15811			HSG Holding Ltd
0000950123-25-008349	202272		028-15811			HSG Holding Ltd
0000950123-25-008350	202605		028-15811			HSG Holding Ltd
0000950123-25-008347	202528		028-15811			HSG Holding Ltd.
0000950123-25-008348	202603		028-15811			HSG Holding Ltd
0000919574-25-004892	202131	0001910874	028-21897	000311807	801-120071	Eschler Asset Management LLP
0000899140-25-000981	202930	0001305473	028-12516			Insight Holdings Group, LLC
0000921895-25-002284	202537	0001056807	028-06800			BVF INC/IL
0000902664-25-003621	203005	0002016939	028-24147			Evergreen Quality Fund GP, Ltd.
0001104659-25-078566	203000	0001423994	028-12856			Ridgeback Capital Investments L.P.
0001104659-25-078563	202276	0001423053	028-13183	000148826	801-70860	CITADEL ADVISORS LLC
0001104659-25-078562	202016	0001009207	028-05396			D. E. Shaw & Co., Inc.
0002052595-25-000057	202449	0001999606	028-23436			TD Waterhouse Canada Inc.
0002052595-25-000057	202452	0001475770	028-13626			Cowen Investment Management LLC
0002052595-25-000057	202451	0001305841	028-10968			Epoch Investment Partners, Inc.
0002052595-25-000057	202448	0001056053	028-05987			TD ASSET MANAGEMENT INC
0002052595-25-000057	202450	0001551017	028-24317			TD PRIVATE CLIENT WEALTH LLC
0001104659-25-078559	202353	0001009207	028-05396			D. E. Shaw & Co., Inc.
0000902664-25-003615	202159	0001762304	028-19395	000166112	802-128070	HHLR ADVISORS, LTD.
0001104659-25-078556	202363	0001423994	028-12856			Ridgeback Capital Investments L.P.
0001104659-25-078554	202608	0001009207	028-05396			D. E. Shaw & Co., Inc.
0001104659-25-078550	202064	0001009207	028-05396			D. E. Shaw & Co., Inc.
0001085146-25-005253	203065	0001633362	028-16562			Simcoe Capital Management, LLC
0001104659-25-078545	202569	0001009207	028-05396			D. E. Shaw & Co., Inc.
0000900440-25-000279	202606	0000928400	028-12336			ELKHORN PARTNERS LIMITED PARTNERSHIP
0000899140-25-000980	202332	0001305473	028-12516			Insight Holdings Group, LLC
0001085146-25-005239	202347	0001692234	028-17598			Russell Investments Group, Ltd.
0001085146-25-005239	202348	0000820027	028-00139			AMERIPRISE FINANCIAL INC
0001420506-25-002165	202239					Lighthouse Investment Partners, LLC
0001140361-25-031207	202341	0001697162	028-17913			Chescapmanager LLC
0001213900-25-076585	202514	0001009258	028-05366			DEERFIELD MANAGEMENT COMPANY, L.P.
0002052595-25-000056	201920	0000947263	028-11527			TORONTO DOMINION BANK
0000950123-25-008330	202555		028-16211			SC US (TTGP), LTD.
0000950123-25-008332	203098		028-16211			SC US (TTGP), LTD.
0000950123-25-008329	202137		028-16211			SC US (TTGP), LTD.
0001214659-25-012237	202070	0001620220	028-16688	000172249	801-80255	Engineers Gate Manager LP
0001214659-25-012204	202158	0001339161	028-11775	000156889	801-73740	Fine Capital Partners, L.P.
0001214659-25-012203	202437	0001339161	028-11775	000156889	801-73740	Fine Capital Partners, L.P.
0000950123-25-008324	202301		028-16211			SC US (TTGP), LTD.
0000950123-25-008328	202129		028-16211 			SC US (TTGP), LTD. 
0000950123-25-008325	202851		028-16211			SC US (TTGP), LTD.
0000950123-25-008326	202913		028-16211 			SC US (TTGP), LTD.
0000950123-25-008319	203003		28-22979			Bain Capital Life Sciences Fund III, L.P.
0000950123-25-008318	203051		28-18477			Bain Capital Life Sciences Investors, LLC
0000950123-25-008318	203052		28-22975			Bain Capital Life Sciences III General Partner, LLC
0000950123-25-008318	203053		28-22979			Bain Capital Life Sciences Fund III, L.P.
0000950123-25-008322	202207		028-16211			SC US (TTGP), LTD.
0000950123-25-008321	202184					Deer Management Co. LLC
0000950123-25-008317	202323		28-18476			Bain Capital Life Sciences Partners, LP
0000950123-25-008319	203002		28-22975			Bain Capital Life Sciences III General Partner, LLC
0000950123-25-008317	202322		28-18477			Bain Capital Life Sciences Investors, LLC
0000950123-25-008323	202840		028-16211			SC US (TTGP), LTD.
0000950123-25-008319	203001		28-18477			Bain Capital Life Sciences Investors, LLC
0000950123-25-008318	203054		28-25138			BCLS Fund III Investments GP, LLC
0000950123-25-008314	202836		28-22979			Bain Capital Life Sciences Fund III, L.P.
0000950123-25-008314	202835		28-22975			Bain Capital Life Sciences III General Partner, LLC
0000950123-25-008314	202834		28-18477			Bain Capital Life Sciences Investors, LLC
0000950123-25-008315	202475		28-22975			Bain Capital Life Sciences III General Partner, LLC
0000950123-25-008315	202474		28-18477			Bain Capital Life Sciences Investors, LLC
0000950123-25-008316	202327		28-18477			Bain Capital Life Sciences Investors, LLC
0000950123-25-008313	202779		28-22968			Bain Capital Life Sciences Opportunities III GP, LLC
0000950123-25-008313	202778		28-22979			Bain Capital Life Sciences Fund III, L.P.
0000950123-25-008313	202777		28-22975			Bain Capital Life Sciences III General Partner, LLC
0000950123-25-008313	202776		28-18477			Bain Capital Life Sciences Investors, LLC
0000950123-25-008311	202923		28-20816			Bain Capital Life Sciences Investors II, LLC
0000950123-25-008309	202176		28-22976			BCLS II Investco (GP), LLC
0000950123-25-008310	202219		28-18477			Bain Capital Life Sciences Investors, LLC
0000950123-25-008310	202220		28-20816			Bain Capital Life Sciences Investors II, LLC
0000950123-25-008310	202221		28-20814			Bain Capital Life Sciences Fund II, L.P.
0000950123-25-008311	202922		28-18477			Bain Capital Life Sciences Investors, LLC
0000950123-25-008309	202173		28-18477			Bain Capital Life Sciences Investors, LLC
0000950123-25-008309	202174		28-20816			Bain Capital Life Sciences Investors II, LLC
0000950123-25-008309	202175		28-20814			Bain Capital Life Sciences Fund II, L.P.
0000950123-25-008307	202303		28-18477			Bain Capital Life Sciences Investors, LLC
0000950123-25-008303	201918		028-17559			Flagship Pioneering Inc.
0000950123-25-008305	202215		28-18477			Bain Capital Life Sciences Investors, LLC
0000950123-25-008301	201960		028-17559			Flagship Pioneering Inc.
0000950123-25-008302	203047		028-17559			Flagship Pioneering Inc.
0000899140-25-000979	202071	0001305473	028-12516			Insight Holdings Group, LLC
0002052595-25-000055	202772	0000947263	028-11527			TORONTO DOMINION BANK
0002052595-25-000054	203074	0000947263	028-11527			TORONTO DOMINION BANK
0000899140-25-000978	202246	0001305473	028-12516			Insight Holdings Group, LLC
0002052595-25-000053	202233	0000947263	028-11527			TORONTO DOMINION BANK
0000929638-25-003034	202139		028-22122			Cantor Fitzgerald, L.P.
0002052595-25-000052	202899	0000947263	028-11527			TORONTO DOMINION BANK
0000899140-25-000977	202910	0001305473	028-12516			Insight Holdings Group, LLC
0000929638-25-003033	202328		028-22122			Cantor Fitzgerald, L.P.
0000950123-25-008300	201938		028-03059		801-28257	JACOBS LEVY EQUITY MANAGEMENT, INC.
0000950123-25-008300	201939		028-21789		801-69964	INSIGHT NORTH AMERICA
0000950123-25-008300	201940		028-11166		801-29688	CALAMOS ADVISORS LLC
0000950123-25-008300	201941		028-19400		801-77698	RWC ASSET ADVISORS (US) LLC
0000950123-25-008300	201942		028-10469		801-61701	LAZARD ASSET MANAGEMENT LLC
0000950123-25-008300	201943		028-15430		801-77018	ARGA INVESTMENT MANAGEMENT LP
0000950123-25-008300	201944		028-16899		801-15908	WELLINGTON MANAGEMENT CO.
0000950123-25-008300	201945		028-04968		801-27864	MASSACHUSETTS FINANCIAL SERVICES CO.
0000950123-25-008300	201946		028-13578		801-70101	ARTISAN PARTNERS LIMITED PARTNERSHIP
0000950123-25-008300	201947		028-17876		801-107734	GQG PARTNERS LLC
0000950123-25-008300	201948		028-03687		801-15180	POLEN CAPITAL MANAGEMENT LLC
0000950123-25-008300	201949		028-00408		801-60256	BROWN BROTHERS HARRIMAN & CO.
0000950123-25-008300	201950		028-16049		801-79375	ELECTRON CAPITAL PARTNERS
0000950123-25-008300	201951		028-10068		801-60512	HOTCHKIS & WILEY CAPITAL MANAGEMENT
0000950123-25-008300	201952		028-06354		801-46878	VICTORY CAPITAL MANAGEMENT
0000950123-25-008300	201953		028-20335		801-72206	FULCRUM ASSET MANAGEMENT LLP
0000950123-25-008300	201925				801-131405	AVIVA INVESTORS CANADA, INC.
0000950123-25-008300	201926		028-11937		801-21011	J.P. MORGAN INVESTMENT MANAGEMENT, INC.
0000950123-25-008300	201927		028-05792		801-24241	KAYNE ANDERSON RUDNICK INVESTMENT MANAGEMENT, LLC
0000950123-25-008300	201937		028-17689		801-77815	KETTLE HILL CAPITAL MANAGEMENT, LLC
0000950123-25-008300	201936		028-17022		801-688	WILLIAM BLAIR & COMPANY L.L.C.
0000950123-25-008300	201935		028-01911		801-7571	ROBERT W. BAIRD & CO. INCORPORATED (CHAUTAUQUA CAPITAL MANAGEMENT, LLC)
0000950123-25-008300	201934		028-05655		801-57432	RIVERBRIDGE PARTNERS, LLC
0000950123-25-008300	201933		028-10952		801-48187	PACIFIC INVESTMENT MANAGEMENT COMPANY LLC
0000950123-25-008300	201932		028-12690		801-80724	PCJ INVESTMENT COUNSEL LTD
0000950123-25-008300	201931		028-13982		801-38965	NOMURA CORPORATE RESEARCH AND ASSET MANAGEMENT INC.
0000950123-25-008300	201930		028-17085		801-61751	NEUBERGER BERMAN INVESTMENT ADVISERS LLC
0000950123-25-008300	201929		028-11450		801-37702	MONDRIAN INVESTMENT PARTNERS LIMITED
0000950123-25-008300	201928		028-10229		801-60934	LOS ANGELES CAPITAL MANAGEMENT AND EQUITY RESEARCH, INC.
0000929638-25-003032	202589		028-22122			Cantor Fitzgerald, L.P.
0000929638-25-003031	203124		028-21401	000106301	801-50835	Smith Group Asset Management, LLC
0000929638-25-003031	203123		028-18098	000159296	801-72852	Cantor Fitzgerald Investment Advisors L.P.
0000899140-25-000975	202525	0001305473	028-12516			Insight Holdings Group, LLC
0001907684-25-000006	203030	0001771179	028-21942	000304053		Sagefield Capital LP
0002052595-25-000051	202869	0000947263	028-11527			TORONTO DOMINION BANK
0002052595-25-000050	202565	0000947263	028-11527			TORONTO DOMINION BANK
0002052595-25-000049	202544	0000947263	028-11527			TORONTO DOMINION BANK
0002028828-25-000013	202169	0001568280	028-16010			BW Gestao de Investimentos Ltda.
0000899140-25-000973	203129	0001305473	028-12516			Insight Holdings Group, LLC
0000899140-25-000972	202127	0001305473	028-12516			Insight Holdings Group, LLC
0002011849-25-000005	202196	0001743404		000175083	800-500112	FOUNDATIONS INVESTMENT ADVISORS, LLC
0001580642-25-005137	202688			000111010	801-60130	CONTINUITY WEALTH MANAGEMENT, CORP.
0001580642-25-005137	202689			000283318		Crafted Finance, LLC
0001580642-25-005137	202690			000151156		Crescent Wealth Advisory, LLC
0001580642-25-005137	202712			000168494	801-107338	Hobart Private Capital, LLC
0001580642-25-005137	202713			000319087	801-123434	Hoxton Planning & Management, LLC
0001580642-25-005137	202714			000172011	801-80074	HUB International Limited
0001580642-25-005137	202715			000171481	801-79769	IHT Wealth Management LLC
0001580642-25-005137	202716			000300279	801-114673	Inspire Advisors, LLC
0001580642-25-005137	202717			000284656	801-108179	INTEGRATED WEALTH CONCEPTS LLC
0001580642-25-005137	202718			000299589	801-114418	Intelligence Driven Advisers, LLC
0001580642-25-005137	202719			000110433	801-12359	James Investment Research Inc
0001580642-25-005137	202720			000127902	801-62249	Keel Point, LLC
0001580642-25-005137	202721			000128606	801-78914	Korhorn Financial Group
0001580642-25-005137	202722			000140599	801-71543	Larson Financial Group, LLC
0001580642-25-005137	202723			000168539	801-78438	LeConte Wealth Management, LLC
0001580642-25-005137	202724			000283553	801-107930	Legacy Financial Strategies, LLC
0001580642-25-005137	202725			000157450	801-116746	Lifestyle Asset Management, Inc.
0001580642-25-005137	202726			000319171	801-123638	Lumiere Financial Group LLC
0001580642-25-005137	202727			000115753	801-63693	Madrona Financial Services, LLC
0001580642-25-005137	202728			000292817	801-120452	Maia Wealth, LLC
0001580642-25-005137	202729			000118544	801-60820	Main Street Financial Life Advisors, LLC
0001580642-25-005137	202730			000002903	801-123009	Martin Nelson & Co., Inc.
0001580642-25-005137	202731			000147363	801-69271	Mercer Global Advisors, Inc.
0001580642-25-005137	202732			000110216	801-13452	Meridian Investment Advisors
0001580642-25-005137	202733			000147070		Merit Financial Group, LLC
0001580642-25-005137	202734			000324624	801-127231	Modern Wealth Management, LLC
0001580642-25-005137	202735			000288429	801-110752	Momentus Wealth Management, Inc.
0001580642-25-005137	202736			000113348	801-63874	Natural Investments PBLLC
0001580642-25-005137	202737			000296798	801-113314	New World Advisors, LLC
0001580642-25-005137	202738			000171351	801-79876	NewEdge Advisors, LLC
0001580642-25-005137	202739			000325403		Noorvest
0001580642-25-005137	202740			000169574	801-78933	Nova R Wealth, Inc
0001580642-25-005137	202741			000112505	801-79439	Oldfather Financial Services
0001580642-25-005137	202742			000310906	801-119677	One + One Wealth Management, LLC
0001580642-25-005137	202743			000301764	801-115232	Optivise Advisory Services LLC
0001580642-25-005137	202744			000310327	801-119646	Pallas Capital Advisors, LLC
0001580642-25-005137	202745			000324199	801-127465	Panorama Wealth Advisors
0001580642-25-005137	202746			000151671	801-70707	Per Stirling Capital Management, LLC
0001580642-25-005137	202747			000325119	801-127980	PFW Advisors LLC
0001580642-25-005137	202748			000331675	801-130873	PlanWiser Financial
0001580642-25-005137	202749			000330058	801-132915	Ponta Wealth Partners
0001580642-25-005137	202750			000160052	801-76490	Prentice Wealth Management
0001580642-25-005137	202751			000155216	801-72060	Private Advisor Group, LLC
0001580642-25-005137	202752			000156480	801-72187	Prosperity Capital Advisors
0001580642-25-005137	202753			000158401	801-79153	RFG Advisory, LLC
0001580642-25-005137	202754			000107271	801-43144	Savant Wealth Management
0001580642-25-005137	202670			000222515	801-116983	Aegis Wealth Group, LLC
0001580642-25-005137	202671			000135879	801-64514	Allen Capital Group, LLC
0001580642-25-005137	202672			000157423	801-72361	Alphastar Capital Management, LLC
0001580642-25-005137	202673			000145488	801-69827	Arete Wealth Advisors, LLC
0001580642-25-005137	202674			000140643	801-112759	Artifex Financial Group, LLC
0001580642-25-005137	202675			000172793	801-117954	Austin Wealth Management, LLC
0001580642-25-005137	202676			000164081	801-76763	Axxcess Wealth Management, LLC
0001580642-25-005137	202677			000152977	801-122717	Bauer Wealth Management, LLC
0001580642-25-005137	202678			000299805	801-114547	Bison Wealth, LLC
0001580642-25-005137	202679			000291459	801-112524	BlackDiamond Wealth Management, LLC
0001580642-25-005137	202680			000318366	801-123232	Bleakley Financial Group, LLC
0001580642-25-005137	202681			000107202	801-118602	Blue Barn Wealth, LLC
0001580642-25-005137	202682			000316544	801-122508	Brookwood Investment Group
0001580642-25-005137	202683			000285359	801-108434	Bryn Mawr Capital Management, LLC
0001580642-25-005137	202684			000106577	801-45064	CFS Investment Advisory Services LLC
0001580642-25-005137	202685			000284839	801-113243	Colonial River Investments, LLC
0001580642-25-005137	202686			000008032	801-41541	Commonwealth Financial Network
0001580642-25-005137	202687			000305013	801-117202	Connecticut Capital Management Group, LLC
0001580642-25-005137	202769			000304569	801-117013	Thrivent Advisor Network, LLC
0001580642-25-005137	202755			000318493	801-123656	Savvy Wealth, Inc
0001580642-25-005137	202756			000308909	801-124693	Seeds Investor LLC
0001580642-25-005137	202757			000109901	801-55783	Sentinal Pension Advisors, Inc.
0001580642-25-005137	202758			000301086	801-127017	SIGNAL ADVISORS WEALTH, LLC
0001580642-25-005137	202759			000046947	801-71178	Silver Oak Securities Incorporated
0001580642-25-005137	202760			000319437	801-13165	Split Creek Capital, LLC
0001580642-25-005137	202761			000139410	801-106971	STONE HOUSE INVESTMENT MANAGEMENT, LLC
0001580642-25-005137	202762			000109677	801-33774	Strategic Financial Services, Inc.
0001580642-25-005137	202763			000165839	801-108752	Strategic Income Group LLC
0001580642-25-005137	202764			000314424	801-121182	The Ascent Group, LLC
0001580642-25-005137	202765			000123255	801-77097	The Fragasso Group Inc
0001580642-25-005137	202766			000169006	801-79164	The Martin Worley Group
0001580642-25-005137	202767			000105902	801-40745	THOR Investment Management, Inc
0001580642-25-005137	202768			000168777	801-108388	Thrive Wealth Management, LLC
0001580642-25-005137	202691			000155576	801-107896	DFPG Investments, LLC
0001580642-25-005137	202692			000329878	801-129521	Diversify Wealth Management, LLC
0001580642-25-005137	202693			000318241		Divvi Wealth Management LLC
0001580642-25-005137	202694			000311298	801-119910	Dovetail Financial Group LLC
0001580642-25-005137	202695			000108052	801-57727	Earned Wealth
0001580642-25-005137	202696			000307265	801-118109	Echo45 Advisors LLC
0001580642-25-005137	202697			000137068	801-65068	Elevation Point Wealth Partners - Institutional
0001580642-25-005137	202698			000285961	801-108767	Facet Wealth, Inc.
0001580642-25-005137	202699			000330890		Ferris Financial Services, L.L.C.
0001580642-25-005137	202700			000111822	801-77600	FLC Capital Advisors
0001580642-25-005137	202701			000307618	801-120349	Fortress Wealth Planning, LLC
0001580642-25-005137	202702			000137945	801-66892	Founders Financial Securities, LLC
0001580642-25-005137	202703			000306703	801-127881	Fourth Dimension Wealth, LLC
0001580642-25-005137	202704			000159099	801-79524	Fulcrum Equity Management, LLC
0001580642-25-005137	202705			000283850	801-107873	Fundamentum, LLC (Stratos)
0001580642-25-005137	202706			000155344	801-72037	CWM, LLC
0001580642-25-005137	202707			000329404	801-129402	Gatepass Capital, LLC
0001580642-25-005137	202708			000324954	801-132141	Generational Private Wealth
0001580642-25-005137	202709			000175300	801-114835	Global Strategic Investment Solutions, LLC
0001580642-25-005137	202710			000321145		Green Ocean Global Advisors LLC
0001580642-25-005137	202711			000143665	801-77333	HBW Advisory Services, LLC
0001535929-25-000084	202385		028-16913	000002882	801-46585	Voya Financial Advisors, Inc
0001535929-25-000084	202384		028-07292	000108934	801-55232	Voya Investment Management LLC
0001356954-25-000006	202827	0001080374	028-04485	000159227	801-72799	JAG CAPITAL MANAGEMENT, LLC
0001356954-25-000006	202825	0001163744	028-10029	000111750	801-60133	Conestoga Capital Advisors, LLC
0001356954-25-000006	202826	0001839498	028-20533	000126248	801-112041	DCM Advisors, LLC
0001356954-25-000006	202828	0001365324	028-11946	000131684	801-63276	Numeric Investors LLC
0001599214-25-000005	203044	0001583977	028-15949	000167820	801-79513	Cormorant Asset Management, LP
0000899140-25-000970	202198	0001305473	028-12516			Insight Holdings Group, LLC
0000899140-25-000969	202060	0001305473	028-12516			Insight Holdings Group, LLC
0000899140-25-000968	202065	0001305473	028-12516			Insight Holdings Group, LLC
0000070858-25-000318	203151	0000070858	028-00158		001-06523	BANK OF AMERICA CORP /DE/
0000899140-25-000967	202509	0001305473	028-12516			Insight Holdings Group, LLC
0001496201-25-000012	202479	0001496201	028-15863	000312614	802-120694	SPHERA FUNDS MANAGEMENT LTD.
0001496201-25-000011	202794	0001496201	028-15863	000312614	802-120694	SPHERA FUNDS MANAGEMENT LTD.
0000070858-25-000317	202600	0000070858	028-00158		001-06523	BANK OF AMERICA CORP /DE/
0000070858-25-000316	202244	0000070858	028-00158		001-06523	BANK OF AMERICA CORP /DE/
0001445065-25-000008	202092	0001451623	028-19533			BENJAMIN EDWARDS INC
0001104659-25-078503	202234	0001674546	028-17462			Bellevue Group AG
0001455468-25-000003	202926		028-02462			Dean Investment Associates, LLC
0001580642-25-005136	202914	0001373442	028-13550			Mariner, LLC
0001104659-25-078498	203110	0001674546	028-17462			Bellevue Group AG
0000070858-25-000315	203010	0000070858	028-00158		001-06523	BANK OF AMERICA CORP /DE/
0001104659-25-078495	202820	0001674546	028-17462			Bellevue Group AG
0000070858-25-000314	203112	0000070858	028-00158		001-06523	BANK OF AMERICA CORP /DE/
0000070858-25-000313	202995	0000070858	028-00158		001-06523	BANK OF AMERICA CORP /DE/
0002022297-25-000010	201966	0001563660	028-21533			Desjardins Global Asset Management Inc.
0002022297-25-000010	201965	0002022297	028-24160			Federation des caisses Desjardins du Quebec
0000070858-25-000312	202493	0000070858	028-00158		001-06523	BANK OF AMERICA CORP /DE/
0000921895-25-002279	202228	0001058811	028-25299			IMMERSION CORP
0001592412-25-000002	202300	0000720672				STIFEL FINANCIAL CORP
0000921895-25-002278	202386	0001058811	028-25299			IMMERSION CORP
0000948905-25-000004	202389	0000720672	028-04621			STIFEL FINANCIAL CORP
0000070858-25-000311	202014	0000070858	028-00158		001-06523	BANK OF AMERICA CORP /DE/
0001725950-25-000006	202878	0000720672	028-04621			STIFEL FINANCIAL CORP
0001592412-25-000001	202483	0000720672				STIFEL FINANCIAL CORP
0001445065-25-000006	202515	0001451623	028-19533			BENJAMIN EDWARDS INC
0000315066-25-002229	202907	0000318989	028-00939			FIL Ltd
0000315066-25-002228	202562	0000318989	028-00939			FIL Ltd
0001528621-25-000842	202045	0001740837	028-19044	000283260	801-113312	AltraVue Capital, LLC
0001528621-25-000842	202046	0001713521	028-18105	000148828	801-96252	Bridge City Capital, LLC
0001528621-25-000842	202047	0000874791	028-02903	000107003	801-8825	CAMPBELL NEWMAN ASSET MANAGEMENT INC
0001528621-25-000842	202048	0001002152	028-05098	000107823	801-32238	COMPASS CAPITAL MANAGEMENT, INC
0001528621-25-000842	202049	0001455468	028-13367	000145666	801-68942	Dean Capital Management
0001528621-25-000842	202050	0000201772	028-00878	000109962	801-55496	ESSEX INVESTMENT MANAGEMENT CO LLC
0001528621-25-000842	202057	0001716984	028-18598	000286688	801-110032	Slow Capital, Inc.
0001528621-25-000842	202052	0001911372	028-22239	000305152	801-117225	Meros Investment Management, LP
0001528621-25-000842	202053	0001389574	028-12426	000140159	801-66532	Nicholas Investment Partners, LP
0001528621-25-000842	202054	0001230765	028-10467	000125410	801-61905	RICE HALL JAMES & ASSOCIATES, LLC
0001528621-25-000842	202055	0001882572	028-21541	000283540	801-117635	Riverwater Partners LLC
0001528621-25-000842	202056	0001134283	028-10043	000108954	801-57995	SEIZERT CAPITAL PARTNERS, LLC
0001528621-25-000842	202051	0001424467	028-12654	000130023	801-62639	Lisanti Capital Growth, LLC
0000905148-25-002921	202575	0001911838	028-22744			Post Oak Energy Holdings, LLC
0000315066-25-002227	202908	0000318989	028-00939			FIL Ltd
0000905148-25-002919	202996	0001496637	028-13977			Norinchukin Bank, The
0000905148-25-002918	203064	0001496637	028-13977			Norinchukin Bank, The
0000315066-25-002226	202006	0000318989	028-00939			FIL Ltd
0000905148-25-002914	202559	0001705339	028-18036			MIRAE ASSET GLOBAL ETFS HOLDINGS Ltd.
0000948905-25-000003	202335	0000720672	028-04621			STIFEL FINANCIAL CORP
0000905148-25-002913	202188	0001705339	028-18036			MIRAE ASSET GLOBAL ETFS HOLDINGS Ltd.
0001041062-25-000170	202576	0001484836	028-13856	000157359	801-73876	Centerbridge Partners, L.P.
0000905148-25-002912	203117	0001705339	028-18036			MIRAE ASSET GLOBAL ETFS HOLDINGS Ltd.
0000905148-25-002911	202477	0001705339	028-18036			MIRAE ASSET GLOBAL ETFS HOLDINGS Ltd.
0000905148-25-002910	202808	0001705339	028-18036			MIRAE ASSET GLOBAL ETFS HOLDINGS Ltd.
0001580642-25-005130	202872		028-13550			Mariner, LLC
0001041062-25-000169	202543	0001484836	028-13856	000157359	801-73876	Centerbridge Partners, L.P.
0000905148-25-002907	202293	0001694217	028-17954			DZ BANK AG Deutsche Zentral Genossenschafts Bank, Frankfurt am Main
0000905148-25-002906	202241	0001694217	028-17954			DZ BANK AG Deutsche Zentral Genossenschafts Bank, Frankfurt am Main
0000905148-25-002905	202906	0001694217	028-17954			DZ BANK AG Deutsche Zentral Genossenschafts Bank, Frankfurt am Main
0000905148-25-002904	202997	0001694217	028-17954			DZ BANK AG Deutsche Zentral Genossenschafts Bank, Frankfurt am Main
0000905148-25-002903	202445	0001694217	028-17954			DZ BANK AG Deutsche Zentral Genossenschafts Bank, Frankfurt am Main
0001582681-25-000006	202655	0001086619				SCHRODER INVESTMENT MANAGEMENT GROUP
0001582681-25-000006	202658	0000080255				PRICE T ROWE ASSOCIATES INC /MD/
0001582681-25-000006	202659	0001483503				TB Alternative Assets Ltd.
0001582681-25-000006	202660	0000033670				VOYA INVESTMENT MANAGEMENT CO
0001582681-25-000006	202661	0001061186				WCM INVESTMENT MANAGEMENT, LLC
0001582681-25-000006	202662	0001644956				WILLIAM BLAIR INVESTMENT MANAGEMENT, LLC
0001582681-25-000006	202630	0000916542				ACADIAN ASSET MANAGEMENT LLC
0001582681-25-000006	202631	0000748054				AMERICAN CENTURY COMPANIES INC
0001582681-25-000006	202632	0001046187				AEW CAPITAL MANAGEMENT L P
0001582681-25-000006	202633	0001075869				Allspring Global Investments, LLC
0001582681-25-000006	202634	0001167557				AQR CAPITAL MANAGEMENT LLC
0001582681-25-000006	202635	0001164508				ARROWSTREET CAPITAL, LIMITED PARTNERSHIP
0001582681-25-000006	202636	0001106832				CASTLEARK MANAGEMENT LLC
0001582681-25-000006	202637	0001719387				CDAM (UK) Ltd
0001582681-25-000006	202656	0000932024				SKBA CAPITAL MANAGEMENT LLC
0001582681-25-000006	202657	0000093751				STATE STREET CORP
0001582681-25-000006	202654	0001179454				RBC Global Asset Management (U.S.)
0001582681-25-000006	202638	0000354204				DIMENSIONAL FUND ADVISORS LP
0001582681-25-000006	202639	0001214639				DSM CAPITAL PARTNERS LLC
0001582681-25-000006	202640	0000790502				EAGLE ASSET MANAGEMENT INC
0001582681-25-000006	202641	0001006364				Hardman Johnston Global Advisors LLC
0001582681-25-000006	202642	0000053417				JENNISON ASSOCIATES LLC
0001582681-25-000006	202643	0001363391				J.P. Morgan Investment Management Inc.
0001582681-25-000006	202644	0001207017				LAZARD ASSET MANAGEMENT LLC
0001582681-25-000006	202645	0001426092				Longview Partners (Guernsey) LTD
0001582681-25-000006	202646	0001050470				LSV ASSET MANAGEMENT
0001582681-25-000006	202647	0001542302				LYRICAL ASSET MANAGEMENT LP
0001582681-25-000006	202648	0001418333				MACQUARIE GROUP LTD
0001582681-25-000006	202649	0000915287				MCKINLEY CAPITAL MANAGEMENT LLC
0001582681-25-000006	202650	0000874779				MELLON INVESTMENTS Corp
0001582681-25-000006	202651	0001317724				Mondrian Investment Partners LTD
0001582681-25-000006	202652	0001027796				PZENA INVESTMENT MANAGEMENT LLC
0001582681-25-000006	202653	0001528214				Richard Bernstein Advisors LLC
0000905148-25-002902	202829	0001694217	028-17954			DZ BANK AG Deutsche Zentral Genossenschafts Bank, Frankfurt am Main
0000905148-25-002901	202163	0001694217	028-17954			DZ BANK AG Deutsche Zentral Genossenschafts Bank, Frankfurt am Main
0001725950-25-000005	202811	0000720672	028-04621			STIFEL FINANCIAL CORP
0001041062-25-000168	203009	0001484836	028-13856	000157359	801-73876	Centerbridge Partners, L.P.
0000905148-25-002900	202508	0001694217	028-17954			DZ BANK AG Deutsche Zentral Genossenschafts Bank, Frankfurt am Main
0001795785-25-000005	202178	0001795785	028-20148	000171671	802-80717	Kirkoswald Capital Partners LLP
0001795785-25-000005	202177	0001795594	028-20147	000298735	801-114632	Kirkoswald Asset Management LLC
0001639668-25-000003	202932	0001125816	028-06487	000107027	801-39950	FIRST TRUST ADVISORS LP
0001041062-25-000167	201923	0001484836	028-13856	000157359	801-73876	Centerbridge Partners, L.P.
0001140361-25-031159	202871	0001080117	028-04321			Heitman Real Estate Securities LLC
0001041062-25-000166	202018	0001484836	028-13856	000157359	801-73876	Centerbridge Partners, L.P.
0000950123-25-008274	202843		028-18787			Galileo (PTC) Ltd
0000315066-25-002225	202602	0000318989	028-00939			FIL Ltd
0001085146-25-005209	202136	0001390113	028-12492			Taconic Capital Advisors LP
0001795785-25-000004	202248	0001795594	028-20147	000298735	801-114632	Kirkoswald Asset Management LLC
0001795785-25-000004	202249	0001962150	028-24155	000322811	802-127021	Kirkoswald Global Management Services Ltd.
0001041062-25-000165	202199	0001484836	028-13856	000157359	801-73876	Centerbridge Partners, L.P.
0000950123-25-008273	202579		028-18610			Orland Properties Ltd
0001140361-25-031156	202227	0001080117			028-04321	Heitman Real Estate Securities LLC
0000950123-25-008269	202356		028-18787			Galileo (PTC) Ltd
0000950123-25-008268	201916		028-18610			Orland Properties Ltd
0000315066-25-002224	202563	0000318989	028-00939			FIL Ltd
0000950123-25-008267	202025		028-21024			MWG Management Ltd.
0001041062-25-000164	202931	0001484836	028-13856	000157359	801-73876	Centerbridge Partners, L.P.
0001362556-25-000009	202274		028-05151			First Commonwealth Financial Corp /PA/
0000950123-25-008263	202147		028-18787			Galileo (PTC) Ltd
0000315066-25-002223	202354	0000318989	028-00939			FIL Ltd
0001420506-25-002145	202365		028-21010			SilverArc Capital Management
0001085146-25-005203	202818	0002077903	028-25694			Cherokee Insurance Co
0000950123-25-008261	202254		028-18787			Galileo (PTC) Ltd
0000950123-25-008260	203121		028-18787			Galileo (PTC) Ltd
0001085146-25-005201	202844	0001597920	028-15749			Axel Blair
0001085146-25-005201	202845	0001059543	028-15750			SALZHAUER MICHAEL
0001085146-25-005199	202489	0001059543	028-15750			SALZHAUER MICHAEL
0001085146-25-005199	202488	0001389964	028-15748			Salzhauer Henry
0000315066-25-002222	202540	0000318989	028-00939			FIL Ltd
0001426196-25-000003	202083	0001426196	028-13005	000155563	801-73004	CAPSTONE INVESTMENT ADVISORS, LLC
0000919574-25-004873	202206	0001742998	028-18846			FNY Investment Advisers, LLC
0001172661-25-003428	202166	0001848433	028-21108	000156549	801-72171	Coppell Advisory Solutions LLC
0001172661-25-003428	202167	0001551727	028-14993	000149621	801-71500	MACROVIEW INVESTMENT MANAGEMENT LLC
0001172661-25-003428	202168	0001843358	028-20742	000298195	801-118093	Mach-1 Financial Group, LLC
0000315066-25-002221	203017	0000318989	028-00939			FIL Ltd
0002055506-25-000007	201919	0001691919	028-20577	000171484	802-80046	Symmetry Investments LP
0000921895-25-002276	202561	0001559771	028-16004	000161251	801-77057	Engaged Capital LLC
0001172661-25-003424	203140	0001710537	028-21626	000286340	801-119192	EverSource Wealth Advisors, LLC
0001172661-25-003424	203141	0001353312	028-11746	000330605	801-129954	TREMBLANT CAPITAL GROUP
0001172661-25-003424	203142	0001165002	028-15581			WESTWOOD HOLDINGS GROUP INC
0001172661-25-003424	203139	0001648711	028-16981			Baird Financial Group, Inc.
0001172661-25-003424	203138	0001895911	028-21764	000315804	801-122468	Paralel Advisors LLC
0001172661-25-003424	203137	0000728083	028-01260	000325281	801-12411	FIRST MANHATTAN CO. LLC.
0001172661-25-003424	203143	0001911637	028-25147	000301879	801-126307	Sovereign's Capital Management, LLC
0001172661-25-003424	203144	0001056825	028-06988	000105675	801-36323	PRAXIS INVESTMENT MANAGEMENT INC
0000921895-25-002275	202604	0001559771	028-16004	000161251	801-77057	Engaged Capital LLC
0001398344-25-015547	202097		028-16000	000168496	801-78977	Select Equity
0001398344-25-015547	202100		028-10120	000111883	801-55543	AQR Capital Management
0001398344-25-015547	202096		028-04558	000114310	801-60485	Parametric
0001398344-25-015547	202101		028-04766	000106244	801-46796	Monarch Capital Management
0001398344-25-015547	202098		028-10031	000107660	801-50387	Woodley Farra Manion
0001398344-25-015547	202099		028-02634	000109876	801-60014	Aristotle Capital Management
0000905148-25-002899	203007	0001163653	028-10594			NOMURA HOLDINGS INC
0000905148-25-002898	203014	0001163653	028-10594			NOMURA HOLDINGS INC
0000919574-25-004866	203118	0001963918		000323259		Pilgrim Global Advisors LLC
0000315066-25-002220	203069	0000315066	028-00451			FMR LLC
0000905148-25-002895	202628	0001993962	028-25222			Anchor @ 65 Pte. Ltd.
0000905148-25-002894	202773	0001993962	028-25222			Anchor @ 65 Pte. Ltd.
0000950123-25-008248	202194		028-02682			UBS AM, a distinct business unit of UBS Asset Management Americas LLC
0000315066-25-002219	202024	0000315066	028-00451			FMR LLC
0000950142-25-002187	203147	0001670185	028-19403	000282125	801-107234	HPS Investment Partners, LLC
0001280965-25-000005	202066	0001520478	028-14481			RWC Asset Management LLP
0000950142-25-002186	202486	0001670185	028-19403	000282125	801-107234	HPS Investment Partners, LLC
0000315066-25-002218	202225	0000315066	028-00451			FMR LLC
0000919574-25-004862	203076	0001421097	028-12823	000158296	801-74035	SAMLYN CAPITAL, LLC
0000919574-25-004859	202213	0001421097	028-12823	000158296	801-74035	SAMLYN CAPITAL, LLC
0000950123-25-008244	202542		028-14342			Mill Road Capital Management LLC
0000315066-25-002217	202330	0000315066	028-00451			FMR LLC
0000919574-25-004858	203152	0001421097	028-12823	000158296	801-74035	SAMLYN CAPITAL, LLC
0002056280-25-000004	203020	0001744347	028-19675	000286622	801-114538	Vident Advisory, LLC
0000919574-25-004855	202574	0001421097	028-12823	000158296	801-74035	SAMLYN CAPITAL, LLC
0000315066-25-002216	202564	0000315066	028-00451			FMR LLC
0000919574-25-004854	201956	0001421097	028-12823	000158296	801-74035	SAMLYN CAPITAL, LLC
0001879635-25-000004	202560	1996109				SALT Holding Corp.
0000315066-25-002215	202880	0000315066	028-00451			FMR LLC
0001765923-25-000005	202570	0001996244	028-23822			SIH Partners, LLLP
0000919574-25-004852	202191	0001421097	028-12823	000158296	801-74035	SAMLYN CAPITAL, LLC
0001463931-25-000008	202017		28-12880	000144533	801-69634	Kohlberg Kravis Roberts & Co. L.P.
0001463931-25-000007	202770		28-12880	000144533	801-69634	Kohlberg Kravis Roberts & Co. L.P.
0001765924-25-000004	202253	0001996244	028-23822			SIH Partners, LLLP
0002011591-25-000004	202532	0001996244	028-23822			SIH Partners, LLLP
0000315066-25-002214	202623	0000315066	028-00451			FMR LLC
0001512538-25-000009	202251	0001500605	028-14174			NEW VERNON INVESTMENT MANAGEMENT LLC
0001954109-25-000009	202457	0001592828	028-17729	000171412	801-79835	Empowered Funds, LLC
0002009262-25-000004	202587	0001879628	028-22415			Susquehanna Capital Management, LLC
0001879009-25-000004	202187	0001879628	028-22415			Susquehanna Capital Management, LLC
0001104659-25-078420	202170	0001707921	028-18131			ECP ControlCo, LLC
0001906827-25-000004	203115	0001879628	028-22415			Susquehanna Capital Management, LLC
0001633312-25-000009	202172	0001616416				BARDIN HILL MANAGEMENT PARTNERS LP
0001324943-25-000003	201997		028-04621			Stifel Financial Corp.
0000315066-25-002213	202901	0000315066	028-00451			FMR LLC
0000072971-25-000220	203093	0000072971	028-00165			WELLS FARGO & COMPANY/MN
0001104659-25-078414	202838	0001707921	028-18131			ECP ControlCo, LLC
0000315066-25-002212	202326	0000315066	028-00451			FMR LLC
0001104659-25-078408	202668	0001707921	028-18131			ECP ControlCo, LLC
0001650373-25-000005	202882	0001457320	028-19670			EXCHANGE TRADED CONCEPTS, LLC
0002069324-25-000005	203126	0001578621	028-16119	000159639		LMR Partners LLP
0001691932-25-000003	202368	0001691919	028-20577	000171484	802-80046	Symmetry Investments LP
0001859606-25-000021	202917		028-21213			Optiver Holding B.V.
0001104659-25-078404	203119	0001707921	028-18131			ECP ControlCo, LLC
0000315066-25-002211	202874	0000315066	028-00451			FMR LLC
0002069324-25-000004	202455	0001578621	028-16119	000159639		LMR Partners LLP
0000072971-25-000219	202346	0000072971	028-00165			WELLS FARGO & COMPANY/MN
0002056605-25-000007	203032	0001691919	028-20577	000171484	802-80046	Symmetry Investments LP
0001827377-25-000010	202185	0001666335	028-19229	000281215	801-126230	Rokos Capital Management LLP
0002069324-25-000003	202061	0001578621	028-16119	000159639		LMR Partners LLP
0001104659-25-078398	202082	0001707921	028-18131			ECP ControlCo, LLC
0001859606-25-000020	202021		028-21213			Optiver Holding B.V.
0000919574-25-004847	201967	0001135730	028-06391	000157910	801-73669	COATUE MANAGEMENT LLC
0002069324-25-000002	202846	0001578621	028-16119	000159639		LMR Partners LLP
0000920655-25-000004	202547	0000932859	028-04558			PARAMETRIC PORTFOLIO ASSOCIATES LLC
0000920655-25-000004	202548	0001179157	028-06467			CIBC Private Wealth Advisors, Inc.
0000920655-25-000004	202549	0001121330	028-05837			LOGAN CAPITAL MANAGEMENT INC
0000920655-25-000004	202550	0001036325	028-04121			DAVIS SELECTED ADVISERS
0000920655-25-000004	202551	0001427514	028-13023			Dana Investment Advisors, Inc.
0000920655-25-000004	202552	0001780570	028-19978			Ethic Inc.
0000920655-25-000004	202553	0001767306	028-20247			Vanguard Personalized Indexing Management, LLC
0000920655-25-000004	202546	0001508822	028-14059			ACR Alpine Capital Research, LLC
0000315066-25-002210	202853	0000315066	028-00451			FMR LLC
0001104659-25-078397	202325	0001707921	028-18131			ECP ControlCo, LLC
0000919574-25-004846	202128	0001135730	028-06391	000157910	801-73669	COATUE MANAGEMENT LLC
0000072971-25-000218	202848	0000072971	028-00165			WELLS FARGO & COMPANY/MN
0001315863-25-000627	202211		028-14917			SummitTX Capital, L.P.
0000919574-25-004845	202774	0001135730	028-06391	000157910	801-73669	COATUE MANAGEMENT LLC
0000921895-25-002273	202319	0001939480	028-22629			GCM Grosvenor Holdings, LLC
0001691917-25-000007	203042	0001691919	028-20577	000017148	802-80046	Symmetry Investments LP
0000919574-25-004844	202200	0001135730	028-06391	000157910	801-73669	COATUE MANAGEMENT LLC
0000921895-25-002272	202331	0001939480	028-22629			GCM Grosvenor Holdings, LLC
0000950123-25-008234	202270		028-20244			EnCap Energy Capital Fund X, L.P.
0000950123-25-008234	202271		028-21320			EnCap Energy Capital Fund XI, L.P.
0000950123-25-008234	202268		028-17796			EnCap Energy Capital Fund VIII, L.P.
0000950123-25-008234	202269		028-17797			EnCap Energy Capital Fund IX, L.P.
0000919574-25-004841	202999	0001135730	028-06391	000157910	801-73669	COATUE MANAGEMENT LLC
0000072971-25-000217	203122	0000072971	028-00165			WELLS FARGO & COMPANY/MN
0000919574-25-004840	202231	0001135730	028-06391	000157910	801-73669	COATUE MANAGEMENT LLC
0000919574-25-004837	202539	0001135730	028-06391	000157910	801-73669	COATUE MANAGEMENT LLC
0001731593-25-000006	202591	0001086416	028-04329			SCOGGIN MANAGEMENT LP
0001167376-25-000012	202090	0001469589	028-13619			Q Global Advisors, LLC
0000895345-25-000262	201957		028-22361			Wealthsimple Inc.
0000895345-25-000262	201958		028-22607			Grayhawk Investment Strategies Inc.
0000919574-25-004835	202920	0001135730	028-06391	000157910	801-73669	COATUE MANAGEMENT LLC
0000072971-25-000216	202875	0000072971	028-00165			WELLS FARGO & COMPANY/MN
0002069324-25-000001	202085	0001578621	028-16119	000159639		LMR Partners LLP
0000919574-25-004834	203028	0001135730	028-06391	000157910	801-73669	COATUE MANAGEMENT LLC
0001389932-25-000009	202222	0001389933	028-12327	000129053	801-62559	DAFNA Capital Management LLC
0001214659-25-012141	202535	0001697723	028-17779	000282580	801-107319	AE Wealth Management LLC
0001167376-25-000010	203132	0001469589	028-13619			Q Global Advisors, LLC
0000872786-25-000031	202298	0001166588	028-10038			BNP PARIBAS FINANCIAL MARKETS
0000080255-25-000547	202005	0001164688	028-12211			OAK HILL ADVISORS LP
0000080255-25-000547	202004	0001897612	028-22690			T. Rowe Price Investment Management, Inc.
0000950123-25-008224	201988			000334726		Longaeva Partners L.P.
0001167376-25-000009	202148	0001469589	028-13619			Q Global Advisors, LLC
0000919574-25-004832	202810	0001832568	028-21965	000316867	801-122819	RPD Fund Management LLC
0001839852-25-000005	203024	0001446194	028-13216			SUSQUEHANNA INTERNATIONAL GROUP, LLP
0001136305-25-000013	202161	0001446194	028-13216			SUSQUEHANNA INTERNATIONAL GROUP, LLP
0000072971-25-000215	202247	0000072971	028-00165			WELLS FARGO & COMPANY/MN
0000919574-25-004831	203025	0001135730	028-06391	000157910	801-73669	COATUE MANAGEMENT LLC
0001446580-25-000075	202533	0001446194	028-13216			SUSQUEHANNA INTERNATIONAL GROUP, LLP
0000918950-25-000005	203060	0001446194	028-13216			SUSQUEHANNA INTERNATIONAL GROUP, LLP
0000919574-25-004827	202919	0001135730	028-06391	000157910	801-73669	COATUE MANAGEMENT LLC
0001398344-25-015506	202179	0002024532	028-24498			Erste Asset Management GmbH
0001649553-25-000149	203108	0001081698	028-13218			HEIGHTS CAPITAL MANAGEMENT, INC
0000872786-25-000030	202529	0000872786	028-04059			BNP PARIBAS
0001728195-25-000004	202780	0001444949	028-13217			SUSQUEHANNA ADVISORS GROUP, INC.
0001628277-25-000004	203015	0001444949	028-13217			SUSQUEHANNA ADVISORS GROUP, INC.
0001085146-25-005165	202324	0001663865	028-17459			Orbis Allan Gray Ltd
0001011712-25-000019	202491	0001444949	028-13217			SUSQUEHANNA ADVISORS GROUP, INC.
0001085146-25-005163	202507	0001663865	028-17459			Orbis Allan Gray Ltd
0002033735-25-000005	202921	0002033266	028-25049	000315963	801-122500	Optimize Financial Inc
0000872786-25-000029	202336	0000872786	028-04059			BNP PARIBAS
0001172661-25-003397	202823	0001276525	028-10830	000119786	801-61049	DIKER MANAGEMENT LLC
0000872786-25-000028	201968	0000872786	028-04059			BNP PARIBAS
0000919574-25-004817	202094	0001737348	028-19847	000287719	801-112820	NUCLEO CAPITAL LTDA.
0000950123-25-008216	202617		028-17868			ValueInvest Asset Management S.A.
0000950123-25-008216	202615					Macquarie Investment Management (Europe) Limited
0000950123-25-008216	202614		028-14981			Macquarie Investment Management Austria Kapitalanlage AG
0000950123-25-008216	202613		028-06487			First Trust Advisors L.P.
0000950123-25-008216	202612		028-05267			Macquarie Investment Management Business Trust
0000950123-25-008216	202611		028-13126			Macquarie Investment Management Global Limited
0000950123-25-008216	202610					Macquarie Investment Management Advisers
0000950123-25-008216	202609		028-13122			Macquarie Bank Limited
0000950123-25-008216	202616					Macquarie Investment Management Australia Limited
0000919086-25-000004	202294		028-16224			Chartwell investment partners llc
0000919086-25-000004	202295		028-11073			Polaris capital management llc
0000919086-25-000004	202296		028-00878			Essex investment management co LLc
0001085146-25-005146	202367	0001663865	028-17459			Orbis Allan Gray Ltd
0000902664-25-003599	202446	0001515070	028-15287	000156040	801-74150	TFG Asset Management GP Ltd
0000902664-25-003598	203056	0001515070	028-15287	000156040	801-74150	TFG Asset Management GP Ltd
0000902664-25-003597	202911	0001515070	028-15287	000156040	801-74150	TFG Asset Management GP Ltd
0001085146-25-005141	203092	0001007524	028-04483	000105421	801-18395	OSTERWEIS CAPITAL MANAGEMENT INC
0001172661-25-003373	202240	0000723204	028-03941			Laird Norton Wetherby Trust Company, LLC
0001172661-25-003372	202873	0000018349	028-04762			SYNOVUS FINANCIAL CORP
0001481045-25-000008	202203	0001481045	028-14426			Daiwa Securities Group Inc.
0000950123-25-008196	203038		028-13126			Macquarie Investment Management Global Limited 
0000950123-25-008196	203039		028-06487			First Trust Advisors L.P.
0000950123-25-008196	203040					Macquarie Investment Management (Europe) Limited
0000950123-25-008196	203041		028-17868			ValueInvest Asset Management S.A.
0000950123-25-008196	203033					Macquarie Investment Management Australia Limited
0000950123-25-008196	203034		028-14981			Macquarie Investment Management Austria Kapitalanlage AG
0000950123-25-008196	203036		028-13122			Macquarie Bank Limited
0000950123-25-008196	203035		028-05267			Macquarie Investment Management Business Trust
0000950123-25-008196	203037					Macquarie Investment Management Advisers
0001172661-25-003370	202113	0000018349	028-04762			SYNOVUS FINANCIAL CORP
0000950123-25-008192	202934		028-00139			Ameriprise Financial, Inc
0000950123-25-008192	202935		028-10477	000108257	801-25943	Columbia Management Investment Advisers, LLC
0000950123-25-008192	202936		028-00140			Ameriprise Certificate Co
0000950123-25-008192	202937		028-00143			RiverSource Life Insurance Co
0000950123-25-008192	202938		028-10460			RiverSource Life Insurance Co of New York
0000950123-25-008192	202939		028-10644			Threadneedle Asset Management Holdings LTD
0000950123-25-008192	202946		028-12261			Columbia Threadneedle (EM) Investments Ltd
0000950123-25-008192	202941		028-03639	000111168	801-41391	Columbia Wanger Asset Management, LLC.
0000950123-25-008192	202942		028-18942			Ameriprise Bank, FSB
0000950123-25-008192	202943		028-17429	000105646	801-34270	Pyrford International Ltd
0000950123-25-008192	202944		028-10846			Columbia Threadneedle Management Ltd
0000950123-25-008192	202945		028-10849			Thames River Capital LLP
0000950123-25-008192	202940		028-14918	000006363	801-28543	Ameriprise Financial Services, LLC
0000950123-25-008188	202369		028-00139			Ameriprise Financial, Inc
0000950123-25-008188	202370		028-10477	000108257	801-25943	Columbia Management Investment Advisers, LLC
0000950123-25-008188	202371		028-10458			Ameriprise Trust Co
0000950123-25-008188	202372		028-00140			Ameriprise Certificate Co
0000950123-25-008188	202373		028-00143			RiverSource Life Insurance Co
0000950123-25-008188	202374		028-10460			RiverSource Life Insurance Co of New York
0000950123-25-008188	202381		028-12261			Columbia Threadneedle (EM) Investments Ltd
0000950123-25-008188	202376		028-14918	000006363	801-28543	Ameriprise Financial Services, LLC
0000950123-25-008188	202377		028-03639	000111168	801-41391	Columbia Wanger Asset Management, LLC.
0000950123-25-008188	202378		028-17429	000105646	801-34270	Pyrford International Ltd
0000950123-25-008188	202379		028-10846			Columbia Threadneedle Management Ltd
0000950123-25-008188	202380		028-10849			Thames River Capital LLP
0000950123-25-008188	202375		028-10644			Threadneedle Asset Management Holdings LTD
0000919574-25-004813	202162	0001687444	028-18700	000168309	802-78380	Kite Lake Capital Management (UK) LLP
0000950123-25-008187	201986		028-12261			Columbia Threadneedle (EM) Investments Ltd
0000950123-25-008187	201985		028-10849			Thames River Capital LLP
0000950123-25-008187	201984		028-10846			Columbia Threadneedle Management Ltd
0000950123-25-008187	201983		028-17429	000105646	801-34270	Pyrford International Ltd
0000950123-25-008187	201974		028-00139			Ameriprise Financial, Inc
0000950123-25-008187	201975		028-10477	000108257	801-25943	Columbia Management Investment Advisers, LLC
0000950123-25-008187	201982		028-18942			Ameriprise Bank, FSB
0000950123-25-008187	201977		028-00140			Ameriprise Certificate Co
0000950123-25-008187	201978		028-00143			RiverSource Life Insurance Co
0000950123-25-008187	201979		028-10460			RiverSource Life Insurance Co of New York
0000950123-25-008187	201980		028-10644			Threadneedle Asset Management Holdings LTD
0000950123-25-008187	201981		028-03639	000111168	801-41391	Columbia Wanger Asset Management, LLC.
0000950123-25-008187	201976		028-10458			Ameriprise Trust Co
0000950123-25-008186	202807		028-12261			Columbia Threadneedle (EM) Investments Ltd
0000950123-25-008186	202806		028-10849			Thames River Capital LLP
0000950123-25-008186	202803		028-18942			Ameriprise Bank, FSB
0000950123-25-008186	202804		028-17429	000105646	801-34270	Pyrford International Ltd
0000950123-25-008186	202805		028-10846			Columbia Threadneedle Management Ltd
0000950123-25-008186	202802		028-03639	000111168	801-41391	Columbia Wanger Asset Management, LLC.
0000950123-25-008186	202801		028-14918	000006363	801-28543	Ameriprise Financial Services, LLC
0000950123-25-008186	202800		028-10644			Threadneedle Asset Management Holdings LTD
0000950123-25-008186	202799		028-10460			RiverSource Life Insurance Co of New York
0000950123-25-008186	202798		028-00143			RiverSource Life Insurance Co
0000950123-25-008186	202797		028-00140			Ameriprise Certificate Co
0000950123-25-008186	202796		028-10458			Ameriprise Trust Co
0000950123-25-008186	202795		028-00139			Ameriprise Financial, Inc
0000950123-25-008185	202864		028-17429	000105646	801-34270	Pyrford International Ltd
0000950123-25-008185	202865		028-10846			Columbia Threadneedle Management Ltd
0000950123-25-008185	202866		028-10849			Thames River Capital LLP
0000950123-25-008185	202867		028-12261			Columbia Threadneedle (EM) Investments Ltd
0000950123-25-008185	202863		028-18942			Ameriprise Bank, FSB
0000950123-25-008185	202862		028-03639	000111168	801-41391	Columbia Wanger Asset Management, LLC.
0000950123-25-008185	202855		028-00139			Ameriprise Financial, Inc
0000950123-25-008185	202860		028-10644			Threadneedle Asset Management Holdings LTD
0000950123-25-008185	202859		028-10460			RiverSource Life Insurance Co of New York
0000950123-25-008185	202858		028-00143			RiverSource Life Insurance Co
0000950123-25-008185	202857		028-10458			Ameriprise Trust Co
0000950123-25-008185	202856		028-10477	000108257	801-25943	Columbia Management Investment Advisers, LLC
0000950123-25-008185	202861		028-14918	000006363	801-28543	Ameriprise Financial Services, LLC
0000950123-25-008183	202284		028-10460			RiverSource Life Insurance Co of New York
0000950123-25-008183	202285		028-10644			Threadneedle Asset Management Holdings LTD
0000950123-25-008183	202286		028-14918	000006363	801-28543	Ameriprise Financial Services, LLC
0000950123-25-008183	202287		028-03639	000111168	801-41391	Columbia Wanger Asset Management, LLC.
0000950123-25-008183	202288		028-18942			Ameriprise Bank, FSB
0000950123-25-008183	202289		028-17429	000105646	801-34270	Pyrford International Ltd
0000950123-25-008183	202290		028-10846			Columbia Threadneedle Management Ltd
0000950123-25-008183	202291		028-10849			Thames River Capital LLP
0000950123-25-008183	202279		028-00139			Ameriprise Financial, Inc
0000950123-25-008183	202280		028-10477	000108257	801-25943	Columbia Management Investment Advisers, LLC
0000950123-25-008183	202281		028-10458			Ameriprise Trust Co
0000950123-25-008183	202282		028-00140			Ameriprise Certificate Co
0000950123-25-008183	202283		028-00143			RiverSource Life Insurance Co
0000950123-25-008180	202494		028-00139			Ameriprise Financial, Inc
0000950123-25-008180	202495		028-10477	000108257	801-25943	Columbia Management Investment Advisers, LLC
0000950123-25-008180	202506		028-12261			Columbia Threadneedle (EM) Investments Ltd
0000950123-25-008180	202505		028-10849			Thames River Capital LLP
0000950123-25-008180	202504		028-17429	000105646	801-34270	Pyrford International Ltd
0000950123-25-008180	202503		028-18942			Ameriprise Bank, FSB
0000950123-25-008180	202502		028-03639	000111168	801-41391	Columbia Wanger Asset Management, LLC.
0000950123-25-008180	202501		028-14918	000006363	801-28543	Ameriprise Financial Services, LLC
0000950123-25-008180	202500		028-10644			Threadneedle Asset Management Holdings LTD
0000950123-25-008180	202499		028-10460			RiverSource Life Insurance Co of New York
0000950123-25-008180	202498		028-00143			RiverSource Life Insurance Co
0000950123-25-008180	202497		028-00140			Ameriprise Certificate Co
0000950123-25-008180	202496		028-10458			Ameriprise Trust Co
0000950123-25-008178	202781		028-00139			Ameriprise Financial, Inc
0000950123-25-008178	202792		028-10849			Thames River Capital LLP
0000950123-25-008178	202791		028-10846			Columbia Threadneedle Management Ltd
0000950123-25-008178	202790		028-18942			Ameriprise Bank, FSB
0000950123-25-008178	202789		028-03639	000111168	801-41391	Columbia Wanger Asset Management, LLC.
0000950123-25-008178	202788		028-14918	000006363	801-28543	Ameriprise Financial Services, LLC
0000950123-25-008178	202793		028-12261			Columbia Threadneedle (EM) Investments Ltd
0000950123-25-008178	202786		028-10460			RiverSource Life Insurance Co of New York
0000950123-25-008178	202785		028-00143			RiverSource Life Insurance Co
0000950123-25-008178	202784		028-00140			Ameriprise Certificate Co
0000950123-25-008178	202783		028-10458			Ameriprise Trust Co
0000950123-25-008178	202782		028-10477	000108257	801-25943	Columbia Management Investment Advisers, LLC
0000950123-25-008178	202787		028-10644			Threadneedle Asset Management Holdings LTD
0001085146-25-005135	202879	0001457320	028-19670	000151197	801-70485	EXCHANGE TRADED CONCEPTS, LLC
0000950123-25-008176	202887		028-10477	000108257	801-25943	Columbia Management Investment Advisers, LLC
0000950123-25-008176	202888		028-10458			Ameriprise Trust Co
0000950123-25-008176	202889		028-00140			Ameriprise Certificate Co
0000950123-25-008176	202890		028-00143			RiverSource Life Insurance Co
0000950123-25-008176	202898		028-12261			Columbia Threadneedle (EM) Investments Ltd
0000950123-25-008176	202892		028-10644			Threadneedle Asset Management Holdings LTD
0000950123-25-008176	202893		028-14918	000006363	801-28543	Ameriprise Financial Services, LLC
0000950123-25-008176	202894		028-18942			Ameriprise Bank, FSB
0000950123-25-008176	202895		028-17429	000105646	801-34270	Pyrford International Ltd
0000950123-25-008176	202896		028-10846			Columbia Threadneedle Management Ltd
0000950123-25-008176	202897		028-10849			Thames River Capital LLP
0000950123-25-008176	202886		028-00139			Ameriprise Financial, Inc
0000950123-25-008176	202891		028-10460			RiverSource Life Insurance Co of New York
0000950123-25-008173	202467		028-14918	000006363	801-28543	Ameriprise Financial Services, LLC
0000950123-25-008173	202466		028-10644			Threadneedle Asset Management Holdings LTD
0000950123-25-008173	202469		028-18942			Ameriprise Bank, FSB
0000950123-25-008173	202470		028-17429	000105646	801-34270	Pyrford International Ltd
0000950123-25-008173	202471		028-10849			Thames River Capital LLP
0000950123-25-008173	202472		028-12261	000160460	801-74649	Columbia Threadneedle (EM) Investments Ltd
0000950123-25-008173	202473		028-10846			Columbia Threadneedle Management Ltd
0000950123-25-008173	202468		028-03639	000111168	801-41391	Columbia Wanger Asset Management, LLC.
0000950123-25-008173	202465		028-10460			RiverSource Life Insurance Co of New York
0000950123-25-008173	202464		028-00143			RiverSource Life Insurance Co
0000950123-25-008173	202463		028-00140			Ameriprise Certificate Co
0000950123-25-008173	202462		028-10458			Ameriprise Trust Co
0000950123-25-008173	202461		028-10477	000108257	801-25943	Columbia Management Investment Advisers, LLC
0000950123-25-008172	202038		028-10644			Threadneedle Asset Management Holdings LTD
0000950123-25-008172	202039		028-14918	000006363	801-28543	Ameriprise Financial Services, LLC
0000950123-25-008172	202040		028-03639	000111168	801-41391	Columbia Wanger Asset Management, LLC.
0000950123-25-008172	202041		028-18942			Ameriprise Bank, FSB
0000950123-25-008172	202042		028-17429	000105646	801-34270	Pyrford International Ltd
0000950123-25-008172	202043		028-10846			Columbia Threadneedle Management Ltd
0000950123-25-008172	202032		028-00139			Ameriprise Financial, Inc
0000950123-25-008172	202037		028-10460			RiverSource Life Insurance Co of New York
0000950123-25-008172	202036		028-00143			RiverSource Life Insurance Co
0000950123-25-008172	202035		028-00140			Ameriprise Certificate Co
0000950123-25-008172	202034		028-10458			Ameriprise Trust Co
0000950123-25-008172	202033		028-10477	000108257	801-25943	Columbia Management Investment Advisers, LLC
0000950123-25-008172	202044		028-12261			Columbia Threadneedle (EM) Investments Ltd
0000950123-25-008171	203079		028-00139			Ameriprise Financial, Inc
0000950123-25-008171	203080		028-10477	000108257	801-25943	Columbia Management Investment Advisers, LLC
0000950123-25-008171	203081		028-10458			Ameriprise Trust Co
0000950123-25-008171	203082		028-00140			Ameriprise Certificate Co
0000950123-25-008171	203083		028-10460			RiverSource Life Insurance Co of New York
0000950123-25-008171	203084		028-10644			Threadneedle Asset Management Holdings LTD
0000950123-25-008171	203091		028-12261			Columbia Threadneedle (EM) Investments Ltd
0000950123-25-008171	203086		028-03639	000111168	801-41391	Columbia Wanger Asset Management, LLC.
0000950123-25-008171	203087		028-18942			Ameriprise Bank, FSB
0000950123-25-008171	203088		028-17429	000105646	801-34270	Pyrford International Ltd
0000950123-25-008171	203089		028-10846			Columbia Threadneedle Management Ltd
0000950123-25-008171	203090		028-10849			Thames River Capital LLP
0000950123-25-008171	203085		028-14918	000006363	801-28543	Ameriprise Financial Services, LLC
0000950123-25-008168	202306		028-00139			Ameriprise Financial, Inc
0000950123-25-008168	202307		028-10477	000108257	801-25943	Columbia Management Investment Advisers, LLC
0000950123-25-008168	202308		028-10458			Ameriprise Trust Co
0000950123-25-008168	202309		028-00140			Ameriprise Certificate Co
0000950123-25-008168	202311		028-10460			RiverSource Life Insurance Co of New York
0000950123-25-008168	202310		028-00143			RiverSource Life Insurance Co
0000950123-25-008168	202318		028-12261			Columbia Threadneedle (EM) Investments Ltd
0000950123-25-008168	202312		028-14918	000006363	801-28543	Ameriprise Financial Services, LLC
0000950123-25-008168	202313		028-03639	000111168	801-41391	Columbia Wanger Asset Management, LLC.
0000950123-25-008168	202314		028-18942			Ameriprise Bank, FSB
0000950123-25-008168	202315		028-17429	000105646	801-34270	Pyrford International Ltd
0000950123-25-008168	202316		028-10846			Columbia Threadneedle Management Ltd
0000950123-25-008168	202317		028-10849			Thames River Capital LLP
0001085146-25-005131	202927	0000350894	028-16454			SEI INVESTMENTS CO
0001172661-25-003352	202069	0001489933	028-14000	000157081	801-72946	DME Capital Management, LP
0001172661-25-003350	202011	0001489933	028-14000	000157081	801-72946	DME Capital Management, LP
0000950123-25-008162	202260		028-10644			Threadneedle Asset Management Holdings LTD
0000950123-25-008162	202266		028-10849			Thames River Capital LLP
0000950123-25-008162	202255		028-00139			Ameriprise Financial, Inc
0000950123-25-008162	202256		028-10477	000108257	801-25943	Columbia Management Investment Advisers, LLC
0000950123-25-008162	202257		028-10458			Ameriprise Trust Co
0000950123-25-008162	202258		028-00140			Ameriprise Certificate Co
0000950123-25-008162	202259		028-00143			RiverSource Life Insurance Co
0000950123-25-008162	202267		028-12261			Columbia Threadneedle (EM) Investments Ltd
0000950123-25-008162	202261		028-14918	000006363	801-28543	Ameriprise Financial Services, LLC
0000950123-25-008162	202262		028-03639	000111168	801-41391	Columbia Wanger Asset Management, LLC.
0000950123-25-008162	202263		028-18942			Ameriprise Bank, FSB
0000950123-25-008162	202264		028-17429	000105646	801-34270	Pyrford International Ltd
0000950123-25-008162	202265		028-10846			Columbia Threadneedle Management Ltd
0001104659-25-078315	202081	0001886840				Peak XV Partners Operations LLC
0000023997-25-000013	203116		028-00346			CNA Financial Corporation
0001104659-25-078309	202340	0001886840				Peak XV Partners Operations LLC
0001178913-25-002925	202214	0002081196				First International Bank of Israel Ltd.
0001085146-25-005122	202013	0001767580	028-20349	000287792	801-110639	Advisor OS, LLC
0000950123-25-008160	202527		028-13120			Macquarie Group Limited
0001104659-25-078305	202558	0001886840				Peak XV Partners Operations LLC
0000919574-25-004805	202815	0001741369	028-24457	000164245	801-112827	Ategra Capital Management, LLC
0001444864-25-000006	203461	0001848237		000286353		SkyView Investment Advisors, LLC
0000950123-25-008158	202833		028-13120			Macquarie Group Limited
0000899140-25-000963	201996	0001478735	028-14367	000152254	801-71110	TWO SIGMA ADVISERS, LP
0000899140-25-000962	202557	0001179392	028-10385	000137137	801-70476	TWO SIGMA INVESTMENTS, LP
0000943663-25-000232	202208	0002026352	028-25421			Talaria Asset Management Pty Ltd
0000024011-25-000008	203062		028-00346			CNA Financial Corporation
0000950123-25-008154	202093					HANCOCK WHITNEY INVESTMENT SERVICES INC.
0000899140-25-000960	202144	0001179392	028-10385	000137137	801-70476	TWO SIGMA INVESTMENTS, LP
0000929638-25-003018	202572	0001000275	028-11396			Royal Bank of Canada
0000919574-25-004801	202900	0001040762	028-07148	000138175	801-71969	MALTESE CAPITAL MANAGEMENT LLC
0000950123-25-008149	203150		028-19289	000297222		EnerVest, Ltd.
0000919574-25-004800	202584	0001040762	028-07148	000138175	801-71969	MALTESE CAPITAL MANAGEMENT LLC
0000899140-25-000959	202822	0001179392	028-10385	000137137	801-70476	TWO SIGMA INVESTMENTS, LP
0001123292-25-000363	202201	0000882095	028-25078			Gilead Sciences, Inc.
0000919574-25-004798	202511	0001040762	028-07148	000138175	801-71969	MALTESE CAPITAL MANAGEMENT LLC
0000899140-25-000958	202001	0001179392	028-10385	000137137	801-70476	TWO SIGMA INVESTMENTS, LP
0000899140-25-000957	202342	0001179392	028-10385	000137137	801-70476	TWO SIGMA INVESTMENTS, LP
0001085146-25-005102	202480	0001274173	028-10904			JANUS HENDERSON GROUP PLC
0001085146-25-005101	203135	0001274173	028-10904			JANUS HENDERSON GROUP PLC
0001085146-25-005100	202571	0001274173	028-10904			JANUS HENDERSON GROUP PLC
0001085146-25-005099	202029	0001274173	028-10904			JANUS HENDERSON GROUP PLC
0001085146-25-005098	202015	0001274173	028-10904			JANUS HENDERSON GROUP PLC
0000899140-25-000956	203048	0001478735	028-14367	000152254	801-71110	TWO SIGMA ADVISERS, LP
0000898427-25-000024	203006	0000898427	028-03570			AXA S.A.
0000899140-25-000955	202883	0001179392	028-10385	000137137	801-70476	TWO SIGMA INVESTMENTS, LP
0001041062-25-000162	202425	0001520478	028-14481			RWC Asset Management LLP
0001041062-25-000162	202426	0001056593	028-04691			SCHAFER CULLEN CAPITAL MANAGEMENT INC
0001041062-25-000162	202427	0001257442	028-11338			SSGA FUNDS MANAGEMENT INC
0001041062-25-000162	202428	0001061186	028-07104			WCM INVESTMENT MANAGEMENT, LLC
0001041062-25-000162	202429	0001075869	028-04413			Allspring Global Investments, LLC
0001041062-25-000162	202430	0001570625	028-21079			Perpetual Investment Management Ltd
0001041062-25-000162	202431	0001217541	028-10648			DIAMOND HILL CAPITAL MANAGEMENT INC
0001041062-25-000162	202432	0001508123	028-14178			Stone Harbor Investment Partners LP
0001041062-25-000162	202433	0001923173	028-22464			Leeward Investments, LLC - MA
0001041062-25-000162	202434	0001731012	028-18430			Alphinity Investment Management Pty Ltd
0001041062-25-000162	202435	0000009015	028-00060			BARINGS LLC
0001041062-25-000162	202436	0001088875	028-04825			BAILLIE GIFFORD & CO
0001041062-25-000162	202392	0000916542	028-05990			ACADIAN ASSET MANAGEMENT LLC
0001041062-25-000162	202393	0001109448	028-10562			ALLIANCEBERNSTEIN L.P.
0001041062-25-000162	202394	0001167557	028-10120			AQR CAPITAL MANAGEMENT LLC
0001041062-25-000162	202395	0001651960	028-17137			Arcus Capital Partners, LLC
0001041062-25-000162	202396	0001483859	028-13791			ArrowMark Colorado Holdings LLC
0001041062-25-000162	202397	0001109147	028-05615			AXIOM INVESTORS LLC /DE
0001041062-25-000162	202398	0001361974	028-11939			Beutel, Goodman & Co Ltd.
0001041062-25-000162	202399	0001421306	028-12820			BRIGADE CAPITAL MANAGEMENT, LP
0001041062-25-000162	202400	0001165797	028-11728			CAUSEWAY CAPITAL MANAGEMENT LLC
0001041062-25-000162	202401	0001350585	028-11563			Coho Partners, Ltd.
0001041062-25-000162	202402	0001541743	028-14668			Copeland Capital Management, LLC
0001041062-25-000162	202403	0001505817	028-14036			Fiera Capital Corp
0001041062-25-000162	202404	0001078013	028-05229			GREAT LAKES ADVISORS, LLC
0001041062-25-000162	202405	0001368465	028-11957			Hillsdale Investment Management Inc.
0001041062-25-000162	202406	0001086318	028-04211			INTECH INVESTMENT MANAGEMENT LLC
0001041062-25-000162	202407	0000940755	028-14777			J O HAMBRO CAPITAL MANAGEMENT LTD
0001041062-25-000162	202408	0001387369	028-17689			KETTLE HILL CAPITAL MANAGEMENT, LLC
0001041062-25-000162	202409	0001470944	028-13608			LMCG INVESTMENTS, LLC
0001041062-25-000162	202410	0001050470	028-06580			LSV ASSET MANAGEMENT
0001041062-25-000162	202411	0001435053	028-13124			Macquarie Investment Management LTD
0001041062-25-000162	202412	0001034182	028-03673			MANULIFE INVESTMENT MANAGEMENT (US) LLC
0001041062-25-000162	202413	0001419999	028-13243			MAR VISTA INVESTMENT PARTNERS LLC
0001041062-25-000162	202414	0001279913	028-10682			MARATHON ASSET MANAGEMENT LP
0001041062-25-000162	202415	0000936944	028-04632			MARTINGALE ASSET MANAGEMENT L P
0001041062-25-000162	202416	0001465109	028-13573			Neuberger Berman Group LLC
0001041062-25-000162	202417	0000886982	028-04981			GOLDMAN SACHS GROUP INC
0001041062-25-000162	202418	0001163368	028-10952			PACIFIC INVESTMENT MANAGEMENT CO LLC
0001041062-25-000162	202419	0000883677	028-03042			PANAGORA ASSET MANAGEMENT INC
0001041062-25-000162	202420	0000932859	028-04558			PARAMETRIC PORTFOLIO ASSOCIATES LLC
0001041062-25-000162	202421	0001454949	028-13350			Poplar Forest Capital LLC
0001041062-25-000162	202422	0001501436	028-14009			QS Investors, LLC
0001041062-25-000162	202423	0001768099	028-19339			Qtron Investments LLC
0001041062-25-000162	202424	0001275893	028-10674			RAMIUS ADVISORS LLC
0001104659-25-078242	202133	0001836733	028-23886			Ribbit Management Company, LLC
0000899140-25-000954	202771	0001179392	028-10385	000137137	801-70476	TWO SIGMA INVESTMENTS, LP
0000060086-25-000170	202226		028-00346			CNA Financial Corporation
0000904454-25-000426	202390	0001496228	028-15030	000161163	801-73734	SRB CORP
0001104659-25-078234	202143	0001836733	028-23886			Ribbit Management Company, LLC
0000899140-25-000952	202068	0001478735	028-14367	000152254	801-71110	TWO SIGMA ADVISERS, LP
0001104659-25-078230	201924	0001836733	028-23886			Ribbit Management Company, LLC
0000899140-25-000951	202516	0001478735	028-14367	000152254	801-71110	TWO SIGMA ADVISERS, LP
0000950123-25-008146	202027		028-13120			Macquarie Group Limited
0001104659-25-078225	203026	0001836733	028-23886			Ribbit Management Company, LLC
0000904454-25-000422	202512	0001496228	028-15030	000161163	801-73734	SRB CORP
0000899140-25-000950	202329	0001478735	028-14367	000152254	801-71110	TWO SIGMA ADVISERS, LP
0000898427-25-000023	202183	0000898427				AXA S.A.
0000950123-25-008144	202218		028-13925			Meiji Yasuda Asset Management Co Ltd.
0001844640-25-000009	202076	0002064465				Squarepoint (DIFC) Ltd
0001844640-25-000009	202075	0001642575	028-16923	000172116		Squarepoint Ops LLC
0001104659-25-078220	203073	0001836733	028-23886			Ribbit Management Company, LLC
0000950123-25-008139	202020		028-13120			Macquarie Group Limited
0001104659-25-078216	202160	0001836733	028-23886			Ribbit Management Company, LLC
0001665077-25-000005	202186					PRELUDE CAPITAL MANAGEMENT LLC
0001085146-25-005089	203114	0001380393	028-12421			Fortress Investment Group LLC
0001085146-25-005088	202243	0001380393	028-12421			Fortress Investment Group LLC
0000950123-25-008136	203097		028-13120			Macquarie Group Limited
0001085146-25-005086	202947	0001380393	028-12421			Fortress Investment Group LLC
0000919574-25-004790	201971	0001946136	028-22660			Naman Capital Ltda
0001085146-25-005085	202008	0001380393	028-12421			Fortress Investment Group LLC
0001085146-25-005084	203075	0001380393	028-12421			Fortress Investment Group LLC
0001085146-25-005083	202824	0001380393	028-12421			Fortress Investment Group LLC
0000943663-25-000228	202517	0001505817	028-14036		801-71885	Fiera Capital Corp
0001085146-25-005082	202352	0001380393	028-12421			Fortress Investment Group LLC
0001085146-25-005081	202204	0001380393	028-12421			Fortress Investment Group LLC
0001085146-25-005080	203029	0001380393	028-12421			Fortress Investment Group LLC
0001085146-25-005079	202994	0001380393	028-12421			Fortress Investment Group LLC
0001085146-25-005078	202242	0001380393	028-12421			Fortress Investment Group LLC
0001357550-25-000029	202998	0001357550				Weiss Asset Management LP
0000943663-25-000226	202478	0001505817	028-14036		801-71885	Fiera Capital Corp
0001085146-25-005074	201917	0001592828	028-17729			Empowered Funds, LLC
0001172661-25-003329	202364	0001424381	028-12815	000156429	801-73099	LAKEWOOD CAPITAL MANAGEMENT, LP
0001398344-25-015455	202130		028-00460			Pitcairn Company
0001357550-25-000028	202132	0001357550				Weiss Asset Management LP
0001172661-25-003328	202138	0001424381	028-12815	000156429	801-73099	LAKEWOOD CAPITAL MANAGEMENT, LP
0001512948-25-000004	203146	0001105838	028-10843	000732905		ROBOTTI ROBERT
0001398344-25-015453	202089	0000315014	028-00460			PITCAIRN CO
0000919574-25-004786	202277	0001459270	028-13772	000158448	801-72564	Freshford Capital Management, LLC
0001178913-25-002917	202002	0001351917	028-14323			MENORA MIVTACHIM HOLDINGS LTD.
0000919574-25-004784	203021	0001459270	028-13772	000158448	801-72564	Freshford Capital Management, LLC
0001844640-25-000008	202165	0001647094		000137911		Squarepoint Capital LLP
0001844640-25-000008	202164	0001642575	028-16923	000172116		Squarepoint Ops LLC
0001178913-25-002915	202915	0001351917	028-14323			MENORA MIVTACHIM HOLDINGS LTD.
0001172661-25-003321	202583	0001672142	028-17414	000159386	802-74548	DYMON ASIA CAPITAL (SINGAPORE) PTE. LTD.
0002047346-25-000007	201882	0002056088	028-25236			Groupe la Francaise
0000898427-25-000022	201031	0000898427	028-03570			AXA S.A.
0001104883-25-000009	201282	0001104883				SIRIOS CAPITAL MANAGEMENT L P
0001041062-25-000161	201250	0000350894	028-16454		005-34968	SEI INVESTMENTS CO
0001178913-25-002911	201865	0001767750	028-19157			Noked Israel Ltd
0001599814-25-000007	201033		028-17598			Russell Investment Group, Ltd. 
0001041062-25-000160	201744	0000350894	028-16454		005-34968	SEI INVESTMENTS CO
0001172661-25-003315	201737	0001140315	028-06505			HARVEST MANAGEMENT LLC
0000898427-25-000021	201898	0000898427	028-03570			AXA S.A.
0001172661-25-003313	201894	0001140315	028-06505			HARVEST MANAGEMENT LLC
0001011438-25-000439	201893	0001569709	028-15353	000159198	801-72878	ICONIQ Capital, LLC
0001011438-25-000438	201246	0001569709	028-15353	000159198	801-72878	ICONIQ Capital, LLC
0001011438-25-000437	201024	0001569709	028-15353	000159198	801-72878	ICONIQ Capital, LLC
0001011438-25-000436	201885	0001569709	028-15353	000159198	801-72878	ICONIQ Capital, LLC
0001437749-25-026720	201174	0001767652	028-19387			Data LLC
0001011438-25-000435	201412	0001569709	028-15353	000159198	801-72878	ICONIQ Capital, LLC
0001011438-25-000434	201724	0001569709	028-15353	000159198	801-72878	ICONIQ Capital, LLC
0001011438-25-000433	201276	0001569709	028-15353	000159198	801-72878	ICONIQ Capital, LLC
0001011438-25-000432	201147	0001569709	028-15353	000159198	801-72878	ICONIQ Capital, LLC
0001393825-25-000064	201001	0001393825	028-12909			Hudson Bay Capital Management LP
0001011438-25-000431	201295	0001569709	028-15353	000159198	801-72878	ICONIQ Capital, LLC
0001041062-25-000159	201376	0000350894	028-16454		005-34968	SEI INVESTMENTS CO
0001011438-25-000430	201564	0001569709	028-15353	000159198	801-72878	ICONIQ Capital, LLC
0000945621-25-000767	201493	0002056095	028-25250			Banque Transatlantique SA
0001172661-25-003305	201288	0001837309	028-20910			Polar Capital Holdings Plc
0000945621-25-000765	201220	0001935000	028-22581	000169820	801-10701	TRANSATLANTIQUE PRIVATE WEALTH LLC
0001172661-25-003303	201878	0001837309	028-20910			Polar Capital Holdings Plc
0000950123-25-008118	201555		028-16808			C Partners Holding GmbH
0000945621-25-000763	201873	0002056095	028-25250			Banque Transatlantique SA
0001513151-25-000013	201713	0001481045	028-14426			Daiwa Securities Group Inc.
0001398344-25-015425	201030	0001616667	028-16803			Pacer Advisors, Inc.
0000950123-25-008113	201403		028-16808			C Partners Holding GmbH
0001513151-25-000012	201199	0001481045	028-14426			Daiwa Securities Group Inc.
0000898427-25-000020	201014	0000898427	028-03570			AXA S.A.
0000950123-25-008111	201166		028-06327			OCONNOR, A Distinct Business Unit of UBS ASSET MANAGEMENT AMERICAS (LLC)
0000950123-25-008111	201165		028-02682			UBS AM, a distinct business unit of UBS Asset Management Americas LLC
0000950123-25-008108	201274		028-16612			UBS Group AG
0001513151-25-000011	201227	0001481045	028-14426			Daiwa Securities Group Inc.
0000950123-25-008107	201516		028-16612			UBS Group AG
0000950123-25-008105	201238		028-16612			UBS Group AG
0000950123-25-008102	201294		028-16612			UBS Group AG
0000919574-25-004750	201428	0001316622	028-11114	000158243	801-74291	REDWOOD CAPITAL MANAGEMENT, LLC
0001999371-25-011302	201746	0001541211	028-14787			Hilton Capital Management, LLC
0001513151-25-000010	200936	0001481045	028-14426			Daiwa Securities Group Inc.
0001420506-25-002013	201219					SailingStone Capital Partners LLC
0001172661-25-003281	201291	0001165408	028-10046	000160679	801-73131	ADAGE CAPITAL PARTNERS GP, L.L.C.
0000898427-25-000019	201565	0000898427	028-03570			AXA S.A.
0001085146-25-005066	200962	0001404574	028-14771	000156181	801-73162	683 Capital Management, LLC
0000950123-25-008099	201419		028-16612			UBS Group AG
0002030060-25-000004	201509		028-21480			National Bank of Canada /FI/
0001398344-25-015410	201507	0001565951	028-18238			DC Investments Management, LLC
0001398344-25-015393	201408	0001364615	028-11964	000111616	801-57184	Aperio Group, LLC
0000950123-25-008093	201382		028-21983			SkyKnight Capital, L.P.
0000950123-25-008089	201733		028-16612			UBS Group AG
0001965939-25-000004	201566	0001919867		000307680	801-122825	iSAM Funds (UK) Ltd
0000950123-25-008086	201681		028-16612			UBS Group AG
0000950123-25-008085	201384		028-16612			UBS Group AG
0000950123-25-008083	201057		028-16612			UBS Group AG
0001277372-25-000001	200978	0001512805	028-14257	000155686	801-72002	Westchester Capital Management, LLC
0001420506-25-002007	201747					Lighthouse Investment Partners, LLC
0000950123-25-008079	201498		028-16612			UBS Group AG
0000950123-25-008078	201283		028-16612			UBS Group AG
0000950157-25-000675	201857	0001843670	028-22065			Global Media & Entertainment Investments Ltd
0000950123-25-008075	201719		028-16612			UBS Group AG
0000950157-25-000674	200998	0001843670	028-22065			Global Media & Entertainment Investments Ltd
0001667731-25-001116	201021	0001109448	028-10562	000108477		ALLIANCEBERNSTEIN L.P.
0001667731-25-001116	201020	0001588456	028-15645	000165306		Private Capital Management, LLC
0000950157-25-000673	201301	0001843670	028-22065			Global Media & Entertainment Investments Ltd
0001062993-25-014355	201396	0001443077	028-13194			INTACT INVESTMENT MANAGEMENT INC.
0001398344-25-015381	201485	0001844577	028-20654	000298050	801-117402	Aristotle Pacific Capital, LLC
0001398344-25-015381	201482	0000860644	028-02634	000109876	801-60014	Aristotle Capital Management, LLC
0001398344-25-015381	201483	0001633911	028-16565	000173198	801-80368	Aristotle Capital Boston, LLC
0001398344-25-015381	201484	0001697267	028-18496	000285271	801-108579	Aristotle Atlantic Partners, LLC
0001398344-25-015381	201486	0001499091	028-14003	000105169	801-15057	Pacific Life Fund Advisors LLC
0001420506-25-002001	201056					2Xideas AG
0002023273-25-000001	201387	0001861244	028-21198	000297836		Cederberg Capital Ltd
0000897101-25-000468	201264	0000769317	028-00180	000105725	801-16350	SIT INVESTMENT ASSOCIATES INC
0001214659-25-012043	201017	0001455952	028-14330			Richmond Hill Investments, LLC
0000950123-25-008059	201373		028-24008			FCPM III SERVICES B.V.
0000950123-25-008056	201473		028-24008			FCPM III SERVICES B.V.
0000950123-25-008058	201215		028-24008			FCPM III SERVICES B.V.
0001213900-25-076052	201870	0001529832				OSKIE CAPITAL MANAGEMENT, LLC
0001213900-25-076052	201869	0001050470	028-06580			LSV ASSET MANAGEMENT
0001213900-25-076052	201868	0001033427	028-06008			IRIDIAN ASSET MANAGEMENT LLC/CT
0001213900-25-076052	201867	0001123778	028-06075			JARISLOWSKY, FRASER Ltd
0001213900-25-076052	201866	0001315868	028-11129			Burgundy Asset Management Ltd.
0001213900-25-076052	201871	0001352662	028-11599			Grantham, Mayo, Van Otterloo & Co. LLC
0001213900-25-076052	201872	0001640951				Empire Life Investments Inc.
0001172661-25-003246	201405	0000940445	028-04852	000106945	801-10232	BURNEY CO/
0000093751-25-000520	201010		028-00399			STATE STREET CORPORATION
0000093751-25-000519	201060		028-00399			STATE STREET CORPORATION
0000950123-25-008032	200971		28-20813			Bain Capital Fund XII, L.P.
0000950123-25-008032	200970		28-20812			Bain Capital Partners XII, LLC
0000950123-25-008032	200972		28-25288			BCPE Nucleon Investors (GP), LLC
0000950123-25-008033	200975		28-11185			Bain Capital Investors, LLC
0000950123-25-008032	200974		28-25285			BCPE Nucleon (DE) SPV (GP), LLC
0000950123-25-008032	200973		28-25286			BCPE Nucleon Investors, LP
0000950123-25-008035	201675		28-11185			Bain Capital Investors, LLC
0000950123-25-008035	201676		28-21922			Bain Capital Partners XI, L.P.
0000950123-25-008035	201677		28-16158			Bain Capital Fund XI, L.P.
0000950123-25-008032	200969		28-11185			Bain Capital Investors, LLC
0000950123-25-008029	201888		28-20812			Bain Capital Partners XII, LLC
0000950123-25-008029	201889		28-20813			Bain Capital Fund XII, L.P.
0000950123-25-008029	201890		28-25288			BCPE Nucleon Investors (GP), LLC
0000950123-25-008030	201244		28-20812			Bain Capital Partners XII, LLC
0000950123-25-008030	201245		28-20813			Bain Capital Fund XII, L.P.
0000950123-25-008029	201887		28-11185			Bain Capital Investors, LLC
0000950123-25-008028	201491		28-20811			BCPE Perception GP, LLC
0000950123-25-008028	201490		28-20813			Bain Capital Fund XII, L.P.
0000950123-25-008028	201489		28-20812			Bain Capital Partners XII, LLC
0000950123-25-008028	201488		28-11185			Bain Capital Investors, LLC
0000950123-25-008031	201560		28-11185			Bain Capital Investors, LLC
0000950123-25-008031	201561		28-21922			Bain Capital Partners XI, L.P.
0000950123-25-008027	200950		28-25286			BCPE Nucleon Investors, LP
0000950123-25-008027	200949		28-25288			BCPE Nucleon Investors (GP), LLC
0000950123-25-008027	200948		28-20813			Bain Capital Fund XII, L.P.
0000950123-25-008027	200947		28-20812			Bain Capital Partners XII, LLC
0000950123-25-008027	200946		28-11185			Bain Capital Investors, LLC
0000950123-25-008030	201243		28-11185			Bain Capital Investors, LLC
0000950123-25-008026	201163		28-11185			Bain Capital Investors, LLC
0000950123-25-008026	201164		28-20812			Bain Capital Partners XII, LLC
0000950123-25-008025	201718		28-20813			Bain Capital Fund XII, L.P.
0000950123-25-008022	201383		28-11185			Bain Capital Investors, LLC
0000950123-25-008024	201026		28-11185			Bain Capital Investors, LLC
0000950123-25-008024	201027		28-21922			Bain Capital Partners XI, L.P.
0000950123-25-008024	201028		28-16158			Bain Capital Fund XI, L.P.
0000950123-25-008023	201851		28-11185			Bain Capital Investors, LLC
0000950123-25-008025	201717		28-20812			Bain Capital Partners XII, LLC
0000950123-25-008025	201716		28-11185			Bain Capital Investors, LLC
0000950123-25-008020	201671		28-11185			Bain Capital Investors, LLC
0000950123-25-008017	201558		28-11185			Bain Capital Investors, LLC
0000950123-25-008017	201559		28-18474			BCPE Seminole GP LLC
0000950123-25-008018	201417		28-11185			Bain Capital Investors, LLC
0000950123-25-008018	201418		28-22974			BCPE Seminole GP II LLC
0000950123-25-008021	201422		28-11185			Bain Capital Investors, LLC
0000950123-25-008021	201423		28-21922			Bain Capital Partners XI, L.P.
0000950123-25-008021	201424		28-16158			Bain Capital Fund XI, L.P.
0000950123-25-008021	201425		28-25287			BCPE Derby GP, LLC
0000950123-25-008020	201672		28-21922			Bain Capital Partners XI, L.P.
0000950123-25-008020	201673		28-16158			Bain Capital Fund XI, L.P.
0000950123-25-008020	201674		28-22026			BCPE Eagle GP, LLC
0000950123-25-008019	201678		28-11185			Bain Capital Investors, LLC
0000950123-25-008019	201679		28-21922			Bain Capital Partners XI, L.P.
0000950123-25-008019	201680		28-16158			Bain Capital Fund XI, L.P.
0000950123-25-008013	201550		28-11185			Bain Capital Investors, LLC
0000950123-25-008015	201236		28-11185			Bain Capital Investors, LLC
0000950123-25-008015	201237		28-18474			BCPE Seminole GP LLC
0000950123-25-008012	200958		28-11185			Bain Capital Investors, LLC
0000950123-25-008012	200959		28-22973			BCPE Seminole GP III LLC
0000950123-25-008016	201875		28-11185			Bain Capital Investors, LLC
0000950123-25-008013	201551		28-21922			Bain Capital Partners XI, L.P.
0000950123-25-008013	201552		28-16158			Bain Capital Fund XI, L.P.
0000950123-25-008013	201553		28-25291			BCPE Derby (DE) SPV (GP), LLC
0000950123-25-008014	201477		28-11185			Bain Capital Investors, LLC
0000093751-25-000518	201278		028-00399			STATE STREET CORPORATION
0000093751-25-000517	201029		028-00399			STATE STREET CORPORATION
0000093751-25-000516	201727		028-00399			STATE STREET CORPORATION
0000093751-25-000515	201743		028-00399			STATE STREET CORPORATION
0000950123-25-008005	201852		028-20873	000163648	801-101537	Indigo Partners LLC
0000950123-25-008003	201390		028-20873	000163648	801-101537	Indigo Partners LLC
0000093751-25-000514	201410		028-00399			STATE STREET CORPORATION
0000950123-25-008000	201859		028-10991			Fayez Sarofim & Co.
0000950123-25-007999	201035		028-10991			Fayez Sarofim & Co.
0000950123-25-007998	201427		028-10991	000937729		Fayez Sarofim & Co.
0000950123-25-007993	201287		28-13588			Bain Capital Venture Investors, LLC
0000950123-25-007995	201011		28-13588			Bain Capital Venture Investors, LLC
0000950123-25-007995	201012		28-21920			Bain Capital Venture Investors 2019, LLC
0000950123-25-007992	201519		28-25130			Bain Capital Venture Coinvestment II Investors, LLC
0000950123-25-007989	201881		028-22606			 Sagard Holdings Management Inc.
0000950123-25-007992	201518		28-13588			Bain Capital Venture Investors, LLC
0000950123-25-007991	201175		28-13588			Bain Capital Venture Investors, LLC
0000950123-25-007988	201388		028-23093			SIEMENS PENSION TRUST E V
0000950123-25-007987	201025		028-23102			SIEMENS PENSION TRUST E V
0000093751-25-000513	201173		028-00399			STATE STREET CORPORATION
0000093751-25-000512	201290		028-00399			STATE STREET CORPORATION
0002003159-25-000003	201884	0001510669	028-14201	000154645	801-71771	Contour Asset Management LLC
0000093751-25-000511	201900		028-00399			STATE STREET CORPORATION
0001104659-25-078032	201854	0001584289	028-15598			1922 Investment Co LLC
0000093751-25-000510	201896		028-00399			STATE STREET CORPORATION
0001104659-25-078022	201371	0001584289	028-15598			1922 Investment Co LLC
0001641172-25-023693	201400	0001337150	028-17925			Permira Holdings LTD
0001104659-25-078018	201569	0001021944	028-13088			Temasek Holdings (Private) Ltd
0001104659-25-078017	201646	0001021944	028-13088			Temasek Holdings (Private) Ltd
0001104659-25-078016	201645	0001021944	028-13088			Temasek Holdings (Private) Ltd
0001104659-25-078014	201224	0001021944	028-13088			Temasek Holdings (Private) Ltd
0001641172-25-023690	201196	0001337150	028-17925			Permira Holdings LTD
0000950103-25-010284	201300	0001671122	028-18539			Atairos Group, Inc.
0001104659-25-078011	201644	0001021944	028-13088			Temasek Holdings (Private) Ltd
0001104659-25-078010	201721	0001021944	028-13088			Temasek Holdings (Private) Ltd
0001104659-25-078005	201642	0001584289	028-15598			1922 Investment Co LLC
0001104659-25-078004	201292	0001021944	028-13088			Temasek Holdings (Private) Ltd
0000950123-25-007961	201055		028-11197			COHEN & STEERS, INC.
0000950123-25-007963	201480		028-11197			COHEN & STEERS, INC.
0000950123-25-007960	201389		028-17598			Russell Investments Group, Ltd.
0001641172-25-023687	201495	0001337150	028-17925			Permira Holdings LTD
0001104659-25-078002	200984	0001021944	028-13088			Temasek Holdings (Private) Ltd
0001778131-25-000006	200945	0001778131	028-20206			BI Asset Management Fondsmaeglerselskab A/S
0001104659-25-078000	201023	0001021944	028-13088			Temasek Holdings (Private) Ltd
0000950103-25-010283	201263	0001671122	028-18539			Atairos Group, Inc.
0001104659-25-077999	201399	0001021944	028-13088			Temasek Holdings (Private) Ltd
0001104659-25-077997	201874	0001021944	028-13088			Temasek Holdings (Private) Ltd
0001104659-25-077995	201411	0001021944	028-13088			Temasek Holdings (Private) Ltd
0001104659-25-077994	201876	0001021944	028-13088			Temasek Holdings (Private) Ltd
0001104659-25-077992	201006	0001021944	028-13088			Temasek Holdings (Private) Ltd
0000950103-25-010282	201549	0001671176	028-23365			Atairos Partners GP, Inc.
0000950103-25-010282	201548	0001671122	028-18539			Atairos Group, Inc.
0001104659-25-077990	201366	0001021944	028-13088			Temasek Holdings (Private) Ltd
0001104659-25-077988	201004	0001021944	028-13088			Temasek Holdings (Private) Ltd
0001104659-25-077987	201145	0001021944	028-13088			Temasek Holdings (Private) Ltd
0001104659-25-077986	201502	0001021944	028-13088			Temasek Holdings (Private) Ltd
0001104659-25-077982	201149	0001021944	028-13088			Temasek Holdings (Private) Ltd
0001104659-25-077981	201379	0001021944	028-13088			Temasek Holdings (Private) Ltd
0001641172-25-023680	200952	0001731509	028-18608			SB INVESTMENT ADVISERS (UK) LTD
0001104659-25-077979	201429	0001021944	028-13088			Temasek Holdings (Private) Ltd
0001104659-25-077978	201378	0001021944	028-13088			Temasek Holdings (Private) Ltd
0001104659-25-077975	201197	0001021944	028-13088			Temasek Holdings (Private) Ltd
0001456098-25-000011	201505	0001612063	028-16207			WINTON GROUP Ltd
0001104659-25-077971	201508	0001021944	028-13088			Temasek Holdings (Private) Ltd
0001104659-25-077969	201877	0001021944	028-13088			Temasek Holdings (Private) Ltd
0001104659-25-077968	201568	0001021944	028-13088			Temasek Holdings (Private) Ltd
0001104659-25-077966	201886	0001803274	028-20057	000161491	801-73758	Platinum Equity Advisors, LLC/DE
0001104659-25-077965	201365	0001021944	028-13088			Temasek Holdings (Private) Ltd
0001104659-25-077964	201144	0001021944	028-13088			Temasek Holdings (Private) Ltd
0001104659-25-077962	201864	0001021944	028-13088			Temasek Holdings (Private) Ltd
0001104659-25-077958	201007	0001219573	028-14097			SINGAPORE TECHNOLOGIES TELEMEDIA PTE LTD
0001104659-25-077952	201395	0001021944	028-13088			Temasek Holdings (Private) Ltd
0001104659-25-077926	201018	0001447884	028-15992			Fosun International Ltd
0001104659-25-077860	201394	0000915191	028-12554			FAIRFAX FINANCIAL HOLDINGS LTD/ CAN
0001104659-25-077847	201150	0000915191	028-12554			FAIRFAX FINANCIAL HOLDINGS LTD/ CAN
0000919574-25-004647	201304	0001511881	028-14308	000157257	802-78387	Theleme Partners LLP
0000919574-25-004675	201286	0001167212	028-10095	000106783	801-50449	NEEDHAM INVESTMENT MANAGEMENT LLC
0000919574-25-004700	201789	0001312988	028-14378	000160675	801-73336	Berkshire Partners LLC
0001389958-25-000021	201790	0001389958	028-12346			PEAK6 LLC
0001389958-25-000023	201362	0001389958	028-12346			PEAK6 LLC
0000950123-25-007875	201036		028-16678			Anson Funds Management LP
0001172661-25-003234	201037	0001330387	028-11416			Amundi
0001389958-25-000022	201059	0001389958	028-12346			PEAK6 LLC
0000919574-25-004672	201156	0000859872	028-02588	000105907	801-33347	KLINGENSTEIN FIELDS & CO LP
0000919574-25-004672	201157	0001021258	028-05814	000105343	801-15418	BALDWIN WEALTH PARTNERS LLC/MA
0000919574-25-004672	201158	0000860643	028-02635	000106114	801-41357	GARDNER RUSSO & QUINN LLC
0000919574-25-004672	201159	0000949743	028-05092	000106861	801-31832	WILLIAMS JONES & ASSOCIATES LLC
0000919574-25-004672	201160	0000932859	028-04558	000114310	801-60485	PARAMETRIC PORTFOLIO ASSOCIATES LLC
0000919574-25-004672	201161	0001076598	028-04139	000104859	801-15930	EATON VANCE MANAGEMENT
0000919574-25-004672	201162	0000728014	028-00154	000003994	801-5678	RUANE, CUNNIFF & GOLDFARB INC
0001318757-25-000040	201171	0001318757	028-11304	000160885	802-76358	MARSHALL WACE, LLP
0002076107-25-000003	201205	0002011612	028-23932			Pathstone Holdings, LLC
0000919574-25-004643	201208	0001511881	028-14308	000157257	802-78387	Theleme Partners LLP
0000919574-25-004634	201222	0001857581	028-21143			Granby Capital Management, LLC
0001172661-25-003235	200967	0001330387	028-11416			Amundi
0001560717-25-000006	200997		028-06487	000107027	028-06487	First Trust Advisors LP
0001802695-25-000008	201003	0001802695	028-20052			Perseverance Asset Management International
0000919574-25-004691	200935	0001167212	028-10095	000106783	801-50449	NEEDHAM INVESTMENT MANAGEMENT LLC
0000919574-25-004669	201562	0001278387	028-13773	000159286	801-73853	BROADWOOD CAPITAL INC
0001759004-25-000001	201501	0001633046	028-17724			Maven Securities LTD
0000919574-25-004686	201503	0001135121	028-06335	000137388	801-66569	BRANDYWINE MANAGERS, LLC
0000919574-25-004661	201521	0001666682	028-20104	000283465	801-119072	Edenbrook Capital, LLC
0000919574-25-004651	201391	0001218583	028-10361	000127304	801-62286	SHEPHERD KAPLAN KROCHUK, LLC
0000919574-25-004685	201397	0001167212	028-10095	000106783	801-50449	NEEDHAM INVESTMENT MANAGEMENT LLC
0000919574-25-004652	201402	0001218583	028-10361	000127304	801-62286	SHEPHERD KAPLAN KROCHUK, LLC
0000919574-25-004677	201420	0001167212	028-10095	000106783	801-50449	NEEDHAM INVESTMENT MANAGEMENT LLC
0000919574-25-004681	201855	0001606477	028-16159			Tikvah Management LLC
0001140361-25-030921	201856	0000035442	028-00471			FIDUCIARY TRUST CO
0000919574-25-004689	201883	0001608485	028-16225	000172244	801-80091	LANSDOWNE PARTNERS (UK) LLP
0001389958-25-000024	201891	0001389958	028-12346			PEAK6 LLC
0001635409-25-000006	201895	0001635409	028-17227			Harbor Spring Capital, LLC
0000919574-25-004680	201897	0001135121	028-06335	000137388	801-66569	BRANDYWINE MANAGERS, LLC
0000919574-25-004640	201367	0001353311	028-11767	000161095	801-78283	Marathon Partners Equity Management, LLC
0000919574-25-004650	201372	0001820788	028-20799	000308929	801-118703	140 Summer Partners LP
0000919574-25-004690	201251	0001135121	028-06335	000137388	801-66569	BRANDYWINE MANAGERS, LLC
0000919574-25-004674	201253	0001549553	028-14966	000161182	802-75845	SOUTHPORT MANAGEMENT, L.L.C.
0000919574-25-004630	201720	0001086762	028-04967	000157543	801-74012	COBALT CAPITAL MANAGEMENT, INC.
0000919574-25-004695	201726	0001566691	028-15271	000163597	801-77719	RIVULET CAPITAL, LLC
0000919574-25-004676	201728	0000860643	028-02635	000106114	801-41357	GARDNER RUSSO & QUINN LLC
0000919574-25-004676	201729	0000932859	028-04558	000114310	801-60485	PARAMETRIC PORTFOLIO ASSOCIATES LLC
0000919574-25-004676	201730	0001364615	028-11964	000111616	801-57184	Aperio Group, LLC
0000919574-25-004694	201732	0001608485	028-16225	000172244	801-80091	LANSDOWNE PARTNERS (UK) LLP
0000919574-25-004692	201742	0001608485	028-16225	000172244	801-80091	LANSDOWNE PARTNERS (UK) LLP
0000919574-25-004701	201270	0001505183	028-14383	000160674	801-73356	Stockbridge Partners LLC
0000919574-25-004701	201271	0001312988	028-14378	000160675	801-73336	Berkshire Partners LLC
0000919574-25-004701	201272	0001597787	028-16060			BPSP, L.P.
0000919574-25-004700	201788	0001505183	028-14383	000160674	801-73356	Stockbridge Partners LLC
0001172661-25-003233	201061	0001330387	028-11416			Amundi
0001172661-25-003232	201511	0001330387	028-11416			Amundi
0001172661-25-003230	201496	0001330387	028-11416			Amundi
0001172661-25-003229	201741	0001330387	028-11416			Amundi
0001172661-25-003228	201262	0001330387	028-11416			Amundi
0001172661-25-003227	201787	0001330387	028-11416			Amundi
0001318757-25-000039	201567	0001318757	028-11304	000160885	802-76358	MARSHALL WACE, LLP
0000949509-25-000006	201202	0001822973	028-21340			Oaktree Fund Advisors, LLC
0000949509-25-000006	201201	0000949509	028-05050			OAKTREE CAPITAL MANAGEMENT LP
0001213900-25-075837	201370	0000932859	028-04558	000114310	801-60485	PARAMETRIC PORTFOLIO ASSOCIATES LLC
0001213900-25-075837	201369	0001593324	028-17117	000159042	801-80466	Penserra Capital Management LLC
0001172661-25-003224	201712	0001330387	028-11416			Amundi
0001172661-25-003223	201899	0001330387	028-11416			Amundi
0000949509-25-000005	201725	0001692234	028-17598			Russell Investments Group, Ltd.
0001172661-25-003222	201500	0001330387	028-11416			Amundi
0001172661-25-003220	201265	0001330387	028-11416			Amundi
0000919574-25-004624	201731	0001350879	028-11627	000133738	801-65262	INDUS CAPITAL PARTNERS, LLC
0001172661-25-003218	201386	0001330387	028-11416			Amundi
0001172661-25-003217	201200	0001330387	028-11416			Amundi
0000926171-25-000013	201363		028-21480			National Bank of Canada /FI/
0002012167-25-000004	201385	0001710537	028-21626	000286340	801-119192	EverSource Wealth Advisors, LLC
0001085146-25-005038	200979	0001345929	028-13997	000017501	8-38904	BROWN ADVISORY INC
0001172661-25-003215	200951	0001330387	028-11416			Amundi
0001085146-25-005037	201494	0001345929	028-13997	000017501	8-38904	BROWN ADVISORY INC
0000949509-25-000004	200995	0001597857	028-17875			Hartree Partners, LP
0000949509-25-000004	200994	0001692234	028-17598			Russell Investments Group, Ltd.
0001085146-25-005036	201415	0001345929	028-13997	000017501	8-38904	BROWN ADVISORY INC
0001172661-25-003214	201374	0001330387	028-11416			Amundi
0001085146-25-005035	201722	0001345929	028-13997	000017501	8-38904	BROWN ADVISORY INC
0001172661-25-003213	201000	0001330387	028-11416			Amundi
0001172661-25-003211	201008	0001330387	028-11416			Amundi
0001318757-25-000037	201361	0001318757	028-11304	000160885	802-76358	MARSHALL WACE, LLP
0001085146-25-005032	201880	0000902219	028-04557			WELLINGTON MANAGEMENT GROUP LLP
0001085146-25-005032	201879	0001086619	028-04731			SCHRODER INVESTMENT MANAGEMENT GROUP
0000919574-25-004619	201421	0001574717	028-15959	000164430	802-77414	Hengistbury Investment Partners LLP
0001691304-25-000006	201022	0000310158	028-25193			Merck & Co., Inc.
0001318757-25-000036	201745	0001318757	028-11304	000160885	802-76358	MARSHALL WACE, LLP
0001731393-25-000003	201643	0001719087	028-18524	000288409	801-110852	Diametric Capital, LP
0001256484-25-000035	201167	0000073124	028-00290		001-36609	NORTHERN TRUST CORP
0001172661-25-003199	201172	0001401388	028-12747			VALINOR MANAGEMENT, L.P.
0001172661-25-003197	200963	0001401388	028-12747			VALINOR MANAGEMENT, L.P.
0001256484-25-000034	201682	0000073124	028-00290			NORTHERN TRUST CORP
0001172661-25-003196	201015	0001557017	028-17203	000163729	802-113693	Capula Management Ltd
0001318757-25-000035	201820	0001318757	028-11304	000160885	802-76358	MARSHALL WACE, LLP
0001256484-25-000033	201401	0000073124	028-00290			NORTHERN TRUST CORP
0001172661-25-003194	201735	0001557017	028-17203	000163729	802-113693	Capula Management Ltd
0001172661-25-003193	201492	0001557017	028-17203	000163729	802-113693	Capula Management Ltd
0001256484-25-000032	201497	0000073124	028-00290			NORTHERN TRUST CORP
0001172661-25-003191	201168	0001191672	028-11373			CREDIT AGRICOLE S A
0001809494-25-000004	201515		028-12631			Managed Account Advisors
0001809494-25-000004	201514		028-05792			Kayne Anderson Rudnick Investment Management LLC
0001809494-25-000004	201512		028-00551			US Bancorp
0001809494-25-000004	201513		028-07104			WCM Investment Management LLC
0001172661-25-003190	201504	0001191672	028-11373			CREDIT AGRICOLE S A
0001172661-25-003187	200964	0001191672	028-11373			CREDIT AGRICOLE S A
0001172661-25-003186	201198	0001191672	028-11373			CREDIT AGRICOLE S A
0001172661-25-003184	201506	0001191672	028-11373			CREDIT AGRICOLE S A
0001569638-25-000006	201280	0001730083	028-18427			M Financial Asset Management, Inc.
0001172661-25-003182	201273	0001191672	028-11373			CREDIT AGRICOLE S A
0001172661-25-003179	201204	0001191672	028-11373			CREDIT AGRICOLE S A
0001172661-25-003178	200980	0001191672	028-11373			CREDIT AGRICOLE S A
0001172661-25-003176	201711	0001191672	028-11373			CREDIT AGRICOLE S A
0001256484-25-000031	201556	0000073124	028-00290			NORTHERN TRUST CORP
0001172661-25-003175	201648	0001635999	028-16860	000169347	801-78779	Think Investments LP
0001172661-25-003175	201650	0002058786	028-25597	000333933	801-131733	Night Squared LP
0001172661-25-003175	201647	0001595932	028-17294	000165053	801-100438	GUARDIAN POINT CAPITAL, LP
0001172661-25-003175	201649	0001692507	028-18268	000286299	801-108886	Centiva Capital, LP
0001172661-25-003173	200983	0001191672	028-11373			CREDIT AGRICOLE S A
0001172661-25-003172	201381	0001679688	028-19781			DigitalBridge Group, Inc.
0000926171-25-000012	200999		028-21480			National Bank of Canada /FI/
0000312069-25-000564	201413	0000312069	028-00826			BARCLAYS PLC
0001041062-25-000158	201476		028-5620			Brandes Investment Partners, L.P.
0000926106-25-000009	201522	0000913760	028-17573			StoneX Group Inc.
0001172661-25-003167	201409	0001679688	028-19781			DigitalBridge Group, Inc.
0001041062-25-000156	201195		028-5620			Brandes Investment Partners, L.P.
0001172661-25-003163	201474	0001679688	028-19781			DigitalBridge Group, Inc.
0001172661-25-003160	201475	0001679688	028-19781			DigitalBridge Group, Inc.
0000312069-25-000563	201426	0000312069	028-00826			BARCLAYS PLC
0001041062-25-000154	201242		028-5620			Brandes Investment Partners, L.P.
0001256484-25-000030	201398	0000073124	028-00290			NORTHERN TRUST CORP
0001070092-25-000017	201148	0000913760	028-17573			StoneX Group Inc.
0000950123-25-007838	201662		028-05015	000106146	801-48908	SYSTEMATIC FINANCIAL MANAGEMENT LP
0000950123-25-007838	201663		028-11289	000107545	801-27792	THIRD AVENUE MANAGEMENT LLC
0000950123-25-007838	201664		028-11092	000132694	801-63492	TimesSquare Capital Management, LLC
0000950123-25-007838	201665		028-01222	000006857	801-10669	Tweedy, Browne Co LLC
0000950123-25-007838	201666		028-14794	000174314	801-89169	Veritas Asset Management LLP
0000950123-25-007838	201667		028-00262	000115119	801-60532	WELCH & FORBES LLC
0000950123-25-007838	201668		028-03760	000164420	801-76744	YACKTMAN ASSET MANAGEMENT LP
0000950123-25-007838	201651		028-11395	000153456	801-56365	AMG Funds LLC
0000950123-25-007838	201652		028-16284	000153039	801-71338	Artemis Investment Management LLP
0000950123-25-007838	201653		028-11858	000121591	801-61491	Foyston, Gordon, & Payne Inc
0000950123-25-007838	201654		028-01185	000106274	801-15724	FRONTIER CAPITAL MANAGEMENT CO LLC
0000950123-25-007838	201655		028-04145	000121942	801-61559	GW&K Investment Management, LLC
0000950123-25-007838	201656		028-10955	000130949	801-63018	Genesis Investment Management, LLP
0000950123-25-007838	201657		028-04434	000104543	801-36845	HARDING LOEVNER LP
0000950123-25-007838	201658		028-11968	000134436	801-64053	MYCIO WEALTH PARTNERS, LLC
0000950123-25-007838	201659		028-05022	000316904	801-122618	Parnassus Investments, LLC
0000950123-25-007838	201660		028-04884	000105916	801-50177	RENAISSANCE GROUP LLC
0000950123-25-007838	201661		028-11487	000134918	801-64175	River Road Asset Management, LLC
0001415889-25-021651	201206	0001965482	028-23088	000295495		Foundry Group Next, LLC
0000312069-25-000562	201481	0000312069	028-00826			BARCLAYS PLC
0001845445-25-000003	201752	0001475045				CARY STREET PARTNERS FINANCIAL LLC
0001256484-25-000029	201472	0000073124	028-00290		001-36609	NORTHERN TRUST CORP
0000905148-25-002862	201791	0001831577	028-20381			Jump Financial, LLC
0000905148-25-002861	201285	0001831577	028-20381			Jump Financial, LLC
0000905148-25-002860	200976	0001831577	028-20381			Jump Financial, LLC
0000905148-25-002859	201499	0001831577	028-20381			Jump Financial, LLC
0000905148-25-002858	201002	0001831577	028-20381			Jump Financial, LLC
0000905148-25-002857	201034	0001831577	028-20381			Jump Financial, LLC
0000905148-25-002855	201289	0001831577	028-20381			Jump Financial, LLC
0001650393-25-000005	201368	0000913760	028-17573			StoneX Group Inc.
0001083831-25-000009	201407	0001648711	028-16981			Baird Financial Group, Inc.
0001766904-25-000003	201792	0000860644				Aristotle Capital Management, LLC
0001766904-25-000003	201819	0001767306				Vanguard Personalized Indexing Management, LLC
0001766904-25-000003	201794	0001027817				ATLANTA CAPITAL MANAGEMENT CO L L C
0001766904-25-000003	201795	0000949012				BERKSHIRE ASSET MANAGEMENT LLC/PA
0001766904-25-000003	201796	0002012383				BlackRock, Inc.
0001766904-25-000003	201797	0001386060				Boston Partners
0001766904-25-000003	201798	0000732812				Capital Group Companies, Inc.
0001766904-25-000003	201799	0001541743				Copeland Capital Management, LLC
0001766904-25-000003	201800	0001206792				DEARBORN PARTNERS LLC
0001766904-25-000003	201801	0001463225				Dimensional Fund Advisors Ltd.
0001766904-25-000003	201802	0001076598				EATON VANCE MANAGEMENT
0001766904-25-000003	201803	0000019617				JPMORGAN CHASE & CO
0001766904-25-000003	201804	0001082917				GW&K Investment Management, LLC
0001766904-25-000003	201805	0001056288				FEDERATED HERMES, INC.
0001766904-25-000003	201806	0001229262				GOLDMAN SACHS ASSET MANAGEMENT, L.P.
0001766904-25-000003	201807	0001080369				GW HENSSLER & ASSOCIATES LTD
0001766904-25-000003	201808	0001451068				Natixis Global Asset Management Participations 1
0001766904-25-000003	201809	0001797174				Madison Investments LLC
0001766904-25-000003	201810	0001465109				Neuberger Berman Group LLC
0001766904-25-000003	201811	0001521019				Nuveen Asset Management, LLC
0001766904-25-000003	201812	0000932859				PARAMETRIC PORTFOLIO ASSOCIATES LLC
0001766904-25-000003	201813	0000769734				PRINCIPAL GLOBAL INVESTORS
0001766904-25-000003	201814	0001499094				ClearBridge Investments Ltd
0001766904-25-000003	201815	0001766156				Salomon & Ludwin, LLC
0001766904-25-000003	201816	0001056593				SCHAFER CULLEN CAPITAL MANAGEMENT INC
0001766904-25-000003	201817	0001315059				Suncoast Equity Management
0001766904-25-000003	201818	0000860643				GARDNER RUSSO & QUINN LLC
0001766904-25-000003	201793	0000812295				JANUS HENDERSON INVESTORS US LLC
0001083831-25-000007	201058	0001648711	028-16981			Baird Financial Group, Inc.
0001527661-25-000007	201861	0000040729	028-14534			Ally Financial Inc.
0000945621-25-000761	201526	0001088875	028-04825	000304197	802-116796	BAILLIE GIFFORD & CO
0000945621-25-000761	201547	0001061186	028-07104	000104702	801-11916	WCM INVESTMENT MANAGEMENT, LLC
0000945621-25-000761	201528	0001541448	028-14794	000174314	801-89169	Veritas Asset Management LLP
0000945621-25-000761	201529	0001579254	028-15537	000147910	801-69456	East Coast Asset Management, LLC.
0000945621-25-000761	201530	0001316926	028-11073	000106278	801-43216	Polaris Capital Management, LLC
0000945621-25-000761	201531	0001428569	028-13025	000155703	801-71999	Holowesko Partners Ltd.
0000945621-25-000761	201532	0001765388	028-18978	000291699	801-112310	Metropolis Capital Ltd
0000945621-25-000761	201533	0001353312	028-11746	000138743	801-71560	TREMBLANT CAPITAL GROUP
0000945621-25-000761	201534	0001742040	028-18857	000168985	801-80609	Brown Advisory Ltd
0000945621-25-000761	201535	0000053417	028-00074	000107959	801-5608	JENNISON ASSOCIATES LLC
0000945621-25-000761	201536	0000052388	028-01091	000105778	801-8174	AMERICAN CENTURY INVESTMENT MANAGEMENT INC
0000945621-25-000761	201537	0001681639	028-17489	000281225	801-106590	Coronation Investment Management International (Pty) Ltd
0000945621-25-000761	201538	0001601407	028-16709	000319174	801-125739	Troy Asset Management Ltd
0000945621-25-000761	201539	0001340807	028-12210	000114428	801-63780	Bares Capital Management, Inc.
0000945621-25-000761	201540	0001961304	028-23013	000149101	801-70802	Templeton & Phillips Capital Management, LLC
0000945621-25-000761	201541	0001481669	028-14674	000312512	801-120180	EdgePoint Investment Group Inc.
0000945621-25-000761	201542	0001608485	028-16225	000172244	801-80091	LANSDOWNE PARTNERS (UK) LLP
0000945621-25-000761	201543	0001352662	028-11599	000106220	801-15028	Grantham, Mayo, Van Otterloo & Co. LLC
0000945621-25-000761	201544	0001418329	028-12634	000158310	801-73635	Ninety One UK Ltd
0000945621-25-000761	201545	0001556915	028-15430	000153665	801-77018	ARGA Investment Management, LP
0000945621-25-000761	201546	0001905112	028-22622	000299053	801-117712	Long Path Partners LP
0000945621-25-000761	201527	0001508097	028-14100	000151480	801-70661	Sanders Capital, LLC
0001427119-25-000012	201848	0001427119	028-12802	000142622	801-67394	Meritage Group LP
0001083831-25-000005	201217	0001648711	028-16981			Baird Financial Group, Inc.
0001104659-25-077572	201635	0001166767	028-10092			Natixis Investment Managers International
0001104659-25-077572	201636	0001767843	028-19315			MIROVA
0001104659-25-077572	201637	0001767471	028-19252			OSSIAM
0001104659-25-077572	201641	0001752759	028-24221			DNCA FINANCE
0001104659-25-077572	201639	0001767945	028-19266			OSTRUM ASSET MANAGEMENT
0001104659-25-077572	201640	0001053187	028-06808			Natixis Investment Managers, LLC
0001104659-25-077572	201638	0001956031	028-22946			Thematics Asset Management
0000914904-25-000010	201041	0001677044				OSAIC HOLDINGS, INC.
0001104659-25-077570	201019	0002056914	028-25366			VEGA INVESTMENT SOLUTIONS
0001134700-25-000005	201228		028-06535			RGM
0001134700-25-000005	201229		028-06535			Southeastern 
0001134700-25-000005	201230		028-06535			Westwood Global
0001134700-25-000005	201231		028-06535			Dalton
0001134700-25-000005	201232		028-06535			NB CAT Bonds
0001527685-25-000007	201723	0000040729	028-14534			Ally Financial Inc.
0001137774-25-000133	201038	0001137774	028-10077			PRUDENTIAL FINANCIAL INC
0001099219-25-000198	201268		028-00491			Metropolitan Life Insurance Co/NY
0001099219-25-000198	201269		028-16107			Provida Pension Fund Administrator
0001099219-25-000198	201267		028-18628			MetLife Investment Management, LLC
0001137774-25-000132	201178	0000053417	028-00074	000107959	801-5608	JENNISON ASSOCIATES LLC
0001137774-25-000132	201194	0000081273	028-00090	000106629	801-7974	PUTNAM INVESTMENT MANAGEMENT LLC
0001137774-25-000132	201180	0001348883	028-11611	000137028	801-64710	Clearbridge Investments, LLC
0001137774-25-000132	201181	0001164833	028-10068	000114649	801-60512	HOTCHKIS & WILEY CAPITAL MANAGEMENT LLC
0001137774-25-000132	201182	0001363391	028-11937	000107038	801-21011	J.P. Morgan Investment Management Inc.
0001137774-25-000132	201183	0001050470	028-06580	000109918	801-47689	LSV ASSET MANAGEMENT
0001137774-25-000132	201184	0000912938	028-04968	000007383	8-27864	MASSACHUSETTS FINANCIAL SERVICES CO /MA/
0001137774-25-000132	201185	0001230193	028-11866	000110353	801-15757	MORGAN STANLEY INVESTMENT MANAGEMENT INC
0001137774-25-000132	201186	0000080255	028-00115	000105496	801-856	PRICE T ROWE ASSOCIATES INC /MD/
0001137774-25-000132	201179	0001316541	028-11173	000129752	801-62692	PGIM Quantitative Solutions LLC
0001137774-25-000132	201193	0000354204	028-01186	000106482	801-16283	DIMENSIONAL FUND ADVISORS LP
0001137774-25-000132	201192	0001313816	028-11092	000132694	801-63492	TimesSquare Capital Management, LLC
0001137774-25-000132	201187	0000902219	028-04557	000119660	801-64475	WELLINGTON MANAGEMENT GROUP LLP
0001137774-25-000132	201188	0001644956	028-17022	000173961	801-80640	WILLIAM BLAIR INVESTMENT MANAGEMENT, LLC
0001137774-25-000132	201189	0001137774	028-10077			PRUDENTIAL FINANCIAL INC
0001137774-25-000132	201190	0001386060	028-12484	000124982	801-61786	Boston Partners
0001137774-25-000132	201191	0000938206	028-04207	000105757	801-18439	DRIEHAUS CAPITAL MANAGEMENT LLC
0001083831-25-000003	201670	0001648711	028-16981			Baird Financial Group, Inc.
0001104659-25-077556	201715	0001535815	028-19314			Natixis Investment Managers SA
0001104659-25-077556	201714	0001053187	028-06808			Natixis Investment Managers, LLC
0001012975-25-000440	201571	0001752847	028-20631			Pivotal bioVenture Partners Fund I U.G.P. Ltd
0001012975-25-000440	201570	0001844645	028-20630	000287988	802-110211	Pivotal bioVenture Partners Investment Advisor LLC
0001104659-25-077550	201016	0000312348	028-00398			LOOMIS SAYLES & CO L P
0000921895-25-002200	201299	0001922318	028-22858			Pale Fire Capital SE
0001580642-25-005096	201093			000318616		Cultivate Financial, LLC
0001580642-25-005096	201094			000023131	801-54859	Osaic Wealth, Inc
0001580642-25-005096	201095			000283087	801-107829	Park City Wealth Advisors (ONESEVEN)
0001580642-25-005096	201096			000155216	801-72060	Private Advisor Group (PAG)
0001580642-25-005096	201097			000311934	801-120262	MariPau Wealth Management, LLC
0001580642-25-005096	201098			000328909	801-129473	Drucker Wealth
0001580642-25-005096	201114			000154726	801-110473	Fusion Capital LLC
0001580642-25-005096	201115			000291962	801-128550	Pleasant Street Wealth Advisors
0001580642-25-005096	201116			000152397	801-125825	A4 Wealth Advisors, LLC
0001580642-25-005096	201117			000168733	801-78506	Balefire
0001580642-25-005096	201118			000335020	801-132479	The Breit Group, LLC
0001580642-25-005096	201119			000335591		Third View Private Wealth
0001580642-25-005096	201120			000164081		Axxcess Wealth Management
0001580642-25-005096	201121			000283561		Simonet Financial Group
0001580642-25-005096	201122			000291971		Lindsey Financial, Inc.
0001580642-25-005096	201123			000123913		Great Valley Advisor Group
0001580642-25-005096	201124			000284394		RetireWise Tax & Wealth Advisors, Inc.
0001580642-25-005096	201125			000291805	801-113898	Protection Point Advisors
0001580642-25-005096	201126			000281621	801-123227	Gibbs Wealth Management
0001580642-25-005096	201127			000127145		Sowell Financial Services, LLC
0001580642-25-005096	201128			000281049	801-106666	Wallace Advisory Group
0001580642-25-005096	201129			000288576	801-110591	TownSquare Capital
0001580642-25-005096	201130			000286419	801-114491	The Professional Financial Company, LLC
0001580642-25-005096	201062			000290558	801-112411	Capita Financial
0001580642-25-005096	201063			000283087	801-107829	Magellan Capital
0001580642-25-005096	201064			000155576	801-107896	DFPG Investments
0001580642-25-005096	201065			000296847	801-127973	GK Wealth Management
0001580642-25-005096	201066			000112483	801-111941	Squar Milner
0001580642-25-005096	201067					Bank of Idaho
0001580642-25-005096	201068			000133760	801-112108	Cambria Capital
0001580642-25-005096	201069			000148703	801-114578	Erben & Associates
0001580642-25-005096	201070			000137658	801-67628	Retirement Wealth Advisors
0001580642-25-005096	201071			000104861	801-36025	Strategis Financial Group
0001580642-25-005096	201072			000282814	801-107312	Triumph Capital
0001580642-25-005096	201073			000306294		JRS Wealth Management
0001580642-25-005096	201074			000329878	801-129521	FirstPurpose Wealth
0001580642-25-005096	201075			000107202	801-118602	Blue Barn Wealth
0001580642-25-005096	201076			000167811	801-119352	Baker Tilly Financial
0001580642-25-005096	201077			000305796		KOHR Investments
0001580642-25-005096	201078			000020804	801-57198	United Planners
0001580642-25-005096	201079			000318201	801-123255	Fiat Wealth Management
0001580642-25-005096	201080			000318842	801-123661	Financial Network Wealth Advisors
0001580642-25-005096	201081			000111147	801-29358	EP Wealth Advisors
0001580642-25-005096	201082			000023131	801-54859	Osaic/Royal Alliance
0001580642-25-005096	201083			000321212		Connect Financial
0001580642-25-005096	201084			000323988	801-127137	The Norden Group
0001580642-25-005096	201085			000325175	801-127529	Portside Wealth Group
0001580642-25-005096	201086			000324695	801-127594	RAI Wealth
0001580642-25-005096	201087			000170022	801-108636	Accelerated Wealth
0001580642-25-005096	201088			000288030	801-125814	One Wealth Mgmt Investment & Advisory Services
0001580642-25-005096	201089			000311368	801-125017	Aspire Wealth Management
0001580642-25-005096	201090			000301764	801-115232	Optivise Advisory Services
0001580642-25-005096	201091			000173447	801-117597	Warren Street Wealth Advisors
0001580642-25-005096	201092			000122169	801-112911	Scott Marsh Financial LLC
0001580642-25-005096	201131			000174728	801-113223	Drive Wealth Advisers
0001580642-25-005096	201132			000140612	801-116880	Oak Lane Advisors
0001580642-25-005096	201133			000310096	801-123458	Wealth Management CPAs
0001580642-25-005096	201134			000122785		Third Act Retirement
0001580642-25-005096	201135			000153054	801-71164	EP Wealth Advisors
0001580642-25-005096	201136			000145488	801-69827	Arete Wealth Advisors
0001580642-25-005096	201137			000311414		Larson Williams Wealth Advisors
0001580642-25-005096	201138			000312068	801-129684	Elysium Wealth Management
0001580642-25-005096	201139			000315237	801-122085	Journey Retirement
0001580642-25-005096	201140			000314668	801-121605	Alliance Wealth Advisors
0001580642-25-005096	201141			000288792	801-110755	Kingswood Wealth Advisors
0001580642-25-005096	201142			000283087	801-107829	MGO One Seven
0001580642-25-005096	201143			000335975		818 Wealth, LLC
0001580642-25-005096	201099			000130032		Emerson Equity LLC
0001580642-25-005096	201100			000315730		Marion Wealth Management
0001580642-25-005096	201101			000173344	801-80797	PFG Advisors
0001580642-25-005096	201102			000122212	801-62577	Market Street Wealth Management
0001580642-25-005096	201103			000288811	801-127276	Florida Financial Advisors
0001580642-25-005096	201104			000167879		EDR Investment Advisors
0001580642-25-005096	201105			000331395	801-130300	OneWealth Capital Management
0001580642-25-005096	201106			000173306	801-127787	Wealth Builders Investments
0001580642-25-005096	201107			000312068	801-129684	Elysium Wealth Management
0001580642-25-005096	201108			000000361	801-16048	Goldman Sachs Demo
0001580642-25-005096	201109			000324749		Proxy Freedom LLC
0001580642-25-005096	201110			000108893	801-45536	Logan Capital Management, INC
0001580642-25-005096	201111			000293750	801-112807	ARS Investment Advisors
0001580642-25-005096	201112			000288792	801-110755	Kingswood Wealth Advisors
0001580642-25-005096	201113			000289574		Capital Wealth Advisors
0001104659-25-077548	201223	0001802900	028-20101			Mirova US LLC
0001012975-25-000439	201520	0001844645	028-20630	000287988	802-110211	Pivotal bioVenture Partners Investment Advisor LLC
0000921895-25-002199	201821	0001922318	028-22858			Pale Fire Capital SE
0001104659-25-077538	201211	0000813917	028-02013			HARRIS ASSOCIATES L P
0001104659-25-077538	201210	0001114618	028-05733			GATEWAY INVESTMENT ADVISERS LLC
0001104659-25-077538	201212	0000312348	028-00398			LOOMIS SAYLES & CO L P
0001104659-25-077538	201209	0001046187	028-06538			AEW CAPITAL MANAGEMENT L P
0001104659-25-077538	201214	0001021642	028-05840			VAUGHAN NELSON INVESTMENT MANAGEMENT, L.P.
0001104659-25-077538	201213	0001018331	028-05788			NATIXIS ADVISORS, LLC
0000921895-25-002198	200982	0000024046	028-24065			CONTINENTAL GENERAL INSURANCE CO
0001667731-25-001110	201050	0000884541	028-03125	000110901	801-17958	TRILLIUM ASSET MANAGEMENT, LLC
0001667731-25-001110	201051	0001086483	028-04587	000110897	801-40592	ZACKS INVESTMENT MANAGEMENT
0001667731-25-001110	201049	0001521019	028-14498	000155584	801-71957	Nuveen Asset Management, LLC
0001667731-25-001110	201042	0001109448	028-10562	000108477	801-56720	ALLIANCEBERNSTEIN L.P.
0001667731-25-001110	201043	0000872259	028-02825	000106139	801-36951	BAHL & GAYNOR INC
0001667731-25-001110	201044	0001348883	028-11611	000137028	801-64710	Clearbridge Investments, LLC
0001667731-25-001110	201045	0001056288	028-04375	000105325	801-34611	FEDERATED HERMES, INC.
0001667731-25-001110	201052	0000732812	028-00218		028-00218	Capital Group Companies, Inc.
0001667731-25-001110	201053	0000949615	028-05066		028-05066	KAYNE ANDERSON CAPITAL ADVISORS LP
0001667731-25-001110	201054	0001071483	028-04171		028-04171	TODD ASSET MANAGEMENT LLC
0001667731-25-001110	201048	0001018331	028-05788	000106800	801-48408	NATIXIS ADVISORS, LLC
0001667731-25-001110	201047	0001403438	028-12526	000105800	801-28170	LPL Financial LLC
0001667731-25-001110	201046	0001207017	028-10469	000122836	801-61701	LAZARD ASSET MANAGEMENT LLC
0000921895-25-002197	201277	0001922318	028-22858			Pale Fire Capital SE
0000921895-25-002196	201404	0000024046	028-24065			CONTINENTAL GENERAL INSURANCE CO
0001415889-25-021636	201266	0001766574	028-22117			Kinnevik AB (publ)
0000312069-25-000561	201170	0000312069	028-00826			BARCLAYS PLC
0000921895-25-002195	201275	0000024046	028-24065			CONTINENTAL GENERAL INSURANCE CO
0001667731-25-001109	201517	0000932859	028-04558			PARAMETRIC PORTFOLIO ASSOCIATES LLC
0001085146-25-005020	201380	0001457320	028-19670	000151197	801-70485	EXCHANGE TRADED CONCEPTS, LLC
0001085146-25-005014	201235	0001426092	028-12889	000143875	801-68536	Longview Partners (Guernsey) LTD
0001085146-25-005011	201309	0001123778	028-06075			Jarislowsky, Fraser Ltd
0001085146-25-005011	201307	0001483272	028-13705			1832 Asset Management L.P.
0001085146-25-005011	201308	0001335382	028-11459			Bank Of Nova Scotia Trust Co
0001085146-25-005011	201310	0001335644	028-11461			SCOTIA CAPITAL INC.
0001214659-25-011975	201032	0001742998	028-18846			FNY Investment Advisers, LLC
0000312069-25-000560	201225	0000312069	028-00826			BARCLAYS PLC
0000950123-25-007828	201785		028-07104	000104702	801-11916	WCM Investment Management, LLC
0000950123-25-007828	201786		028-17022	000173961	801-80640	William Blair Investment Management, LLC
0000950123-25-007828	201754		028-15014			Allianz Asset Management GmbH
0000950123-25-007828	201755		028-10104	000109678	801-63055	Altrinsic Global Advisors LLC
0000950123-25-007828	201756		028-11918			American Century Companies Inc
0000950123-25-007828	201757		028-10120	000111883	801-55543	AQR Capital Management LLC
0000950123-25-007828	201758		028-01006	000105519	801-31237	Barrow Hanley Mewhinney & Strauss LLC
0000950123-25-007828	201759		028-12019			BlackRock Inc.
0000950123-25-007828	201760		028-00408			Brown Brothers Harriman & Co
0000950123-25-007828	201761		028-04207		801-18439	Driehaus Capital Management LLC
0000950123-25-007828	201762		028-04981			Goldman Sachs Group, Inc.
0000950123-25-007828	201763		028-12836			Guggenheim Capital LLC
0000950123-25-007828	201764		028-04321	000107134	801-48252	Heitman Real Estate Securities LLC
0000950123-25-007828	201765		028-03059	000107022	801-28257	Jacobs Levy Equity Management, Inc.
0000950123-25-007828	201766		028-10904			Janus Henderson Group Plc
0000950123-25-007828	201767		028-00694			JPMorgan Chase & Co
0000950123-25-007828	201768		028-01490			Legal & General Group Plc
0000950123-25-007828	201769		028-00398	000105377	801-170	Loomis Sayles & Co L P
0000950123-25-007828	201770		028-13120			Macquarie Group Ltd
0000950123-25-007828	201771		028-04968	000110045	801-17352	Massachusetts Financial Services Co
0000950123-25-007828	201772		028-13573			Neuberger Berman Group LLC
0000950123-25-007828	201773		028-04558			Parametric Portfolio Associates LLC
0000950123-25-007828	201774		028-14013			Payden & Rygel
0000950123-25-007828	201775		028-10077			Prudential Financial Inc
0000950123-25-007828	201776		028-11396			Royal Bank of Canada
0000950123-25-007828	201777		028-10103			Deutsche Bank AG\
0000950123-25-007828	201778		028-05734	000137610	801-64820	Sands Capital Management, LLC
0000950123-25-007828	201779		028-10621	000112192	801-25180	Shenkman Capital Management Inc.
0000950123-25-007828	201780		028-04720	000104889	801-10544	SSI Investment Management LLC
0000950123-25-007828	201781		028-11092			TimesSquare Capital Management, LLC
0000950123-25-007828	201782		028-02494			TCW Group Inc
0000950123-25-007828	201783		028-04557			Wellington Management Group LLP
0000950123-25-007828	201784		028-10245	000110441	801-8162	Western Asset Management Company, LLC
0001437749-25-026488	201853	0001604873	028-16768			SUMMER ROAD LLC
0001437749-25-026485	201487	0001604873	028-16768			SUMMER ROAD LLC
0001437749-25-026483	201669	0001604873	028-16768			SUMMER ROAD LLC
0000312069-25-000559	201863	0000312069				BARCLAYS PLC
0001256484-25-000028	201352	0001507115	028-14137	000110297	801-52751	Madison Investment Advisors, LLC
0001256484-25-000028	201353	0001541743	028-14668	000135822	801-68586	Copeland Capital Management, LLC
0001256484-25-000028	201354	0000053417	028-00074	000107959	801-5608	JENNISON ASSOCIATES LLC
0001256484-25-000028	201355	0001908619	028-24042	000300915	801-114880	Promethos Capital, LLC
0001256484-25-000028	201356	0000937729	028-10991	000106584	801-1725	FAYEZ SAROFIM & CO
0001256484-25-000028	201311	0001197921	028-15333			KELLOGG W K FOUNDATION TRUST
0001256484-25-000028	201312	0001513216	028-14423	000160034	801-73006	First Sentier Investors (Australia) IM Ltd
0001256484-25-000028	201313	0001207017	028-10469	000122836	801-61701	LAZARD ASSET MANAGEMENT LLC
0001256484-25-000028	201314	0001165797	028-11728	000113308	801-60343	CAUSEWAY CAPITAL MANAGEMENT LLC
0001256484-25-000028	201315	0000902219	028-04557	000130131	801-62752	WELLINGTON MANAGEMENT GROUP LLP
0001256484-25-000028	201316	0001061186	028-07104	000104702	801-11916	WCM INVESTMENT MANAGEMENT, LLC
0001256484-25-000028	201317	0001356513	028-11863	000125012	801-61776	Westwood Global Investments, LLC
0001256484-25-000028	201318	0001040188	028-06354	000106189	801-46878	VICTORY CAPITAL MANAGEMENT INC
0001256484-25-000028	201319	0000860644	028-02634	000109876	801-60014	Aristotle Capital Management, LLC
0001256484-25-000028	201320	0000936753	028-04003	000108211	801-18767	ARIEL INVESTMENTS, LLC
0001256484-25-000028	201321	0001034524	028-03687	000106093	801-15180	POLEN CAPITAL MANAGEMENT LLC
0001256484-25-000028	201322	0001109147	028-05615	000109605	801-56651	AXIOM INVESTORS LLC /DE
0001256484-25-000028	201323	0000912938	028-04968	000110045	801-17352	MASSACHUSETTS FINANCIAL SERVICES CO /MA/
0001256484-25-000028	201324	0001274173	028-10904	000104652	801-13991	JANUS HENDERSON GROUP PLC
0001256484-25-000028	201325	0001463879	028-13513	000113606	801-60358	KBI Global Investors (North America) Ltd
0001256484-25-000028	201326	0001348883	028-11611	000137028	801-64710	Clearbridge Investments, LLC
0001256484-25-000028	201327	0001352662	028-11599	000106220	801-15028	Grantham, Mayo, Van Otterloo & Co. LLC
0001256484-25-000028	201328	0001130787	028-06213	000107306	801-53294	EAGLE GLOBAL ADVISORS LLC
0001256484-25-000028	201329	0001375534	028-12114	000164371	802-77005	GENERATION INVESTMENT MANAGEMENT LLP
0001256484-25-000028	201330	0001600145	028-15895	000116632	801-61884	Van Hulzen Asset Management, LLC
0001256484-25-000028	201331	0001027796	028-03791	000106847	801-50838	PZENA INVESTMENT MANAGEMENT LLC
0001256484-25-000028	201332	0001088875	028-04825	000304197	802-116796	BAILLIE GIFFORD & CO
0001256484-25-000028	201333	0001315868	028-11129	000114317	801-60503	Burgundy Asset Management Ltd.
0001256484-25-000028	201334	0001465109	028-13573	000002908	801-3908	Neuberger Berman Group LLC
0001256484-25-000028	201335	0001644956	028-17022	000173961	801-80640	WILLIAM BLAIR INVESTMENT MANAGEMENT, LLC
0001256484-25-000028	201336	0000938206	028-04207	000105757	801-18439	DRIEHAUS CAPITAL MANAGEMENT LLC
0001256484-25-000028	201337	0001542266	028-14862	000150632	801-70383	Granite Investment Partners, LLC
0001256484-25-000028	201351	0001414702		000289472	801-120377	Haven Global Partners LP
0001256484-25-000028	201350	0001050477	028-06636	000108518	801-54641	SNYDER CAPITAL MANAGEMENT L P
0001256484-25-000028	201349	0001050470	028-06580	000109918	801-47689	LSV ASSET MANAGEMENT
0001256484-25-000028	201347	0001350585	028-11563	000111335	801-60111	Coho Partners, Ltd.
0001256484-25-000028	201348	0001943239	028-23188	000310355	801-119868	V-Square Quantitative Management LLC
0001256484-25-000028	201346	0001857666	028-21408	000312837	801-121267	Capital Group Private Client Services, Inc.
0001256484-25-000028	201345	0001730467	028-18460	000153956	801-78911	CLIFFORD CAPITAL PARTNERS LLC
0001256484-25-000028	201344	0001164833	028-10068	000114649	801-60512	HOTCHKIS & WILEY CAPITAL MANAGEMENT LLC
0001256484-25-000028	201343	0001513287	028-14421	000175193	801-108196	Colonial First State Investments Ltd
0001256484-25-000028	201342	0000052388	028-01091	000105778	801-8174	AMERICAN CENTURY INVESTMENT MANAGEMENT INC
0001256484-25-000028	201357	0000315066	028-00451	000133196	801-63658	FMR LLC
0001256484-25-000028	201358	0000845563	028-02405	000106266	801-27721	COHEN & STEERS CAPITAL MANAGEMENT INC
0001256484-25-000028	201359	0001109448	028-10562	000108477	801-56720	ALLIANCEBERNSTEIN L.P.
0001256484-25-000028	201360	0001594916	028-21796	000167276	801-91173	Metis Global Partners, LLC
0001256484-25-000028	201338	0001112325	028-05655	000108074	801-57432	RIVERBRIDGE PARTNERS LLC
0001256484-25-000028	201339	0001424467	028-12654	000130023	801-62639	Lisanti Capital Growth, LLC
0001256484-25-000028	201340	0000884414	028-03059	000107022	801-28257	JACOBS LEVY EQUITY MANAGEMENT, INC
0001256484-25-000028	201341	0000932859	028-04558	000114310	801-60485	PARAMETRIC PORTFOLIO ASSOCIATES LLC
0001437749-25-026481	201557	0001604873	028-16768			SUMMER ROAD LLC
0001437749-25-026477	201293	0001604873	028-16768			SUMMER ROAD LLC
0001018331-25-000006	201751		028-06538			AEW Capital Management, L.P.
0001018331-25-000006	201748		028-2013			Harris Associates L.P
0001018331-25-000006	201749		028-00398			Loomis, Sayles & Company, L.P
0001018331-25-000006	201750		028-05840			Vaughan Neslon Investment Management, L.P.
0002068210-25-000018	201435	0001167388	028-10104			ALTRINSIC GLOBAL ADVISORS LLC
0002068210-25-000018	201436	0001330387	028-11416			Amundi
0002068210-25-000018	201437	0001085972	028-04395			BAILLIE GIFFORD OVERSEAS LTD
0002068210-25-000018	201438	0001361974	028-11939			Beutel, Goodman & Co Ltd.
0002068210-25-000018	201439	0001600094	028-16018			BMO Asset Management Inc.
0002068210-25-000018	201440	0000927971	028-07640			BANK OF MONTREAL /CAN/
0002068210-25-000018	201441	0001596800	028-16144			Connor, Clark & Lunn Investment Management Ltd.
0002068210-25-000018	201442	0001163648				CI INVESTMENTS INC.
0002068210-25-000018	201443	0001348883	028-11611			Clearbridge Investments, LLC
0002068210-25-000018	201444	0001899384				Fidelity Investments Canada ULC
0002068210-25-000018	201445	0001505817	028-14036			Fiera Capital Corp
0002068210-25-000018	201446	0001513216	028-14423			First Sentier Investors (Australia) IM Ltd
0002068210-25-000018	201447	0001132702				FRANKLIN TEMPLETON INVESTMENTS CORP
0002068210-25-000018	201448	0001584691	028-15606			Global Alpha Capital Management Ltd.
0002068210-25-000018	201449	0001569137	028-15340			Grandeur Peak Global Advisors, LLC
0002068210-25-000018	201450	0001013143	028-10437			HERMES INVESTMENT MANAGEMENT LTD
0002068210-25-000018	201451	0001056288	028-04375			FEDERATED HERMES, INC.
0002068210-25-000018	201452	0001368465	028-11957			Hillsdale Investment Management Inc.
0002068210-25-000018	201453	0001698246	028-17969			IFM Investors Pty Ltd
0002068210-25-000018	201454	0001749768	028-18939			Impax Asset Management Group plc
0002068210-25-000018	201455	0001428948	028-13410			Impax Asset Management LTD
0002068210-25-000018	201456	0001131154	028-06137			Invesco Canada Ltd.
0002068210-25-000018	201457	0001123778	028-06075			JARISLOWSKY, FRASER Ltd
0002068210-25-000018	201458	0000019617				JPMORGAN CHASE & CO
0002068210-25-000018	201459	0001207017	028-10469			LAZARD ASSET MANAGEMENT LLC
0002068210-25-000018	201460	0000912938	028-04968			MASSACHUSETTS FINANCIAL SERVICES CO /MA/
0002068210-25-000018	201461	0001767843	028-19315			MIROVA
0002068210-25-000018	201462	0001317724	028-11450			Mondrian Investment Partners LTD
0002068210-25-000018	201463	0001633343	028-16538			Ninety One North America, Inc.
0002068210-25-000018	201464	0001137774	028-10077			PRUDENTIAL FINANCIAL INC
0002068210-25-000018	201465	0001163368	028-10952			PACIFIC INVESTMENT MANAGEMENT CO LLC
0002068210-25-000018	201466	0001510481	028-14146			Sarasin & Partners LLP
0002068210-25-000018	201467	0000080255				PRICE T ROWE ASSOCIATES INC /MD/
0002068210-25-000018	201468	0000902219	028-04557			WELLINGTON MANAGEMENT GROUP LLP
0002068210-25-000018	201469	0001138897	028-10245			Western Asset Management Company, LLC
0002068210-25-000018	201470	0001322853				Foyston, Gordon, & Payne Inc
0002068210-25-000018	201471	0001353651				Leith Wheeler Investment Counsel Ltd.
0002068210-25-000018	201430	0002022297	028-24160			Federation des caisses Desjardins du Quebec
0002068210-25-000018	201431	0001716774				Aberdeen Group plc
0002068210-25-000018	201432	0000916542	028-05990			ACADIAN ASSET MANAGEMENT LLC
0002068210-25-000018	201433	0001569411	028-15211			Addenda Capital Inc.
0002068210-25-000018	201434	0001109448				ALLIANCEBERNSTEIN L.P.
0001776936-25-000005	201203	0001632813	028-16985			CMT Capital Markets Trading GmbH
0001593387-25-000006	201690	0001776033	028-19519			Golden State Wealth Management, LLC
0001593387-25-000006	201694	0001985016	028-23988			LANDMARK WEALTH MANAGEMENT, INC.
0001593387-25-000006	201693	0001987855	028-23333			KINGSWOOD WEALTH ADVISORS, LLC
0001593387-25-000006	201692	0001960212	028-22719			JDM Financial Group LLC
0001593387-25-000006	201691	0002034214	028-24338			Hershey Financial Advisers, LLC
0001593387-25-000006	201684	0001767340	028-19206			Aspire Private Capital, LLC
0001593387-25-000006	201685	0001739728	028-18760			CreativeOne Wealth, LLC
0001593387-25-000006	201686	0001871112	028-21324			Elevation Capital Advisory, LLC
0001593387-25-000006	201687	0001743404	028-18893			FOUNDATIONS INVESTMENT ADVISORS, LLC
0001593387-25-000006	201688	0001566653	028-15088			Freedom Investment Management, Inc.
0001593387-25-000006	201689	0001845003	028-20606			Golden State Equity Partners
0001593387-25-000006	201707	0002007082	028-24186			Oxford Wealth Group, LLC
0001593387-25-000006	201706	0001540569	028-14754			EP Wealth Advisors, LLC
0001593387-25-000006	201705	0001665976	028-17126			Coastal Bridge Advisors, LLC
0001593387-25-000006	201704	0002057465	028-25413			Lakeshore Capital Group, Inc.
0001593387-25-000006	201703	0002052798	028-24619			Flavin Financial Services, Inc.
0001593387-25-000006	201702	0002023324	028-24694			Stanich Group LLC
0001593387-25-000006	201701	0002045258	028-24516			Copley Financial Group, Inc.
0001593387-25-000006	201700	0001965271	028-22886			WATERSHED PRIVATE WEALTH LLC
0001593387-25-000006	201699	0001776082	028-20168			TRANSCEND CAPITAL ADVISORS, LLC
0001593387-25-000006	201698	0001633697	028-17985			Sowell Financial Services LLC
0001593387-25-000006	201697	0001714107	028-18107			Sage Capital Advisors,llc
0001593387-25-000006	201696	0001844707	028-20595			OneAscent Wealth Management LLC
0001593387-25-000006	201695	0001977092	028-23223			Legacy Capital Group California, Inc.
0001607635-25-000002	200961	0001719165	028-18638			Capital Markets Trading UK LLP
0001607635-25-000002	200960	0001632813	028-16985			CMT Capital Markets Trading GmbH
0002035165-25-000004	201260			000120338	801-61115	EVANSTON CAPITAL MANAGEMENT, LLC
0002035165-25-000004	201259		028-03133	000105834	801-15323	KENNEDY CAPITAL MANAGEMENT
0002035165-25-000004	201258		028-21264	000306128	801-117641	CSM Advisors, LLC
0002035165-25-000004	201257		028-10104	000109678	801-63055	ALTRINSIC GLOBAL ADVISOR, LLC
0002035165-25-000004	201256		028-18686	000170939	801-79728	RED CEDAR INVESTMENT MANAGEMENT, LLC
0002035165-25-000004	201254		028-10860	000125523	801-61878	ALGERT GLOBAL LLC
0002035165-25-000004	201255		028-05637	000108254	801-14172	ADVISORY RESEARCH, INC.
0001710537-25-000007	201554	0001710537	028-21626	000286340	801-119192	EverSource Wealth Advisors, LLC
0001172661-25-003139	201734	0001388391	028-12094	000136196	8-66988	Walleye Trading LLC
0001573679-25-000037	201146	0000928047	028-04428			MANUFACTURERS LIFE INSURANCE COMPANY, THE
0001445546-25-005500	200989	0001388814	028-12170	000140799		Energy Income Partners, LLC
0001445546-25-005500	200988	0001274173	028-10904	000104652		JANUS HENDERSON GROUP PLC
0001445546-25-005500	200987	0001123778	028-06075	000107390		JARISLOWSKY, FRASER Ltd
0001445546-25-005500	200986	0001061186	028-07104	000104702		WCM INVESTMENT MANAGEMENT, LLC
0001445546-25-005500	200985	0000938487	028-04720	000104889		SSI INVESTMENT MANAGEMENT LLC
0001445546-25-005500	200990	0001442056	028-13334	000146019		CONFLUENCE INVESTMENT MANAGEMENT LLC
0001445546-25-005500	200993	0001709632	028-20621	000165976		Vest Financial, LLC
0001445546-25-005500	200992	0001604488	028-17430	000317825		First Trust Capital Management L.P.
0001445546-25-005500	200991	0001616525	028-16224	000170335		CHARTWELL INVESTMENT PARTNERS, LLC
0000950123-25-007817	201248		028-20924	001568991		Alpha Family Trust
0001573679-25-000036	201155	0000928047	028-04428			MANUFACTURERS LIFE INSURANCE COMPANY, THE
0001623632-25-000979	201207	0001056288	028-04375			FEDERATED HERMES, INC.
0000950123-25-007812	201525		028-20924	001568991		Alpha Family Trust
0001623632-25-000978	201849	0001056288	028-04375			FEDERATED HERMES, INC.
0001623632-25-000978	201850	0001692234	028-17598			Russell Investments Group, Ltd.
0001573679-25-000035	201216	0000928047	028-04428			MANUFACTURERS LIFE INSURANCE COMPANY, THE
0001623632-25-000977	201279	0001056288	028-04375			FEDERATED HERMES, INC.
0001425852-25-000004	201563		28-12836			GUGGENHEIM CAPITAL LLC
0000950123-25-007809	201303		028-20924	001568991		Alpha Family Trust
0001623632-25-000976	201847	0001056288	028-04375			FEDERATED HERMES, INC.
0001623632-25-000975	201306	0001056288	028-04375			FEDERATED HERMES, INC.
0001573679-25-000034	201406	0000928047	028-04428			MANUFACTURERS LIFE INSURANCE COMPANY, THE
0001623632-25-000974	201281	0001056288	028-04375			FEDERATED HERMES, INC.
0001623632-25-000973	201252	0001056288	028-04375			FEDERATED HERMES, INC.
0001123292-25-000358	201892	0001887845	028-25231			V3 Holding Ltd
0001573679-25-000033	201377	0000928047	028-04428			MANUFACTURERS LIFE INSURANCE COMPANY, THE
0001123292-25-000357	201005	0001887845	028-25231			V3 Holding Ltd
0000929638-25-003006	201261		028-15050	005879630		Parafestas Anastasios
0001573679-25-000032	200965	0000928047	028-04428			MANUFACTURERS LIFE INSURANCE COMPANY, THE
0000929638-25-003005	200957		028-18223	000292304		Spinnaker Capital LLC
0000929638-25-003005	200956		028-15049	000155317	801-72749	Bollard Group LLC
0001573679-25-000031	201234	0000928047	028-04428			MANUFACTURERS LIFE INSURANCE COMPANY, THE
0001573679-25-000030	201753	0000928047	028-04428			MANUFACTURERS LIFE INSURANCE COMPANY, THE
0002068210-25-000017	201479	0001563660	028-21533			Desjardins Global Asset Management Inc.
0002068210-25-000017	201478	0002022297	028-24160			Federation des caisses Desjardins du Quebec
0001062993-25-014282	201833	0001513216				First Sentier Investors (Australia) IM Ltd
0001062993-25-014282	201834	0001352662				Grantham, Mayo, Van Otterloo & Co. LLC
0001062993-25-014282	201835	0000812295				JANUS HENDERSON INVESTORS US LLC
0001062993-25-014282	201836	0001123778				JARISLOWSKY, FRASER Ltd
0001062993-25-014282	201837	0001106129				JENSEN INVESTMENT MANAGEMENT INC
0001062993-25-014282	201838	0001207017				LAZARD ASSET MANAGEMENT LLC
0001062993-25-014282	201839	0001058231				LINCLUDEN MANAGEMENT LTD
0001062993-25-014282	201840	0001140601				MFS INVESTMENT MANAGEMENT CANADA LTD
0001062993-25-014282	201841	0001034524				POLEN CAPITAL MANAGEMENT LLC
0001062993-25-014282	201842	0001027796				PZENA INVESTMENT MANAGEMENT LLC
0001062993-25-014282	201843	0001324601				State Street Global Advisors Ltd.
0001062993-25-014282	201844	0001040188				VICTORY CAPITAL MANAGEMENT INC
0001062993-25-014282	201845	0000902219				WELLINGTON MANAGEMENT GROUP LLP
0001062993-25-014282	201846	0001475940				MONTRUSCO BOLTON INVESTMENTS INC.
0001062993-25-014282	201822	0001109147				AXIOM INVESTORS LLC /DE
0001062993-25-014282	201823	0001088875				BAILLIE GIFFORD & CO
0001062993-25-014282	201824	0001390777				Bank of New York Mellon Corp
0001062993-25-014282	201825	0000009631				BANK OF NOVA SCOTIA
0001062993-25-014282	201826	0001050459				BlackRock Asset Management Canada Ltd
0001062993-25-014282	201827	0001350585				Coho Partners, Ltd.
0001062993-25-014282	201828	0001627512				Comgest Asset Management International Ltd
0001062993-25-014282	201829	0001596800				Connor, Clark & Lunn Investment Management Ltd.
0001062993-25-014282	201830	0001102578				EARNEST PARTNERS LLC
0001062993-25-014282	201831	0001305841				Epoch Investment Partners, Inc.
0001062993-25-014282	201832	0000764532				FIDUCIARY MANAGEMENT INC /WI/
0001573679-25-000029	200966	0000928047	028-04428			MANUFACTURERS LIFE INSURANCE COMPANY, THE
0002068210-25-000016	201241	0001596800	028-16144			Connor, Clark & Lunn Investment Management Ltd.
0002068210-25-000016	201240	0001563660	028-21533			Desjardins Global Asset Management Inc.
0002068210-25-000016	201239	0002022297	028-24160			Federation des caisses Desjardins du Quebec
0001573679-25-000028	200941	0001386060	028-12484	000124982	801-61786	Boston Partners
0001573679-25-000028	200943	0001075869	028-04413	000104973	801-21122	Allspring Global Investments, LLC
0001573679-25-000028	200944	0001082917	028-04145	000121942	801-61559	GW&K Investment Management, LLC
0001573679-25-000028	200940	0000902219	028-04557			WELLINGTON MANAGEMENT GROUP LLP
0001573679-25-000028	200939	0000080255	028-00115	000105496	801-856	PRICE T ROWE ASSOCIATES INC /MD/
0001573679-25-000028	200938	0000354204	028-01186	000106482	801-16283	DIMENSIONAL FUND ADVISORS LP
0001573679-25-000028	200937	0000928047	028-04428			MANUFACTURERS LIFE INSURANCE COMPANY, THE
0001573679-25-000028	200942	0001257442	028-11338	000111242	801-60103	SSGA FUNDS MANAGEMENT INC
0002068210-25-000015	201152	0001563660	028-21533			Desjardins Global Asset Management Inc.
0002068210-25-000015	201151	0002022297	028-24160			Federation des caisses Desjardins du Quebec
0000898432-25-000603	200953	0000355429	028-18945			PROTECTIVE LIFE CORP
0000898432-25-000603	200954	0000752798	028-18928			CONCOURSE FINANCIAL GROUP SECURITIES, INC.
0000919574-25-004562	201860	0001512173	028-14130	000159894	801-74054	MAPLELANE CAPITAL, LLC
0000898432-25-000601	201296	0000355429	028-18945			PROTECTIVE LIFE CORP
0000898432-25-000601	201297	0000752798	028-18928			CONCOURSE FINANCIAL GROUP SECURITIES, INC.
0000919574-25-004561	201249	0001512173	028-14130	000159894	801-74054	MAPLELANE CAPITAL, LLC
0000919574-25-004560	201710	0001512173	028-14130	000159894	801-74054	MAPLELANE CAPITAL, LLC
0000919574-25-004559	201683	0001512173	028-14130	000159894	801-74054	MAPLELANE CAPITAL, LLC
0000898432-25-000597	201740	0000752798	028-18928			CONCOURSE FINANCIAL GROUP SECURITIES, INC.
0000898432-25-000597	201739	0000355429	028-18945			PROTECTIVE LIFE CORP
0000898432-25-000597	201738	0001697728	028-17864			Dai-ichi Life Insurance Company, Ltd
0001677044-25-000018	201736	0001677044				OSAIC HOLDINGS, INC.
0001402828-25-000008	201709		028-10477			Columbia Management Investment Advisers, LLC
0001402828-25-000008	201708		028-17598			Russell Investments Group, Ltd.
0000919574-25-004557	201221	0001558971	028-16076	000164648	801-76834	Tekne Capital Management, LLC
0002068210-25-000014	201177	0002022297	028-24160			Federation des caisses Desjardins du Quebec
0002068210-25-000014	201176	0001563660	028-21533			Desjardins Global Asset Management Inc.
0000919574-25-004556	200977	0001558971	028-16076	000164648	801-76834	Tekne Capital Management, LLC
0001677044-25-000017	201524	0001677044				OSAIC HOLDINGS, INC.
0000914208-25-000338	201284		028-11246	000000000		Invesco Ltd.
0001677044-25-000016	201009	0001677044				OSAIC HOLDINGS, INC.
0000914208-25-000337	201226		028-11246	000000000		Invesco Ltd.
0000914208-25-000336	201298		028-11246	000000000		Invesco Ltd.
0000914208-25-000335	200968		028-11246	000000000		Invesco Ltd.
0002068210-25-000013	201154	0001563660	028-21533			Desjardins Global Asset Management Inc.
0002068210-25-000013	201153	0002022297	028-24160			Federation des caisses Desjardins du Quebec
0000914208-25-000334	201414		028-11246	000000000		Invesco Ltd.
0000914208-25-000333	201305		028-11246	000000000		Invesco Ltd.
0000400007-25-000004	200996	0001692234	028-17598			Russell Investments Group, Ltd.
0000914208-25-000332	201013		028-11246	000000000		Invesco Ltd.
0000914208-25-000331	201040		028-11246	000000000		Invesco Ltd.
0001402828-25-000007	201416	0001164508	028-10005			ARROWSTREET CAPITAL, LIMITED PARTNERSHIP
0000914208-25-000330	201364		028-11246	000000000		Invesco Ltd.
0000914208-25-000329	201218		028-11246	000000000		Invesco Ltd.
0000914208-25-000328	201523		028-11246	000000000		Invesco Ltd.
0001415227-25-000005	201169	0001692234	028-17598			Russell Investments Group, Ltd.
0000914208-25-000327	201302		028-11246	000000000		Invesco Ltd.
0000914208-25-000326	201510		028-11246	000000000		Invesco Ltd.
0000945621-25-000759	200955	0002056088	028-25236			Groupe la Francaise
0001928783-25-000006	201375	0000914208	028-11246			Invesco Ltd.
0002056910-25-000002	200981	0001911832	028-22291	000145706	801-69970	Forum Financial Management, LP
0000945621-25-000754	201392	0002056266	028-25255			Groupe des Assurances du Credit Mutuel
0001941040-25-000481	201606	0001034524	028-03687	000106093	801-15180	POLEN CAPITAL MANAGEMENT LLC
0001941040-25-000481	201605	0000932859	028-04558	000114310	801-60485	PARAMETRIC PORTFOLIO ASSOCIATES LLC
0001941040-25-000481	201608	0001554656	028-15157	000153994	801-71732	Raub Brock Capital Management LP
0001941040-25-000481	201609	0001455969	028-13671	000137342	801-64812	Reynders McVeigh Capital Management, LLC
0001941040-25-000481	201610	0001341401	028-11487	000134918	801-64175	River Road Asset Management, LLC
0001941040-25-000481	201611	0001112325	028-05655	000108074	801-57432	RIVERBRIDGE PARTNERS LLC
0001941040-25-000481	201612	0001882572	028-21541	000283540	801-117635	Riverwater Partners LLC
0001941040-25-000481	201613	0001477872	028-13757	000110506	801-57695	Saratoga Research & Investment Management
0001941040-25-000481	201614	0001056593	028-04691	000105799	801-18407	SCHAFER CULLEN CAPITAL MANAGEMENT INC
0001941040-25-000481	201615	0001006378	028-03381	000106505	801-47232	SEGALL BRYANT & HAMILL, LLC
0001941040-25-000481	201616	0001002784	028-05709	000104720	801-25205	SHELTON CAPITAL MANAGEMENT
0001941040-25-000481	201617	0001232395	028-10472	000118333	801-61004	SILVERCREST ASSET MANAGEMENT GROUP LLC
0001941040-25-000481	201618	0001299910	028-10937	000131183	801-71522	Skylands Capital, LLC
0001941040-25-000481	201619	0001504492	028-14071	000124777	801-61779	St. James Investment Company, LLC
0001941040-25-000481	201620	0001308685	028-11071	000106785	801-45724	Stack Financial Management, Inc
0001941040-25-000481	201621	0001329883	028-11465	000135405	801-64257	Sterling Capital Management LLC
0001941040-25-000481	201622	0001591478	028-16131	000164280	801-76701	Swan Capital Management, LLC
0001941040-25-000481	201623	0001021642	028-05840	000106975	801-51795	VAUGHAN NELSON INVESTMENT MANAGEMENT, L.P.
0001941040-25-000481	201624	0001600435	028-18951	000143720	801-68152	Wakefield Asset Management LLLP
0001941040-25-000481	201625	0000814133	028-01286	000106081	801-11095	WASATCH ADVISORS LP
0001941040-25-000481	201626	0001177719	028-10220	000146990	801-69413	WESTFIELD CAPITAL MANAGEMENT CO LP
0001941040-25-000481	201627	0001086483	028-04587	000110897	801-40592	ZACKS INVESTMENT MANAGEMENT
0001941040-25-000481	201628	0001307617	028-10982	000309195	801-118813	Ziegler Capital Management, LLC
0001941040-25-000481	201629	0001009289	028-05392	000117198	801-27265	CITY NATIONAL ROCHDALE, LLC
0001941040-25-000481	201630	0000350894	028-16454	000105146	801-24593	SEI INVESTMENTS CO
0001941040-25-000481	201631	0000003520	028-00869	000106750	801-67135	FRED ALGER MANAGEMENT, LLC
0001941040-25-000481	201632	0001165797	028-11728	000113308	801-60343	CAUSEWAY CAPITAL MANAGEMENT LLC
0001941040-25-000481	201633	0001742418	028-18806	000197522	801-96275	Dundas Partners LLP
0001941040-25-000481	201634	0001102578	028-05269	000107926	801-56189	EARNEST PARTNERS LLC
0001941040-25-000481	201572	0001730242	028-19649	000286620	801-110302	55I, LLC
0001941040-25-000481	201573	0001508822	028-14059	000110933	801-60694	ACR Alpine Capital Research, LLC
0001941040-25-000481	201574	0001093589	028-05119	000106786	801-50778	ALTA CAPITAL MANAGEMENT LLC/
0001941040-25-000481	201575	0001122241	028-10180	000106321	801-49335	AMI INVESTMENT MANAGEMENT INC
0001941040-25-000481	201576	0000813933	028-01880	000105540	801-18930	ANCHOR CAPITAL ADVISORS LLC
0001941040-25-000481	201577	0001364615	028-11964	000111616	801-57184	Aperio Group, LLC
0001941040-25-000481	201578	0000860644	028-02634	000109876	801-60014	Aristotle Capital Management, LLC
0001941040-25-000481	201579	0001793367	028-19653	000154078	801-79309	Belmont Capital, LLC
0001941040-25-000481	201580	0001650142	028-16982	000175139	801-96241	Bristol Gate Capital Partners Inc.
0001941040-25-000481	201581	0001345929	028-13997	000110181	801-38826	BROWN ADVISORY INC
0001941040-25-000481	201582	0001350585	028-11563	000111335	801-60111	Coho Partners, Ltd.
0001941040-25-000481	201583	0001442056	028-13334	000146019	801-68723	CONFLUENCE INVESTMENT MANAGEMENT LLC
0001941040-25-000481	201584	0000897378	028-03434	000105161	801-23386	CONGRESS ASSET MANAGEMENT CO
0001941040-25-000481	201585	0001427514	028-13023	000105879	801-14828	Dana Investment Advisors, Inc.
0001941040-25-000481	201586	0001140771	028-10301	000110552	801-10883	DAVIDSON INVESTMENT ADVISORS
0001941040-25-000481	201587	0001036325	028-04121	000108674	801-31648	DAVIS SELECTED ADVISERS
0001941040-25-000481	201588	0001217541	028-10648	000110638	801-32176	DIAMOND HILL CAPITAL MANAGEMENT INC
0001941040-25-000481	201589	0001767220	028-19385	000297596	801-113638	Edge Capital Group, LLC
0001941040-25-000481	201590	0001407543	028-13411	000111694	801-57260	ENVESTNET ASSET MANAGEMENT INC
0001941040-25-000481	201591	0001780570	028-19978	000282827	801-107290	Ethic Inc.
0001941040-25-000481	201592	0001834499	028-20863	000304405	801-116853	F/m Investments LLC
0001941040-25-000481	201593	0000764532	028-01526	000109149	801-15164	FIDUCIARY MANAGEMENT INC /WI/
0001941040-25-000481	201594	0000807249	028-01887	000104950	801-14132	GAMCO INVESTORS, INC. ET AL
0001941040-25-000481	201595	0000860643	028-02635	000106114	801-41357	GARDNER RUSSO & QUINN LLC
0001941040-25-000481	201596	0001106129	028-03495	000105281	801-32726	JENSEN INVESTMENT MANAGEMENT INC
0001941040-25-000481	201597	0000949615	028-05066	000104536	801-46991	KAYNE ANDERSON CAPITAL ADVISORS LP
0001941040-25-000481	201598	0001259887	028-10665	000106654	801-46604	LONDON CO OF VIRGINIA
0001941040-25-000481	201599	0000312348	028-00398	000105377	801-170	LOOMIS SAYLES & CO L P
0001941040-25-000481	201600	0001419999	028-13243	000144906	801-68369	MAR VISTA INVESTMENT PARTNERS LLC
0001941040-25-000481	201601	0001050463	028-06620	000106288	801-48064	MORGAN DEMPSEY CAPITAL MANAGEMENT LLC
0001941040-25-000481	201602	0001053187	028-06808			Natixis Investment Managers, LLC
0001941040-25-000481	201603	0001465109	028-13573	000149822	801-71669	Neuberger Berman Group LLC
0001941040-25-000481	201604	0001846352	028-20945	000148061	801-121856	Nixon Capital, LLC
0001941040-25-000481	201607	0001076964	028-13006	000106976	801-16412	Provident Investment Management, Inc.
0001879898-25-000010	201233	0001879898	028-22368	000160610	801-73745	Atlas FRM LLC
0001879898-25-000009	201393	0001879898	028-22368	000160610	801-73745	Atlas FRM LLC
0000945621-25-000750	201858	0002056088	028-25236			Groupe la Francaise
0001879898-25-000008	201247	0001879898	028-22368	000160610	801-73745	Atlas FRM LLC
0001879898-25-000007	201862	0001879898	028-22368	000160610	801-73745	Atlas FRM LLC
0001454502-25-000006	201039	0001454502	028-13331			Triple Frond Partners LLC
0001999371-25-011223	200524	0001058470	028-07066			ICON ADVISERS INC/CO
0002022299-25-000002	200527	0002022297	028-24160			Federation des caisses Desjardins du Quebec
0002022299-25-000002	200528	0001563660	028-21533			Desjardins Global Asset Management Inc.
0001361570-25-000019	200582	0001993888				Pictet Asset Management Holding SA
0000897069-25-001320	200775		028-24743			Wynnchurch Capital Partners IV, L.P.
0001361570-25-000018	200521	0001993888				Pictet Asset Management Holding SA
0001104659-25-077376	200672	0001097362	028-05799			SUN LIFE FINANCIAL INC
0001104659-25-077373	200493	0001097362	028-05799			SUN LIFE FINANCIAL INC
0001214659-25-011937	200523	0001697723	028-17779	000282580	801-107319	AE Wealth Management LLC
0001104659-25-077371	200858	0001097362	028-05799			SUN LIFE FINANCIAL INC
0001104659-25-077368	200906	0000912938	028-04968			MASSACHUSETTS FINANCIAL SERVICES CO /MA/
0001361570-25-000017	200506	0001993888				Pictet Asset Management Holding SA
0001741001-25-000007	200892		028-19675	000286622	801-114538	Vident Advisory, LLC
0001361570-25-000016	200593	0001993888				Pictet Asset Management Holding SA
0002005369-25-000030	200479	0001053906	028-15027			Artal Group S.A.
0002005369-25-000028	200814	0001053906	028-15027			Artal Group S.A.
0001361570-25-000015	200700	0001993888				Pictet Asset Management Holding SA
0002005369-25-000026	200830	0001053906	028-15027			Artal Group S.A.
0002005369-25-000024	200538	0001053906	028-15027			Artal Group S.A.
0000929638-25-002989	200857	0002075444				Al Warda Investments RSC Ltd
0000929638-25-002989	200856	0001801297	028-19726			Al Mehwar Commercial Investments LLC
0000919574-25-004521	200522	0001050417	028-10718	000109979	801-50707	CONTRARIAN CAPITAL MANAGEMENT, L.L.C.
0002005369-25-000022	200897	0001053906	028-15027			Artal Group S.A.
0001361570-25-000014	200827	0001993888				Pictet Asset Management Holding SA
0001422848-25-000150	200406		028-00218	000312837	801-121267	CAPITAL GROUP PRIVATE CLIENT SERVICES INC 
0001422848-25-000150	200405		028-04459			CAPITAL INTERNATIONAL LTD /CA/ 
0001422848-25-000150	200404		028-04461	000162640	802-75723	CAPITAL INTERNATIONAL SARL 
0001422848-25-000150	200403		028-04457	000110682	801-32104	CAPITAL INTERNATIONAL INC /CA/ 
0001422848-25-000150	200402		028-15076			Capital International Investors 
0001422848-25-000150	200401		028-12786			Capital World Investors 
0001422848-25-000150	200400		028-12785			Capital Research Global Investors 
0001422848-25-000150	200407		028-23031			CAPITAL GROUP INVESTMENT MANAGEMENT PRIVATE LIMITED
0001422848-25-000142	200668		028-23031			CAPITAL GROUP INVESTMENT MANAGEMENT PRIVATE LIMITED
0001422848-25-000142	200661		028-12785			Capital Research Global Investors 
0001422848-25-000142	200662		028-12786			Capital World Investors 
0001422848-25-000142	200663		028-15076			Capital International Investors 
0001422848-25-000142	200664		028-04457	000110682	801-32104	CAPITAL INTERNATIONAL INC /CA/ 
0001422848-25-000142	200665		028-04461	000162640	802-75723	CAPITAL INTERNATIONAL SARL 
0001422848-25-000142	200666		028-04459			CAPITAL INTERNATIONAL LTD /CA/ 
0001422848-25-000142	200667		028-00218	000312837	801-121267	CAPITAL GROUP PRIVATE CLIENT SERVICES INC 
0001040188-25-000057	200651	0000312348	028-00398			LOOMIS SAYLES & CO L P
0001040188-25-000057	200652	0001633863	028-16899			Wellington Management Co LLP
0001040188-25-000057	200650	0001207017	028-10469			LAZARD ASSET MANAGEMENT LLC
0001040188-25-000057	200649	0001026710	028-05876			Granahan Investment Management, LLC
0001040188-25-000057	200648	0001608904				SailingStone Capital Partners LLC
0001040188-25-000057	200647	0001233991	028-10477			COLUMBIA MANAGEMENT INVESTMENT ADVISERS, LLC
0001398344-25-015212	200870	0001595932	028-17294	000165053	801-100438	GUARDIAN POINT CAPITAL, LP
0001422848-25-000141	200466		028-12786			Capital World Investors 
0001422848-25-000141	200465		028-12785			Capital Research Global Investors 
0001422848-25-000141	200467		028-15076			Capital International Investors 
0001422848-25-000141	200468		028-04457	000110682	801-32104	CAPITAL INTERNATIONAL INC /CA/ 
0001422848-25-000141	200469		028-04461	000162640	802-75723	CAPITAL INTERNATIONAL SARL 
0001422848-25-000141	200470		028-04459			CAPITAL INTERNATIONAL LTD /CA/ 
0001422848-25-000141	200471		028-00218	000312837	801-121267	CAPITAL GROUP PRIVATE CLIENT SERVICES INC 
0001422848-25-000141	200472		028-23031			CAPITAL GROUP INVESTMENT MANAGEMENT PRIVATE LIMITED
0001172661-25-003117	200540	0001592828	028-17729			Empowered Funds, LLC
0001172661-25-003116	200873	0001650150	028-18071	000269866	801-100433	Lido Advisors, LLC
0001172661-25-003115	200638	0001592828	028-17729	000171412	801-79835	Empowered Funds, LLC
0001172661-25-003114	200678	0001650150	028-18071	000269866	801-100433	Lido Advisors, LLC
0001700286-25-000016	200902	0001700286	028-18103	000286294	802-108995	Algebris (UK) Ltd
0002005369-25-000018	200697	0002005245	028-24464			Siren, L.L.C.
0002005369-25-000016	200462	0002005245	028-24464			Siren, L.L.C.
0000059546-25-000013	200698	0001624758	028-16292	000162200		Capital Analysts, LLC
0001172661-25-003104	200602	0001749768	028-18939			Impax Asset Management Group plc
0001172661-25-003104	200601	0001731029	028-18851			Greencape Capital Pty Ltd
0001172661-25-003104	200600	0001731012	028-18430			Alphinity Investment Management Pty Ltd
0001398344-25-015199	200586	0001638081	028-19400	000166517	801-77698	RWC ASSET ADVISORS (US) LLC
0001172661-25-003101	200640	0001441888	028-13245	000112528	801-60282	Tributary Capital Management, LLC
0001172661-25-003101	200641	0000036644	028-00317			FIRST NATIONAL BANK OF OMAHA
0001415889-25-021557	200831	0001465109	028-13573			Neuberger Berman Group LLC 
0001415889-25-021555	200476	0001465109	028-13573			Neuberger Berman Group LLC 
0001415889-25-021553	200834	0001465109	028-13573			Neuberger Berman Group LLC
0001415889-25-021550	200475	0001465109	028-13573			Neuberger Berman Group LLC 
0001062993-25-014252	200907		028-14499			Arbiter Partners Capital Management LLC
0001415889-25-021543	200556	0001465109	028-13573			Neuberger Berman Group LLC
0001062993-25-014246	200439		028-14499			Arbiter Partners Capital Management LLC
0001415889-25-021541	200925	0001465109	028-13573			Neuberger Berman Group LLC
0001415889-25-021539	200438	0001465109	028-13573			Neuberger Berman Group LLC 
0001667108-25-000004	200872	0001534653				Skandinaviska Enskilda Banken AB (publ)
0002033481-25-000009	200643		028-694	000000079	801-3702	JP Morgan Chase & Co.
0002033481-25-000008	200495		028-694	000000079	801-3702	JP Morgan Chase & Co.
0000950123-25-007760	200560		28-00267			M & T BANK CORPORATION
0001435066-25-000007	200639	0000312348	028-00398			LOOMIS SAYLES & CO L P
0002033481-25-000007	200508		028-694	000000079	801-3702	JP Morgan Chase & Co.
0001587281-25-000009	200488	0001387941	028-12259	000128356		ALPHASIMPLEX GROUP, LLC
0001587281-25-000008	200616	0001738726	028-18745	000146023		Ceredex Value Advisors LLC
0001587281-25-000008	200617	0001738728	028-18744	000146025		Silvant Capital Management LLC
0001587281-25-000008	200618	0001276918	028-10622	000128990		ZEVENBERGEN CAPITAL INVESTMENTS LLC
0001587281-25-000008	200619	0001862664	028-21243	000310902		NFJ INVESTMENT GROUP, LLC
0001587281-25-000008	200620	0001290668	028-11076	000127447		Sustainable Growth Advisers, LP
0001587281-25-000008	200621	0001587281	028-17301	000168955		VIRTUS ADVISERS, LLC
0001587281-25-000007	200799	0001068837	028-07292	000108934		VOYA INVESTMENT MANAGEMENT LLC
0001587281-25-000007	200793	0000765443	028-01420	000107296		DUFF & PHELPS INVESTMENT MANAGEMENT CO
0001587281-25-000007	200801	0001738726	028-18745	000146023		Ceredex Value Advisors LLC
0001587281-25-000007	200802	0002079921		000146029		Virtus Fixed Income Advisers, LLC
0001587281-25-000007	200803	0001587281	028-17301	000168955		VIRTUS ADVISERS, LLC
0001587281-25-000007	200800	0001276918	028-10622	000128990		ZEVENBERGEN CAPITAL INVESTMENTS LLC
0001587281-25-000007	200794	0001021223	028-05792	000104599		KAYNE ANDERSON RUDNICK INVESTMENT MANAGEMENT LLC
0001587281-25-000007	200795	0001290668	028-11076	000127447		Sustainable Growth Advisers, LP
0001587281-25-000007	200796	0001862664	028-21243	000310902		NFJ INVESTMENT GROUP, LLC
0001587281-25-000007	200797	0001512805	028-14257	000155686		Westchester Capital Management, LLC
0001587281-25-000007	200798	0001738728	028-18744	000146025		Silvant Capital Management LLC
0000950123-25-007758	200781		28-00267			M & T BANK CORPORATION
0000950123-25-007757	200594		28-00267			M & T BANK CORPORATION
0000950123-25-007754	200503		28-00267			M & T BANK CORPORATION
0000950123-25-007753	200674		28-00267			M & T BANK CORPORATION
0000950123-25-007750	200817		28-00267			M & T BANK CORPORATION
0000950123-25-007747	200455		28-00267			M & T BANK CORPORATION
0001172661-25-003094	200635	0001620275	028-16282	000164411	801-76920	Paradice Investment Management LLC
0001085146-25-004977	200510	0000009631	028-11475			BANK OF NOVA SCOTIA
0001085146-25-004976	200451	0000009631	028-11475			BANK OF NOVA SCOTIA
0001085146-25-004975	200598	0000009631	028-11475			BANK OF NOVA SCOTIA
0000950123-25-007745	200534		028-15480			Pamplona Capital Management, LLC
0001085146-25-004974	200671	0000009631	028-11475			BANK OF NOVA SCOTIA
0002045083-25-000003	200454	0001651424		000331740		Quadrature Capital Ltd
0001085146-25-004973	200591	0000009631	028-11475			BANK OF NOVA SCOTIA
0000950123-25-007742	200573		028-15480			Pamplona Capital Management, LLC
0000950123-25-007741	200501		028-15480			Pamplona Capital Management, LLC
0001085146-25-004970	200530	0001512237	028-14333			Global Endowment Management, LP
0000892712-25-000094	200629	0001477024	028-13747			Johnson Financial Group, Inc.
0000892712-25-000093	200461	0001477024	028-13747			Johnson Financial Group, Inc.
0002035591-25-000005	200888	0001294591	028-25580			Rakuten Group, Inc.
0001085146-25-004957	200723	0001541743	028-14668	000135822	801-68586	Copeland Capital Management, LLC
0001085146-25-004957	200724	0001539204	028-18152	000317544	801-17695	Crossmark Global Holdings, Inc.
0001085146-25-004957	200725	0001427514	028-13023	000108477	801-14828	Dana Investment Advisors, Inc.
0001085146-25-004957	200765	0001061186	028-07104	000122836	801-11916	WCM INVESTMENT MANAGEMENT, LLC
0001085146-25-004957	200766	0001177719	028-10220	000146990	801-69413	WESTFIELD CAPITAL MANAGEMENT CO LP
0001085146-25-004957	200767	0001086483	028-04587	000142219	801-40592	ZACKS INVESTMENT MANAGEMENT
0001085146-25-004957	200768	0001276918	028-10622	000108893	801-62477	ZEVENBERGEN CAPITAL INVESTMENTS LLC
0001085146-25-004957	200726	0001140771	028-10301	000108278	801-10883	DAVIDSON INVESTMENT ADVISORS
0001085146-25-004957	200727	0000790502	028-01666	000106786	801-21343	EAGLE ASSET MANAGEMENT INC
0001085146-25-004957	200728	0001102578	028-05269	000109876	801-56189	EARNEST PARTNERS LLC
0001085146-25-004957	200729	0001076598	028-04139	000285721	801-15930	EATON VANCE MANAGEMENT
0001085146-25-004957	200730	0000937729	028-10991	000145463	801-1725	FAYEZ SAROFIM & CO
0001085146-25-004957	200731	0000819684	028-01454	000108928	801-34611	FEDERATED INVESTMENT COUNSELING
0001085146-25-004957	200732	0001125816	028-06487	000124982	801-39950	FIRST TRUST ADVISORS LP
0001085146-25-004957	200733	0001409108	028-12558	000105404	801-67411	FRANKLIN TEMPLETON PRIVATE PORTFOLIO GROUP, LLC
0001085146-25-004957	200734	0001082327	028-04007	000110181	801-43915	FULLER & THALER ASSET MANAGEMENT, INC.
0001085146-25-004957	200735	0001229262	028-10981	000107003	801-37591	GOLDMAN SACHS ASSET MANAGEMENT, L.P.
0001085146-25-004957	200736	0001546587	028-15481	000147746	801-77209	Hartford Funds Management Co LLC
0001085146-25-004957	200737	0000937394	028-04131	000110885	801-19074	HEARTLAND ADVISORS INC
0001085146-25-004957	200738	0001314620	028-11091	000104592	801-57921	Hillman Capital Management, Inc.
0001085146-25-004957	200739	0000020430	028-00255	000108257	801-33949	Invesco Advisers, Inc.
0001085146-25-004957	200740	0000812295	028-01343	000105161	801-13991	JANUS HENDERSON INVESTORS US LLC
0001085146-25-004957	200741	0000053417	028-00074	000135822	801-5608	JENNISON ASSOCIATES LLC
0001085146-25-004957	200742	0001106129	028-03495	000106266	801-32726	JENSEN INVESTMENT MANAGEMENT INC
0001085146-25-004957	200743	0001021223	028-05792	000105879	801-24241	KAYNE ANDERSON RUDNICK INVESTMENT MANAGEMENT LLC
0001085146-25-004957	200744	0001207017	028-10469	000110552	801-61701	LAZARD ASSET MANAGEMENT LLC
0001085146-25-004957	200745	0001121330	028-05837	000104859	801-45536	LOGAN CAPITAL MANAGEMENT INC
0001085146-25-004957	200746	0001259887	028-10665	000106584	801-46604	LONDON CO OF VIRGINIA
0001085146-25-004957	200747	0000312348	028-00398	000110653	801-170	LOOMIS SAYLES & CO L P
0001085146-25-004957	200748	0001507115	028-14137	000110297	801-52751	Madison Investment Advisors, LLC
0001085146-25-004957	200749	0001034182	028-03673	000113360	801-42023	MANULIFE INVESTMENT MANAGEMENT (US) LLC
0001085146-25-004957	200750	0001443066	028-13173	000105325	801-46433	MFS Institutional Advisors, Inc.
0001085146-25-004957	200751	0001230440	028-17085	000124687	801-61757	Neuberger Berman Investment Advisers LLC
0001085146-25-004957	200752	0001054554	028-06668	000142219	801-35529	OAK RIDGE INVESTMENTS LLC
0001085146-25-004957	200753	0000932859	028-04558	000107033	801-60485	PARAMETRIC PORTFOLIO ASSOCIATES LLC
0001085146-25-004957	200754	0000948669	028-05022	000316904	801-122618	PARNASSUS INVESTMENTS, LLC
0001085146-25-004957	200755	0001034524	028-03687	000029433	801-15180	POLEN CAPITAL MANAGEMENT LLC
0001085146-25-004957	200756	0001218333	028-10400	000109008	801-122618	PRINCIPAL REAL ESTATE INVESTORS LLC
0001085146-25-004957	200757	0000081273	028-00090	000107738	801-7974	PUTNAM INVESTMENT MANAGEMENT LLC
0001085146-25-004957	200758	0001996454	028-23430	000107959	801-118081	QRG CAPITAL MANAGEMENT, INC.
0001085146-25-004957	200759	0001554656	028-15157	000110096	801-71732	Raub Brock Capital Management LP
0001085146-25-004957	200760	0001080298	028-04879	000105360	801-40278	REINHART PARTNERS, LLC.
0001085146-25-004957	200761	0000721204	028-01190	000104652	801-17141	RUSSELL FRANK CO/
0001085146-25-004957	200762	0001056593	028-04691	000106435	801-18407	SCHAFER CULLEN CAPITAL MANAGEMENT INC
0001085146-25-004957	200763	0001315059	028-11066	000105281	801-62262	Suncoast Equity Management
0001085146-25-004957	200764	0001759421	028-19415	000104599	801-68152	Wakefield Asset Managment Corp
0001085146-25-004957	200703	0000916542	028-05990	000322795	801-126450	ACADIAN ASSET MANAGEMENT LLC
0001085146-25-004957	200704	0001520601	028-14467	000108278	801-42015	AFFINITY INVESTMENT ADVISORS, LLC
0001085146-25-004957	200705	0001569141	028-15235	000317544	801-122856	Alley Co LLC
0001085146-25-004957	200706	0001109448	028-10562	000108477	801-56720	ALLIANCEBERNSTEIN L.P.
0001085146-25-004957	200707	0001327354	028-11406	000105377	801-58237	Allspring Funds Management, LLC
0001085146-25-004957	200708	0001093589	028-05119	000106786	801-50778	ALTA CAPITAL MANAGEMENT LLC/
0001085146-25-004957	200709	0001697267	028-18496	000285721	801-108579	Aristotle Atlantic Partners, LLC
0001085146-25-004957	200710	0000860644	028-02634	000109876	801-60014	Aristotle Capital Management, LLC
0001085146-25-004957	200711	0000949012	028-05034	000145463	801-68485	BERKSHIRE ASSET MANAGEMENT LLC/PA
0001085146-25-004957	200712	0001305227	028-12016	000108928	801-56972	BlackRock Investment Management, LLC
0001085146-25-004957	200713	0001386060	028-12484	000124982	801-61786	Boston Partners
0001085146-25-004957	200714	0001015079	028-05620	000105404	801-24896	BRANDES INVESTMENT PARTNERS, LP
0001085146-25-004957	200715	0001114667	028-05775	000110181	801-38826	Brown Advisory LLC
0001085146-25-004957	200716	0000874791	028-02903	000107003	801-8825	CAMPBELL NEWMAN ASSET MANAGEMENT INC
0001085146-25-004957	200717	0000017283	028-00157	000110885	801-8055	CAPITAL RESEARCH & MANAGEMENT CO
0001085146-25-004957	200718	0001566728	028-15439	000150764	801-70333	Capital Wealth Planning, LLC
0001085146-25-004957	200719	0001056859	028-03569	000104592	801-51061	CHILTON CAPITAL MANAGEMENT LLC
0001085146-25-004957	200720	0000845563	028-02405	000106266	801-27721	COHEN & STEERS CAPITAL MANAGEMENT INC
0001085146-25-004957	200721	0001233991	028-10477	000108257	801-25943	COLUMBIA MANAGEMENT INVESTMENT ADVISERS, LLC
0001085146-25-004957	200722	0000897378	028-03434	000105161	801-23386	CONGRESS ASSET MANAGEMENT CO
0002032331-25-000010	200886	0002032331	028-25355	000331921	802-131094	Arrowpoint Investment Partners (Singapore) Pte. Ltd.
0001674398-25-000004	200813					Bank of Montreal
0000950123-25-007723	200684		28-17598			Russell Investments Group, Ltd.
0000950123-25-007726	200859		28-17598			Russell Investments Group, Ltd.
0000950123-25-007725	200489		28-17598			Russell Investments Group, Ltd.
0000950123-25-007724	200533		28-17598			Russell Investments Group, Ltd.
0000950123-25-007719	200860		28-17598			Russell Investments Group, Ltd.
0000950123-25-007722	200654		28-17598			Russell Investments Group, Ltd.
0000950123-25-007718	200595		28-17598			Russell Investments Group, Ltd.
0000950123-25-007721	200773		28-17598			Russell Investments Group, Ltd.
0001104659-25-077135	200874	0002053290	028-25029			Baring Fintech Manager Holding Ltd
0001104659-25-077129	200864	0002053281	028-25024			Baring Fintech Fund III Managers Ltd
0001104659-25-077120	200624	0002053290	028-25029			Baring Fintech Manager Holding Ltd
0000950123-25-007717	200932		028-21112	000113042		Harbor Capital Advisors, Inc.
0000950123-25-007717	200929		028-12484	000124982		Boston Partners
0000950123-25-007717	200930		028-12635			Robeco Institutional Asset Management B.V.
0000950123-25-007717	200931		028-12627			Robeco Schweiz AG
0000950123-25-007712	200911		028-20530			Mizuho Markets Americas LLC
0000950123-25-007712	200910		028-19904			Mizuho Markets Cayman LP
0000950123-25-007712	200909		028-25682	000019647	8-37710	Mizuho Securities USA LLC
0000950123-25-007714	200425		028-07332	000110843	801-55047	Asset Management One Co., Ltd.
0000950123-25-007714	200424		028-19142			Mizuho Securities Co. Ltd.
0000950123-25-007714	200423		028-14226			Mizuho Bank, Ltd.
0000950123-25-007715	200415		028-15443			Delphi Financial Group, Inc.
0000950123-25-007714	200431		028-23558			Rakuten Securities, Inc.
0000950123-25-007714	200430		028-22801			PPSC Investment Service Corp
0000950123-25-007714	200429		028-22802			PayPay Securities Corp
0000950123-25-007714	200428		028-20530			Mizuho Markets Americas LLC
0000950123-25-007714	200426		028-25682	000019647	8-37710	Mizuho Securities USA LLC
0000950123-25-007714	200427		028-19904			Mizuho Markets Cayman LP
0000950123-25-007713	200854		028-15443			Delphi Financial Group, Inc.
0000950123-25-007706	200536		028-17794			SUMITOMO MITSUI FINANCIAL GROUP, INC.
0000950123-25-007709	200473		028-17794			SUMITOMO MITSUI FINANCIAL GROUP, INC.
0000950123-25-007705	200478		028-20249	000110858	801-45435	TT International Asset Management LTD
0000950123-25-007705	200477		028-14064	000301509	801-116710	Sumitomo Mitsui DS Asset Management Company, Ltd
0000950123-25-007708	200507		028-17794			SUMITOMO MITSUI FINANCIAL GROUP, INC.
0000950123-25-007707	200686		028-17794			SUMITOMO MITSUI FINANCIAL GROUP, INC.
0001104659-25-077103	200633	0002053281	028-25024			Baring Fintech Fund III Managers Ltd
0001104659-25-077092	200832	0002053281	028-25024			Baring Fintech Fund III Managers Ltd
0001104659-25-077079	200825	0002053281	028-25024			Baring Fintech Fund III Managers Ltd
0001214659-25-011901	200770	0001599731	028-15941			Atika Capital Management LLC
0001214659-25-011900	200812	0001599731	028-15941			Atika Capital Management LLC
0001062993-25-014224	200807	0001965176	028-22881	000317517	801-122960	STEVENS CAPITAL PARTNERS
0000919574-25-004497	200559	0001758440	028-24676			Silphium Asset Management Ltd
0001214659-25-011877	200899			000285013	801-126302	AIGH Capital Management, LLC
0001754960-25-000595	200399	0001761755	028-19141	000288576	801-110591	TOWNSQUARE CAPITAL LLC
0001085146-25-004950	200625	0001086619	028-04731			SCHRODER INVESTMENT MANAGEMENT GROUP
0001085146-25-004950	200626	0000902219	028-04557			WELLINGTON MANAGEMENT GROUP LLP
0001889719-25-000003	200645	0001634255	028-16830	000172397	802-80246	Charles-Lim Capital Ltd
0001796861-25-000005	200811	0001633046	028-17724			Maven Securities LTD
0001104659-25-076999	200690	0001614704	028-16203	000150798	801-70410	RIVERPARK CAPITAL MANAGEMENT LLC
0001104659-25-076999	200689	0001484256	028-15568	000150646	801-70321	RiverPark Advisors, LLC
0000919574-25-004496	200819	0001758440	028-24676			Silphium Asset Management Ltd
0002036114-25-000004	200535	0001592828	028-17729	000171412	801-79835	Empowered Funds, LLC
0000947871-25-000747	200889	0001649647	028-16960			EDMOND DE ROTHSCHILD HOLDING S.A.
0000947871-25-000746	200914	0001649647	028-16960			EDMOND DE ROTHSCHILD HOLDING S.A.
0000947871-25-000745	200865	0001649647	028-16960			EDMOND DE ROTHSCHILD HOLDING S.A.
0000950123-25-007652	200490		028-21877			NASPERS LTD
0000947871-25-000744	200450	0001649647	028-16960			EDMOND DE ROTHSCHILD HOLDING S.A.
0000947871-25-000743	200780	0001649647	028-16960			EDMOND DE ROTHSCHILD HOLDING S.A.
0001828301-25-000033	200869	0001828301	028-21218			XTX Topco Ltd
0000947871-25-000742	200642	0001649647	028-16960			EDMOND DE ROTHSCHILD HOLDING S.A.
0001104659-25-076897	200660	0001813845	028-24868	000298955	801-117544	BIOS Capital Management, LP
0001828301-25-000032	200448	0001828301	028-21218			XTX Topco Ltd
0001546531-25-000009	200512	0001546531	028-14937			Vitol Holding B.V.
0001546531-25-000009	200511	0001531879	028-14626			Teilinger Capital Ltd.
0001546531-25-000008	200622	0001531879	028-14626			Teilinger Capital Ltd.
0001828301-25-000031	200502	0001828301	028-21218			XTX Topco Ltd
0001546531-25-000007	200555	0001531879	028-14626			Teilinger Capital Ltd.
0001828301-25-000030	200606	0001828301	028-21218			XTX Topco Ltd
0001828301-25-000029	200584	0001828301	028-21218			XTX Topco Ltd
0001104659-25-076885	200848		028-11964			Aperio Group, LLC
0001104659-25-076885	200847		028-01260			First Manhattan Co., LLC
0001104659-25-076885	200846		028-03434			Congress Asset Management Company, LLP
0001104659-25-076885	200845		028-05505			Sawgrass Asset Management, LLC
0001104659-25-076885	200844		028-11964			Aperio Group, LLC
0001104659-25-076885	200843		028-15776			Covey Capital Advisors, LLC
0001104659-25-076885	200842		028-01399			Southeastern Asset Management Inc/TN
0001104659-25-076885	200841		028-00030			John W. Bristol & Co Inc.
0001104659-25-076885	200840		028-02013			Harris Associates LP
0001104659-25-076885	200839		028-12146			Carl Domino, Inc.
0001104659-25-076885	200838		028-22276			Eagle Rock Investment Company, LLC
0001104659-25-076885	200837		028-16000			Select Equity Group, L.P.
0000948046-25-000129	200574	0000948046	028-10103			DEUTSCHE BANK AG\
0001828301-25-000028	200592	0001828301	028-21218			XTX Topco Ltd
0000948046-25-000128	200630	0000948046	028-10103			DEUTSCHE BANK AG\
0000948046-25-000127	200544	0000948046	028-10103			DEUTSCHE BANK AG\
0000948046-25-000126	200458	0000948046	028-10103			DEUTSCHE BANK AG\
0000948046-25-000125	200676	0000948046	028-10103			DEUTSCHE BANK AG\
0001469751-25-000008	200867		028-12230			ALPS Advisors, Inc.
0001469751-25-000008	200868		028-06487			First Trust Advisors LP
0000948046-25-000124	200670	0000948046	028-10103			DEUTSCHE BANK AG\
0000948046-25-000123	200673	0000948046	028-10103			DEUTSCHE BANK AG\
0000948046-25-000122	200499	0000948046	028-10103			DEUTSCHE BANK AG\
0000948046-25-000121	200421	0000948046	028-10103			DEUTSCHE BANK AG\
0001172661-25-003079	200687	0000700529	028-01162	000104880	801-16739	ATALANTA SOSNOFF CAPITAL, LLC
0000948046-25-000120	200514	0000948046	028-10103			DEUTSCHE BANK AG\
0000948046-25-000119	200776	0000948046	028-10103			DEUTSCHE BANK AG\
0000948046-25-000118	200891	0000948046	028-10103			DEUTSCHE BANK AG\
0000948046-25-000117	200853	0000948046	028-10103			DEUTSCHE BANK AG\
0000948046-25-000116	200927	0000948046	028-10103			DEUTSCHE BANK AG\
0000948046-25-000115	200609	0000948046	028-10103			DEUTSCHE BANK AG\
0000921895-25-002159	200893	0001399386	028-13806	000161230	801-74294	Bandera Partners LLC
0001172661-25-003078	200449	0000108572	028-00825	000106302	801-51257	WRIGHT INVESTORS SERVICE INC
0000948046-25-000114	200659	0000948046	028-10103			DEUTSCHE BANK AG\
0000921895-25-002158	200464	0001399386	028-13806	000161230	801-74294	Bandera Partners LLC
0000948046-25-000113	200866	0000948046	028-10103			DEUTSCHE BANK AG\
0001813517-25-000014	200474		028-00967			Associated Banc-Corp
0001104659-25-076829	200778		028-23936			Castle Creek Capital Partners VI, LP
0001390251-25-000012	200608		028-04527		000-06217	Intel Corporation
0001492070-25-000014	200482	0001889539				Corebridge Financial, Inc.
0001129302-25-000009	200500		028-04527		000-06217	Intel Corporation
0000863926-25-000018	200682	0001889539				Corebridge Financial, Inc. 
0000919574-25-004478	200818	0000883961	028-03589	000105690	801-36209	TOCQUEVILLE ASSET MANAGEMENT L.P.
0001085146-25-004935	200875	0002011612	028-23932			Pathstone Holdings, LLC
0001085146-25-004934	200896	0002011612	028-23932			Pathstone Holdings, LLC
0001085146-25-004934	200895	0000932859	028-04558			PARAMETRIC PORTFOLIO ASSOCIATES LLC
0001085146-25-004933	200554	0002011612	028-23932			Pathstone Holdings, LLC
0001802244-25-000008	200433	0001125816	028-06487	000107027	801-39950	FIRST TRUST ADVISORS LP
0001085146-25-004932	200926	0000096223	028-11122			Jefferies Financial Group Inc.
0001097833-25-000010	200634	0001097833	028-05067	000107569	801-44189	OPUS INVESTMENT MANAGEMENT INC
0000948046-25-000112	200532	0001692234	028-17598			Russell Investments Group, Ltd.
0001085146-25-004931	200587	0000096223	028-11122			Jefferies Financial Group Inc.
0001085146-25-004930	200852	0000096223	028-11122			Jefferies Financial Group Inc.
0001085146-25-004929	200669	0000096223	028-11122			Jefferies Financial Group Inc.
0001085146-25-004926	200785	0000096223	028-11122			Jefferies Financial Group Inc.
0001085146-25-004925	200862	0000096223	028-11122			Jefferies Financial Group Inc.
0000919574-25-004474	200885	0001536186	028-15832	000165336	801-79530	LANDSCAPE CAPITAL MANAGEMENT, L.L.C.
0001085146-25-004919	200445	0001478394	028-21414			EMG Holdings, L.P.
0000919574-25-004473	200418	0001536186	028-15832	000165336	801-79530	LANDSCAPE CAPITAL MANAGEMENT, L.L.C.
0001085146-25-004916	200446	0000949623	028-05159	000309043	801-118904	FINANCIAL COUNSELORS INC
0001085146-25-004915	200518	0001390777	028-12592			Bank of New York Mellon Corp
0001085146-25-004915	200519	0001692234	028-17598			Russell Investments Group, Ltd.
0000936922-25-000005	200904	0001055980	028-06722			Ameritas Investment Partners, Inc.
0002054129-25-000004	200855	0001794467		000170196		Blueprint Investment Partners LLC
0001172661-25-003075	200607	0001698819	028-18327			Covalis Capital LLP
0001085146-25-004910	200699	0001163653	028-10594			NOMURA HOLDINGS INC
0001849486-25-000011	200613	0002055810	028-25152			Eisler Capital Management Ltd.
0001085146-25-004909	200696	0000748054	028-11918			AMERICAN CENTURY COMPANIES INC
0001928502-25-000004	200821	0002055810	028-25152			Eisler Capital Management Ltd.
0000315032-25-000065	200498	0000895213	028-04457	000110682	801-32104	Capital International, Inc./CA/
0000315032-25-000065	200497	0001256909	028-10487	000105780	801-33358	Northern Trust Investments, Inc
0001403385-25-000016	200782		028-20275			Symetra Investment Management Co.
0001811513-25-000033	200777		028-11123			Tortoise Capital Advisors LLC
0002011846-25-000003	200849	0002055810	028-25152			Eisler Capital Management Ltd.
0001137774-25-000131	200772	0000053417	028-00074			JENNISON ASSOCIATES LLC
0001137774-25-000131	200771	0001137774	028-10077			PRUDENTIAL FINANCIAL INC
0001137774-25-000130	200434	0001137774	028-10077			PRUDENTIAL FINANCIAL INC
0001785149-25-000003	200549	0001825516				MIZUHO MARKETS AMERICAS LLC
0001785149-25-000003	200548	0001513006				MIZUHO SECURITIES USA LLC
0001785149-25-000003	200550	0001803149				Mizuho Markets Cayman LP
0001137774-25-000129	200820	0001137774	028-10077			PRUDENTIAL FINANCIAL INC
0001137774-25-000128	200571	0001137774	028-10077			PRUDENTIAL FINANCIAL INC
0001137774-25-000128	200572	0001692234	028-17598			Russell Investments Group, Ltd.
0001137774-25-000127	200537	0001137774	028-10077			PRUDENTIAL FINANCIAL INC
0001137774-25-000126	200692	0001692234	028-17598			Russell Investments Group, Ltd.
0001137774-25-000126	200691	0000053417	028-00074	000107959		JENNISON ASSOCIATES LLC
0001137774-25-000126	200693	0001845793	028-20883	000290235		PGIM Custom Harvest LLC
0000315032-25-000064	200542	0001256909	028-10487	000105780	901-33358	Northern Trust Investments, Inc
0000315032-25-000064	200541	0000315032	028-00534			STATE FARM MUTUAL AUTOMOBILE INSURANCE CO
0000315032-25-000063	200412	0000315032	028-00534			STATE FARM MUTUAL AUTOMOBILE INSURANCE CO
0000315032-25-000063	200414	0000895213	028-04457	000110682	801-32104	Capital International, Inc./CA/
0000315032-25-000063	200413	0001256909	028-10487	000105780	801-33358	Northern Trust Investments, Inc
0000009015-25-000020	200774	0000009015	028-00060	000106006	801-241	BARINGS LLC
0001437749-25-026145	200646	0001132651	028-25350			AMES NATIONAL CORP
0000009015-25-000019	200898	0000009015	028-00060	000106006	801-241	BARINGS LLC
0000009015-25-000018	200596	0000009015	028-00060	000106006	801-241	BARINGS LLC
0000950123-25-007628	200905		028-17729			Empowered Funds, LLC
0000315032-25-000062	200408	0000315032	028-00534			STATE FARM MUTUAL AUTOMOBILE INSURANCE CO
0000315032-25-000062	200409	0001256909	028-10487	000105780	801-33358	Northern Trust Investments, Inc
0000009015-25-000017	200826	0000009015	028-00060	000106006	801-241	BARINGS LLC
0000009015-25-000016	200887	0000009015	028-00060	000106006	801-241	BARINGS LLC
0001752724-25-186393	200900	0000102909	028-06408	000105958	801-11953	VANGUARD GROUP INC
0000315032-25-000061	200517	0001256909	028-10487	000105780	801-33358	Northern Trust Investments, Inc
0000315032-25-000061	200516	0000315032	028-00534			STATE FARM MUTUAL AUTOMOBILE INSURANCE CO
0000950123-25-007625	200457		028-13780	000125409	801-61844	The Rock Creek Group, LP
0001483870-25-000007	200417	0001483870	028-13830			TCTC Holdings, LLC
0001483870-25-000006	200583	0001483870	028-13830			TCTC Holdings, LLC
0000315032-25-000060	200588	0000315032	028-00534			STATE FARM MUTUAL AUTOMOBILE INSURANCE CO
0000315032-25-000060	200590	0000895213	028-04457	000110682	801-32104	Capital International, Inc./CA/
0000315032-25-000060	200589	0001256909	028-10487	000105780	801-33358	Northern Trust Investments, Inc
0001088950-25-000007	200631	0000720005	028-24793		001-09109	RAYMOND JAMES FINANCIAL INC
0001085146-25-004895	200894	0001629649	028-16929	000307865	801-119948	NORTHWESTERN MUTUAL INVESTMENT MANAGEMENT COMPANY, LLC
0001088950-25-000006	200912	0000720005	028-24793		001-09109	RAYMOND JAMES FINANCIAL INC
0001740837-25-000009	200637	0001442641	028-13158	000131704	801-64653	Legato Capital Management LLC
0000354204-25-001101	200655	0000354204				DIMENSIONAL FUND ADVISORS LP
0001104659-25-076717	200810	0001347683	028-11678	000130007	801-62759	Haverford Financial Services, Inc.
0001104659-25-076717	200809	0000842941	028-02396			Haverford Trust Co
0001172661-25-003067	200453	0001457320	028-19670	000151197	801-70485	EXCHANGE TRADED CONCEPTS, LLC
0000354204-25-001100	200804	0000354204	028-01186			DIMENSIONAL FUND ADVISORS LP
0001163648-25-000010	200481	0001163648	028-10064			CI INVESTMENTS INC.
0000354204-25-001099	200531	0000354204	028-01186			DIMENSIONAL FUND ADVISORS LP
0001420506-25-001859	200565	0001475940	028-13628	000154475	801-71803	Montrusco Bolton Investments Inc.
0001420506-25-001859	200564	0001082917	028-04145	000121942	801-61559	GW&K Investment Management, LLC
0001420506-25-001859	200563	0000351173	028-01185	000106274	801-15724	FRONTIER CAPITAL MANAGEMENT CO LLC
0001420506-25-001859	200562	0001409427	028-12579	000123558	801-61564	Boston Common Asset Management, LLC
0001420506-25-001859	200568	0001313816	028-11092	000132694	801-63492	TimesSquare Capital Management, LLC
0001420506-25-001859	200569	0001541448	028-14794	000166421	802-77775	Veritas Asset Management LLP
0001420506-25-001859	200567	0001341401	028-11487	000134918	801-64175	River Road Asset Management, LLC
0001420506-25-001859	200570	0000905567	028-03760	000164420	801-76744	Yacktman Asset Management LP
0001420506-25-001859	200566	0000944234	028-04884	000105916	801-50177	RENAISSANCE GROUP LLC
0001420506-25-001859	200561	0001361974	028-11939	000135829	801-64420	Beutel, Goodman & Co Ltd.
0001163648-25-000009	200915	0001167388	028-10104			ALTRINSIC GLOBAL ADVISORS LLC
0001163648-25-000009	200916	0001305841	028-10968			Epoch Investment Partners, Inc.
0001163648-25-000009	200917	0000845563	028-02405			COHEN & STEERS CAPITAL MANAGEMENT INC
0001163648-25-000009	200924	0001006378	028-03381	000106505	801-47232	SEGALL BRYANT & HAMILL, LLC
0001163648-25-000009	200923	0001851296	028-21720			Timelo Investment Management Inc.
0001163648-25-000009	200922	0001324601	028-11327			State Street Global Advisors Ltd.
0001163648-25-000009	200921	0001528593	028-15603			Black Creek Investment Management Inc.
0001163648-25-000009	200918	0000902219	028-04557			WELLINGTON MANAGEMENT GROUP LLP
0001163648-25-000009	200919	0001539041	028-15516			PICTON MAHONEY ASSET MANAGEMENT
0001163648-25-000009	200920	0001570253	028-15708			QV Investors Inc.
0000354204-25-001098	200876	0000354204	028-01186			DIMENSIONAL FUND ADVISORS LP
0001062993-25-014141	200496	0000720005			001-09109	RAYMOND JAMES FINANCIAL INC
0001752724-25-186359	200579	0000813917	028-02013			HARRIS ASSOCIATES L P
0001752724-25-186359	200575	0000748054	028-11918			AMERICAN CENTURY COMPANIES INC
0001752724-25-186359	200576	0000936753	028-04003			ARIEL INVESTMENTS, LLC
0001752724-25-186359	200577	0001085972	028-04395			BAILLIE GIFFORD OVERSEAS LTD
0001752724-25-186359	200578	0001233991	028-10477			COLUMBIA MANAGEMENT INVESTMENT ADVISERS, LLC
0001752724-25-186359	200580	0000019617	028-00694			JPMORGAN CHASE & CO
0001482756-25-000019	200861	0001025835	028-13645			Enterprise Financial Services Corp
0001213900-25-074797	200483	0001907544	028-21649			Magma Venture Partners General Partner Ltd.
0001434819-25-000009	200783	0001323255	028-11397			APG Asset Management US Inc.
0001213900-25-074792	200615	0001907544	028-21649			Magma Venture Partners General Partner Ltd.
0001213900-25-074789	200808	0001907544	028-21649			Magma Venture Partners General Partner Ltd.
0001213900-25-074788	200681	0001907544	028-21649			Magma Venture Partners General Partner Ltd.
0001323255-25-000024	200658	0001323255	028-11397			APG Asset Management US Inc.
0001323255-25-000024	200657	0001434819	028-13074			APG Asset Management N.V.
0000919574-25-004465	200411	0001759662	028-23294			Coalescence Partners Investment Management, LP
0001434820-25-000010	200610	0001434819	028-13074			APG Asset Management N.V.
0001434820-25-000010	200611	0001323255	028-11397			APG Asset Management US Inc.
0001977483-25-000005	200492	0000009634	028-00305			BOKF, NA
0001140361-25-030540	200695	0001000275	028-11396			Royal Bank of Canada
0000950123-25-007602	200487		028-20878			H&F Corporate Investors VIII, Ltd.
0000950123-25-007598	200822		028-22524			H&F Corporate Investors X, Ltd.
0000019617-25-000649	200863	0000019617	028-00694			JPMORGAN CHASE & CO
0001062993-25-014133	200597	0000720005			001-09109	RAYMOND JAMES FINANCIAL INC
0000950123-25-007593	200685		028-22773			H&F Corporate Investors IX, Ltd.
0001060021-25-000151	200632	0002012383	028-24466			BlackRock, Inc.
0001060021-25-000150	200539	0002012383	028-24466			BlackRock, Inc.
0001060021-25-000149	200653	0002012383	028-24466			BlackRock, Inc.
0001060021-25-000148	200505	0002012383	028-24466			BlackRock, Inc.
0001060021-25-000147	200890	0002012383	028-24466			BlackRock, Inc.
0001060021-25-000146	200441	0002012383	028-24466			BlackRock, Inc.
0001060021-25-000145	200557	0002012383	028-24466			BlackRock, Inc.
0001060021-25-000144	200779	0002012383	028-24466			BlackRock, Inc.
0001060021-25-000143	200456	0002012383	028-24466			BlackRock, Inc.
0001060021-25-000142	200603	0002012383	028-24466			BlackRock, Inc.
0001423442-25-000008	200614	0000038777	028-00734			FRANKLIN RESOURCES INC
0001060021-25-000141	200805	0002012383	028-24466			BlackRock, Inc.
0001060021-25-000140	200656	0002012383	028-24466			BlackRock, Inc.
0001060021-25-000139	200701	0002012383	028-24466			BlackRock, Inc.
0001499094-25-000004	200928	0000038777	028-00734			FRANKLIN RESOURCES INC
0001060021-25-000138	200410	0002012383	028-24466			BlackRock, Inc.
0001060021-25-000137	200680	0002012383	028-24466			BlackRock, Inc.
0001172661-25-003053	200432	0001697110	028-17692	000158369	801-72707	GenTrust, LLC
0001060021-25-000136	200581	0002012383	028-24466			BlackRock, Inc.
0001060021-25-000135	200679	0002012383	028-24466			BlackRock, Inc.
0001060021-25-000134	200480	0002012383	028-24466			BlackRock, Inc.
0001060021-25-000133	200786	0002012383	028-24466			BlackRock, Inc.
0001060021-25-000132	200452	0002012383	028-24466			BlackRock, Inc.
0001060021-25-000131	200494	0002012383	028-24466			BlackRock, Inc.
0000950123-25-007583	200443					CVC Management Holdings II Limited
0001060021-25-000129	200558	0002012383	028-24466			BlackRock, Inc.
0001060021-25-000128	200422	0002012383	028-24466			BlackRock, Inc.
0001060021-25-000127	200444	0002012383	028-24466			BlackRock, Inc.
0001060021-25-000126	200677	0002012383	028-24466			BlackRock, Inc.
0000313028-25-000050	200604	0001692234	028-17598			Russell Investments Group, Ltd.
0000313028-25-000050	200605	0001308668	028-10998			GuideStone Capital Management, LLC
0001348883-25-000013	200836	0000038777	028-00734			FRANKLIN RESOURCES INC
0001060021-25-000125	200460	0002012383	028-24466			BlackRock, Inc.
0001060021-25-000124	200447	0002012383	028-24466			BlackRock, Inc.
0001060021-25-000123	200829	0002012383	028-24466			BlackRock, Inc.
0001060021-25-000122	200513	0002012383	028-24466			BlackRock, Inc.
0001060021-25-000121	200543	0002012383	028-24466			BlackRock, Inc.
0001138897-25-000004	200934	0001692234	028-17598			Russell Investments Group, Ltd.
0001138897-25-000004	200933	0000038777	028-00734			FRANKLIN RESOURCES INC
0001939232-25-000004	200815	0001581811	028-15627	000156384	801-72167	Egerton Capital (UK) LLP
0000764068-25-000100	200871	0000764068	028-01490			Legal & General Group Plc
0000764068-25-000099	200419	0000764068	028-01490			Legal & General Group Plc
0000764068-25-000098	200628	0000764068	028-01490			Legal & General Group Plc
0001094499-25-000008	200901	0001094499	028-13902			MARTIN CURRIE LTD
0001094499-25-000007	200442	0000038777	028-00734			FRANKLIN RESOURCES INC
0001094499-25-000006	200627	0001094499	028-13902			MARTIN CURRIE LTD
0000829108-25-000004	200903	0000038777	028-00734			FRANKLIN RESOURCES INC
0001060021-25-000120	200551			000109391	801-56370	Nationwide Mutual Funds/Nationwide Fund Advisors
0001060021-25-000120	200552			000109391	801-56370	Nationwide Variable Insurance Trust and Nationwide Fund Advisors
0001060021-25-000120	200553					RUSSELL FRANK CO
0001023875-25-000026	200437	0000038777	028-00734			FRANKLIN RESOURCES INC
0000038777-25-000173	200463	0000038777	028-00734			FRANKLIN RESOURCES INC
0000038777-25-000172	200824	0000038777	028-00734			FRANKLIN RESOURCES INC
0000038777-25-000171	200913	0000038777	028-00734			FRANKLIN RESOURCES INC
0000038777-25-000170	200509	0000038777	028-00734			FRANKLIN RESOURCES INC
0000038777-25-000169	200636	0000038777	028-00734			FRANKLIN RESOURCES INC
0000038777-25-000168	200515	0000038777	028-00734			FRANKLIN RESOURCES INC
0001765380-25-000330	200806	0001743404	028-18893	000175083	801-100512	FOUNDATIONS INVESTMENT ADVISORS, LLC
0001676234-25-000005	200546		028-14467	000108278		Affinity Investment Advisors LLC
0001676234-25-000005	200545		028-18040	000165211		Anfield Capital Management LLC
0001676234-25-000005	200547		028-18893	000175083		Foundations Investment Advisors
0000038777-25-000167	200585	0000038777	028-00734			FRANKLIN RESOURCES INC
0001398344-25-015018	200787	0001364615	028-11964	000111616	801-57184	Aperio Group, LLC
0001398344-25-015018	200788	0000932859	028-04558	000114310	801-60485	PARAMETRIC PORTFOLIO ASSOCIATES LLC
0001398344-25-015018	200792	0001767306	028-20247	000285366	801-114487	Vanguard Personalized Indexing Management, LLC
0001398344-25-015018	200790	0001423442	028-12966	000144594	801-68177	O'SHAUGHNESSY ASSET MANAGEMENT, LLC
0001398344-25-015018	200791	0001759654	028-19308	000298733	801-114071	Quantinno Capital Management LP
0001398344-25-015018	200789	0001844345	028-20648	000291127	801-119228	Evolutionary Tree Capital Management, LLC
0000038777-25-000166	200623	0000038777	028-00734			FRANKLIN RESOURCES INC
0000038777-25-000165	200828	0000038777	028-00734			FRANKLIN RESOURCES INC
0000038777-25-000164	200599	0000038777	028-00734			FRANKLIN RESOURCES INC
0000038777-25-000163	200416	0000038777	028-00734			FRANKLIN RESOURCES INC
0000019617-25-000647	200486	0000019617	028-00694			JPMORGAN CHASE & CO
0000038777-25-000162	200375	0000038777	028-00734			FRANKLIN RESOURCES INC
0000019617-25-000645	200851	0000019617	028-00694			JPMORGAN CHASE & CO
0000038777-25-000161	200374	0001348883	028-11611			Clearbridge Investments, LLC
0000038777-25-000161	200373	0000038777	028-00734			FRANKLIN RESOURCES INC
0000019617-25-000643	200833	0000019617	028-00694			JPMORGAN CHASE & CO
0000038777-25-000160	200908	0000038777	028-00734			FRANKLIN RESOURCES INC
0000038777-25-000159	200529	0000038777	028-00734			FRANKLIN RESOURCES INC
0000038777-25-000158	200612	0000038777	028-00734			FRANKLIN RESOURCES INC
0000019617-25-000640	200376	0000019617	028-00694			JPMORGAN CHASE & CO
0000038777-25-000157	200459	0000038777	028-00734			FRANKLIN RESOURCES INC
0000809593-25-000036	200390	0000912938	028-04968			MASSACHUSETTS FINANCIAL SERVICES CO /MA/
0000809593-25-000036	200393	0001177244	028-10254			SHAPIRO CAPITAL MANAGEMENT LLC
0000809593-25-000036	200394	0000938487	028-04720			SSI INVESTMENT MANAGEMENT LLC
0000809593-25-000036	200395	0001314440	028-11261			Stephens Investment Management Group LLC
0000809593-25-000036	200396	0001259887	028-10665			LONDON CO OF VIRGINIA
0000809593-25-000036	200397	0001061186	028-07104			WCM INVESTMENT MANAGEMENT, LLC
0000809593-25-000036	200398	0000949471	028-05046			WESTWOOD MANAGEMENT CORP /TX
0000809593-25-000036	200377	0001544935	028-14936			abrdn Investments Ltd
0000809593-25-000036	200378	0001598894	028-16037			AHL Partners LLP
0000809593-25-000036	200379	0000052388	028-01091			AMERICAN CENTURY INVESTMENT MANAGEMENT INC
0000809593-25-000036	200380	0000860644	028-02634			Aristotle Capital Management, LLC
0000809593-25-000036	200381	0001697748	028-17768			ARK Investment Management LLC
0000809593-25-000036	200382	0000313028	028-01006			BARROW HANLEY MEWHINNEY & STRAUSS LLC
0000809593-25-000036	200383	0000829108	028-02204			Brandywine Global Investment Management, LLC
0000809593-25-000036	200384	0001165797	028-11728			CAUSEWAY CAPITAL MANAGEMENT LLC
0000809593-25-000036	200385	0001008894	028-05268			DEPRINCE RACE & ZOLLO INC
0000809593-25-000036	200386	0001352261	028-11672			GLG LLC
0000809593-25-000036	200387	0001741619	028-18801			Global IMC LLC
0000809593-25-000036	200388	0001164833	028-10068			HOTCHKIS & WILEY CAPITAL MANAGEMENT LLC
0000809593-25-000036	200389	0001207017	028-10469			LAZARD ASSET MANAGEMENT LLC
0000809593-25-000036	200391	0001633343	028-16538			Ninety One North America, Inc.
0000809593-25-000036	200392	0001365324	028-11946			Numeric Investors LLC
0000950123-25-007576	200436		28-14470			The Jones Financial Companies, L.L.L.P.
0000038777-25-000156	200784	0000038777	028-00734			FRANKLIN RESOURCES INC
0000038777-25-000155	200420	0000038777	028-00734			FRANKLIN RESOURCES INC
0000038777-25-000154	200683	0000038777	028-00734			FRANKLIN RESOURCES INC
0000950123-25-007573	200675		28-14470			The Jones Financial Companies, L.L.L.P.
0000019617-25-000638	200525	0000019617	028-00694			JPMORGAN CHASE & CO
0000038777-25-000153	200877	0000829108	028-02204	000110783	801-27797	Brandywine Global Investment Management, LLC
0000038777-25-000153	200878	0001499094	028-16543	000151223	801-70506	ClearBridge Investments Ltd
0000038777-25-000153	200879	0001348883	028-11611	000137028	801-64710	Clearbridge Investments, LLC
0000038777-25-000153	200884	0001138897	028-10245	000110441	801-8162	Western Asset Management Company, LLC
0000038777-25-000153	200881	0001094499	028-13902			MARTIN CURRIE LTD
0000038777-25-000153	200882	0001423442	028-12966	000144594	801-68177	O'SHAUGHNESSY ASSET MANAGEMENT, LLC
0000038777-25-000153	200883	0000906304	028-03780	000107689	801-8268	ROYCE & ASSOCIATES LP
0000038777-25-000153	200880	0001621157	028-17321	000147281	801-71411	Lexington Partners L.P.
0000019617-25-000635	200850	0000019617	028-00694			JPMORGAN CHASE & CO
0000019617-25-000633	200485	0000019617	028-00694			JPMORGAN CHASE & CO
0001298088-25-000017	200688	0001298088				CIBC Private Wealth Group LLC
0000019617-25-000631	200835	0000019617	028-00694			JPMORGAN CHASE & CO
0001298088-25-000016	200520	0001298088				CIBC Private Wealth Group LLC
0001999371-25-011102	200484	0002054801	028-24891			Contrarius Group Holdings Ltd
0001999371-25-011101	200504	0002054801	028-24891			Contrarius Group Holdings Ltd
0001298088-25-000015	200491	0001298088				CIBC Private Wealth Group LLC
0000019617-25-000629	200435	0000019617	028-00694			JPMORGAN CHASE & CO
0001894749-25-000004	200702	0001589176	028-18920			SPX Gestao de Recursos Ltda
0000019617-25-000627	200816	0000019617	028-00694			JPMORGAN CHASE & CO
0001999371-25-011096	200694	0002054801	028-24891			Contrarius Group Holdings Ltd
0000019617-25-000625	200526	0000019617	028-00694			JPMORGAN CHASE & CO
0000019617-25-000623	200644	0000019617	028-00694			JPMORGAN CHASE & CO
0000019617-25-000621	200769	0000019617	028-00694			JPMORGAN CHASE & CO
0000019617-25-000619	200823	0000019617	028-00694			JPMORGAN CHASE & CO
0000019617-25-000617	200440	0000019617	028-00694			JPMORGAN CHASE & CO
0000919185-25-000011	200346	0000019617	028-00694			JPMORGAN CHASE & CO
0001140361-25-030524	200244	0001000275	028-11396			Royal Bank of Canada
0001140361-25-030523	200336		28-25691			Midwest Trust
0000912282-25-000860	200242	0001456670	028-13463			DnB Asset Management AS
0001140361-25-030520	200355	0001000275	028-11396			Royal Bank of Canada
0001140361-25-030518	200236	0001000275	028-11396			Royal Bank of Canada
0001140361-25-030514	200353	0001000275	028-11396			Royal Bank of Canada
0001140361-25-030513	200307	0001000275	028-11396			Royal Bank of Canada
0001140361-25-030511	200344	0001000275	028-11396			Royal Bank of Canada
0000950123-25-007560	200347		028-20283			Sixth Street Partners Management Company, L.P.
0001512020-25-000009	200239	1512020				Kepos Capital LP
0001140361-25-030508	200367	0001000275	028-11396			Royal Bank of Canada
0001213900-25-074651	200227	0000810695			811-05010	Mutual Fund & Variable Insurance Trust
0001213900-25-074651	200226	0001600064		000164201	801-76857	Tidal Investments LLC
0001213900-25-074651	200228	0001143565		000111452	801-60176	RATIONAL ADVISORS, INC.
0001104659-25-076493	200309	0001164772	028-06761	000111079	801-58171	JACKSON NATIONAL ASSET MANAGEMENT LLC
0001104659-25-076493	200308	0000898417	028-03586	000107269	801-40783	PPM AMERICA INC/IL
0001770632-25-000015	200223	0001770632	028-19928			Quilter Plc
0001770632-25-000014	200368	0001770632	028-19928			Quilter Plc
0001770632-25-000013	200160	0001770632	028-19928			Quilter Plc
0001770632-25-000012	200166	0001770632	028-19928			Quilter Plc
0001178913-25-002766	200339	0001376192	028-16398			Clal Insurance Enterprises Holdings Ltd
0001178913-25-002764	200235	0001376192	028-16398			Clal Insurance Enterprises Holdings Ltd
0001178913-25-002762	200348	0001376192	028-16398			Clal Insurance Enterprises Holdings Ltd
0000898419-25-000014	200219	0000898419	028-03582			PRUDENTIAL PLC
0000950123-25-007492	200229		28-21169			Allianz Investment Management U.S. LLC
0001632574-25-000012	200232	0001632574	028-16549			WFM ASIA (BVI) Ltd
0000898419-25-000013	200212	0000898419	028-03582			PRUDENTIAL PLC
0001104659-25-076318	200240	0001578985	028-15541			Cumberland Partners Ltd
0001104659-25-076325	200338	0001578985	028-15541			Cumberland Partners Ltd
0002014044-25-000003	200169	0001641992	028-16895	000162360	802-75606	LGT CAPITAL PARTNERS LTD.
0000950123-25-007494	200345		28-21169			Allianz Investment Management U.S. LLC
0001832521-25-000006	200356	0001592828				Empowered Funds, LLC
0002060725-25-000004	200358					NA
0001520309-25-000024	200364	0001908623	028-22802			PayPay Securities Corp
0001520309-25-000024	200365	0001964389	028-22801			PPSC Investment Service Corp
0001520309-25-000024	200366	0002009539	028-23558			Rakuten Securities, Inc.
0000898419-25-000016	200221	0000898419	028-03582			PRUDENTIAL PLC
0000898419-25-000015	200216	0000898419	028-03582			PRUDENTIAL PLC
0002011783-25-000008	200225	0001641992	028-16895	000162360	802-75606	LGT CAPITAL PARTNERS LTD.
0001315059-25-000007	200234	0001592828	028-17729			Empowered Funds, LLC
0001752724-25-185854	200233	0000102909	028-06408	000105958	801-11953	VANGUARD GROUP INC
0001650303-25-000004	200163	0001027796	028-03791	000106847	801-50838	PZENA INVESTMENT MANAGEMENT LLC
0001650303-25-000004	200164	0001315478	028-11057	000132474	801-63424	Champlain Investment Partners, LLC
0001650303-25-000004	200165	0001123778	028-06075	000107390	801-39502	JARISLOWSKY, FRASER Ltd
0000950123-25-007463	200342		28-03432	000149777	801-70103	MORGAN STANLEY
0000950123-25-007463	200343		028-00290		001-36609	NORTHERN TRUST CORP
0000950123-25-007463	200341		28-13328	000145480	801-68501	HS MANAGEMENT PARTNERS, LLC
0000919574-25-004433	200231	0001690451	028-25639			Teleios Capital Partners GmbH
0000902882-25-000009	200168					028-12533 Arrow Financial Corporation
0000950123-25-007458	200352		28-00545	000115785	801-60701	Thrivent Financial for Lutherans
0000950123-25-007455	200349		28-00545	000115785	801-60701	Thrivent Financial for Lutherans
0000950123-25-007454	200359		28-00545	000115785	801-60701	Thrivent Financial for Lutherans
0000950123-25-007449	200222		28-00545	000115785	801-60701	Thrivent Financial for Lutherans
0001172661-25-003012	200360	0001593324	028-17117	000159042	801-80466	Penserra Capital Management LLC
0000947871-25-000733	200332	0001847838	028-21096			B. Metzler seel. Sohn & Co. AG
0001882466-25-000008	200238	0000004977	028-22437			AFLAC INC
0001606588-25-000005	200315	0001034524	028-03687	000106093	801-15180	POLEN CAPITAL MANAGEMENT LLC
0001606588-25-000005	200312	0001477872	028-13757	000110506	801-57695	Saratoga Research & Investment Management
0001606588-25-000005	200314	0001050463	028-06620	000106288	801-48064	MORGAN DEMPSEY CAPITAL MANAGEMENT LLC
0001606588-25-000005	200313	0001419999	028-13243	000144906	801-68369	MAR VISTA INVESTMENT PARTNERS LLC
0001606588-25-000005	200311	0001508822	028-14059	000110933	801-60694	ACR Alpine Capital Research, LLC
0001752724-25-185840	200220	0000102909	028-06408	000105958	801-11953	VANGUARD GROUP INC
0001752724-25-185839	200370	0000102909	028-06408	000105958	801-11953	VANGUARD GROUP INC
0001752724-25-185843	200351	0001767306	028-20247	000285366	801-114487	Vanguard Personalized Indexing Management, LLC
0001752724-25-185842	200340	0000102909	028-06408	000105958	801-11953	VANGUARD GROUP INC
0001752724-25-185838	200371	0000102909	028-06408	000105958	801-11953	VANGUARD GROUP INC
0000930413-25-002405	200210		028-03676	000106940	801-41316	Winslow Capital Management, LLC
0000930413-25-002405	200209		028-04800			Teachers Advisors, LLC
0000930413-25-002405	200207		028-14498	000155584	801-71957	Nuveen Asset Management, LLC
0000930413-25-002405	200206		028-03194			TIAA-CREF Investment Management, LLC
0000930413-25-002405	200205		028-24084	000020472	801-63550	TIAA-CREF Individual & Institutional Services, LLC
0000930413-25-002405	200204		028-23407			TIAA Trust N.A.
0000930413-25-002405	200208		028-11710	000104626	801-14147	Nuveen Fund Advisors, LLC
0001372312-25-000004	200224	0001463217	028-13508	000134600	801-64376	UNITED CAPITAL FINANCIAL ADVISORS, LLC
0001172661-25-003011	200369	0001629283	028-18418	000283812	801-108105	Bluescape Energy Partners LLC
0000930413-25-002404	200333	0001997405	028-23407			TIAA TRUST, NATIONAL ASSOCIATION
0000930413-25-002404	200334	0000315038	028-00331			TEACHERS INSURANCE & ANNUITY ASSOCIATION OF AMERICA
0001172661-25-003010	200354	0001629283	028-18418	000283812	801-108105	Bluescape Energy Partners LLC
0000905148-25-002804	200211	0000913144	028-25507		001-14428	RENAISSANCERE HOLDINGS LTD
0000905148-25-002803	200243	0000913144	028-25507		001-14428	RENAISSANCERE HOLDINGS LTD
0000905148-25-002802	200335	0000913144	028-25507		001-14428	RENAISSANCERE HOLDINGS LTD
0000950123-25-007437	200174		028-01006	000105519	801-31237	Barrow Hanley Mewhinney & Strauss LLC
0000950123-25-007437	200175			000132474	801-63424	Champlain Investment Partners
0000950123-25-007437	200176		028-10029	000111750	801-60133	Conestoga Capital Advisors, LLC
0000950123-25-007437	200177		028-12126	000113360	801-17695	Crossmark Global Investments, Inc.
0000950123-25-007437	200178		028-04988	000106422	801-48883	Eagle Capital Management, LLC
0000950123-25-007437	200179		028-04634	000106920	801-32888	Eastern Shore Capital Management
0000950123-25-007437	200180		028-14862	000121942	801-61559	Granite Investment Partners LLC
0000950123-25-007437	200181		028-04145	000121942	801-61559	GW&K Investment Management, LLC
0000950123-25-007437	200182		028-03059	000107022	801-28257	Jacobs Levy Equity Management, Inc.
0000950123-25-007437	200183		028-00074	000107959	801-5608	Jennison Associates LLC
0000950123-25-007437	200184		028-03495	000105281	801-32726	Jensen Investment Management Inc.
0000950123-25-007437	200186		028-06580	000109918	801-47689	LSV Asset Management
0000950123-25-007437	200187		028-04968	000110045	801-17352	Massachusetts Financial Services Company
0000950123-25-007437	200188			000158310	801-73635	NINETY ONE UK LIMITED
0000950123-25-007437	200189		028-04558	000114310	801-60485	Parametric Portfolio Associates LLC
0000950123-25-007437	200190		028-03687	000106093	801-15180	Polen Capital Management LLC
0000950123-25-007437	200191		028-03791	000106847	801-50838	Pzena Investment Management, LLC
0000950123-25-007437	200192		028-11487	000134918	801-64175	River Road Asset Management, LLC
0000950123-25-007437	200193		028-05655	000108074	801-57432	RiverBridge Partners LLC
0000950123-25-007437	200194			000107367	801-54142	ROBECO INSTITUTIONAL ASSET MANAGEMENT US INC
0000950123-25-007437	200195		028-03381	000106505	801-47232	Segall Bryant & Hamill
0000950123-25-007437	200196		028-10472	000118333	801-61004	Silvercrest Asset Management Group LLC
0000950123-25-007437	200197		028-24840	000330060	801-129723	Skerryvore Asset Management
0000950123-25-007437	200198		028-00115	000105496	801-856	T. Rowe Price Associates, Inc.
0000950123-25-007437	200199		028-14794	000174314	801-89169	Veritas Asset Management LLP
0000950123-25-007437	200200		028-06354	000106189	801-46878	Victory Capital Management Inc.
0000950123-25-007437	200201			000146990	801-69413	WESTFIELD CAPITAL MANAGEMENT COMPANY
0000950123-25-007437	200202		028-17022	000173961	801-80640	William Blair Investment Management, LLC
0000950123-25-007437	200173		028-04395	000110296	801-21051	Baillie Gifford Overseas Limited
0000950123-25-007437	200172		028-10005	000111298	801-56633	Arrowstreet Capital, Limited Partnership
0000950123-25-007437	200171		028-01091	000105778	801-8174	American Century Investment Management Inc.
0000950123-25-007437	200170		028-05990	000106609	801-28078	Acadian Asset Management LLC
0000950123-25-007437	200185		028-00398	000105377	801-170	Loomis Sayles & Co LP
0000906304-25-000173	200363	0000038777	028-00734			Franklin Resources Inc
0001508236-25-000008	200306	0001508236	028-23737			Hauser Brothers GmbH
0001595888-25-000112	200247	0001595888	028-16162			JANE STREET GROUP, LLC
0001595888-25-000111	200241	0001595888	028-16162			JANE STREET GROUP, LLC
0001595888-25-000110	200217	0001595888	028-16162			JANE STREET GROUP, LLC
0001595888-25-000109	200310	0001595888	028-16162			JANE STREET GROUP, LLC
0001595888-25-000108	200337	0001595888	028-16162			JANE STREET GROUP, LLC
0001595888-25-000107	200372	0001595888	028-16162			JANE STREET GROUP, LLC
0001424379-25-000014	200215	0000939334	028-12645			RIT CAPITAL PARTNERS PLC
0001397424-25-000009	200203	0001397424	028-12525	000106336	801-22873	WBI INVESTMENTS, LLC
0001062993-25-014027	200249		028-10663	000119278	801-60945	HAMLIN CAPITAL MANAGEMENT, LLC
0001062993-25-014027	200248		028-07602	000000199	801-45761	DAVIDSON DA & CO
0001062993-25-014027	200251		028-22724	000311492	801-120488	CREATIVE CAPITAL MANAGEMENT INVESTMENTS LLC 
0001062993-25-014027	200252		028-00158	000007691	801-14235	BANK OF AMERICA CORP
0001062993-25-014027	200253		028-03434	000105161	801-23386	CONGRESS ASSET MANAGEMENT CO
0001062993-25-014027	200254		028-10981	000000361	801-16048	GOLDMAN SACHS ASSET MANAGEMENT
0001062993-25-014027	200255		028-11873	000149777	801-70103	MORGAN STANLEY & CO. LLC
0001062993-25-014027	200256		028-04069	000031194	801-13059	RBC CAPITAL MARKETS, LLC
0001062993-25-014027	200257		028-19305	000288566	801-110753	CRESSET ASSET MANAGEMENT, LLC
0001062993-25-014027	200258		028-12988	000006681	801-66192	FIRST WASHINGTON
0001062993-25-014027	200259		028-11925	000000079	801-3702	JP MORGAN SECURITIES PLC
0001062993-25-014027	200260		028-04558	000114310	801-60485	PARAMETIC PORTFOLIO ASSOCIATES LLC
0001062993-25-014027	200261		028-03125	000110901	801-17958	TRILLIUM ASSET MANAGEMENT, LLC
0001062993-25-014027	200262		028-18042	000125101	801-79223	JOHNSON FINANCIAL GROUP, LLC
0001062993-25-014027	200263		028-11964	000111616	801-57184	APERIO GROUP, LLC
0001062993-25-014027	200264		028-00551	000017868	801-68122	US BANCORP
0001062993-25-014027	200265		028-16612	000008174	801-7163	UBS GROUP AG
0001062993-25-014027	200266		028-02825	000016139	801-36951	BAHL & GAYNOR INC
0001062993-25-014027	200267		028-06408	000105958	801-11953	VANGUARD GROUP INC
0001062993-25-014027	200268		028-03692	000015800	801-28170	MILLER HOWARD INVESTMENTS INC /NY
0001062993-25-014027	200269		028-04819	000159289	801-72862	FOCUS PARTNERS WEALTH
0001062993-25-014027	200270		028-13117	000011025	801-57434	WELLS FARGO ADVISORS FINANCIAL NETWORK, LLC
0001062993-25-014027	200271		028-18349	000106720	801-48820	FIDUCIENT ADVISORS LLC
0001062993-25-014027	200272		028-17754	000151559	801-70719	CERITY PARTNERS LLC
0001062993-25-014027	200273		028-16961	000154718	801-71802	UNIPLAN INVESTMENT COUSEL
0001062993-25-014027	200274		028-04621	000000793	801-10746	STIFEL FINANCIAL CORP
0001062993-25-014027	200275		028-02956	000110757	801-16937	GREAT LAKES ADVISORS
0001062993-25-014027	200276		028-07342	000110351	801-2731	MAIRS AND POWER, INC.
0001062993-25-014027	200277		028-01911	000008158	801-7571	BAIRD ROBERT W & CO INC
0001062993-25-014027	200278		028-17249	000173347	801-80681	CLARIUS GROUP, LLC
0001062993-25-014027	200279		028-13894	000145711	801-69073	FREESTONE CAPITAL HOLDINGS, LLC
0001062993-25-014027	200280		028-04879	000106432	801-40278	REINHART PARTNERS, INC.
0001062993-25-014027	200281		028-10562	000108477	801-56720	ALLIANCEBERNSTEIN L.P.
0001062993-25-014027	200282		028-01707	000110550	801-8562	BAILARD, INC.
0001062993-25-014027	200283		028-01822	000110489	801-11781	BECKER CAPITAL MANAGEMENT INC
0001062993-25-014027	200284		028-03143	000140444	801-13545	FOLGER NOLAN FLEMING DOUGLAS CAPITAL
0001062993-25-014027	200285		028-00290	000007927	801-80781	NORTHERN TRUST
0001062993-25-014027	200286		028-07806	000112215	801-60185	BESSEMER GROUP INC
0001062993-25-014027	200287		028-17407	000168219	801-78284	ORGEL WEALTH MANAGEMENT, LLC
0001062993-25-014027	200288		028-19634	000147384	801-69248	SCHWARZ DYGOS WHEELER INVESTMENT ADVISORS LLC
0001062993-25-014027	200289		028-13510	000145323	801-69625	BEL AIR INVESTMENT ADVISORS
0001062993-25-014027	200290		028-16217	000151043	801-70472	GARDE CAPITAL, INC.
0001062993-25-014027	200291		028-20451	000107148	801-38507	FOSTER GROUP, INC
0001062993-25-014027	200292		028-12526	000006413	801-10970	LPL FINANCIAL LLC
0001062993-25-014027	200293		028-20564	000283682	801-107852	BOND & DEVICK FINANCIAL NETWORK, INC.
0001062993-25-014027	200294		028-05098	000107823	801-32238	COMPASS CAPITAL MANAGEMENT, INC
0001062993-25-014027	200295		028-05837	000108893	801-45536	LOGAN CAPITAL MANAGEMENT INC
0001062993-25-014027	200296		028-04587	000110897	801-40592	ZACKS INVESTMENT MANAGEMENT
0001062993-25-014027	200297		028-22356	000104540	801-21230	LAKESIDE ADVISORS, INC.
0001062993-25-014027	200298		028-04434	000104543	801-36845	HARDING LOEVNER LP
0001062993-25-014027	200299		028-00139	000006363	801-28543	AMERIPRISE FINANCIAL INC
0001062993-25-014027	200300		028-11310	000108680	801-56993	DOUGLAS WINTHROP ADVISORS, LLC
0001062993-25-014027	200301		028-16347	000121863	801-69518	EISNERAMPER WEALTH MANAGEMENT CORPORATE BENEFITS, LLC
0001062993-25-014027	200302		028-00400	000104596	801-1895	DODGE & COX
0001062993-25-014027	200303		028-02602	000106647	801-9970	EDGEWOOD MANAGEMENT LLC
0001062993-25-014027	200304		028-19468	000147363	801-69271	MERCER GLOBAL ADVISORS INC /ADV
0001062993-25-014027	200305		028-16385	000107784	801-56071	NORTHSIDE CAPITAL MANAGEMENT, LLC
0001062993-25-014027	200250		028-14122	000151736	801-70776	PATHSTONE FAMILY OFFICE, LLC
0001398344-25-014902	200158	0001638081	028-19400	000166517	801-77698	RWC ASSET ADVISORS (US) LLC
0001398344-25-014902	200159	0001520478	028-14481	000168656	801-78533	RWC Asset Management LLP
0001104659-25-076057	200362	0001592579	028-15707			Trinity Street Asset Management LLP
0001104659-25-076057	200361	0001592643	028-16000			Select Equity Group, L.P.
0001398344-25-014895	200321	0001812185	028-20267	000304792	801-117681	Level Four Capital Management, LLC
0001398344-25-014895	200322	0001696715	028-17884	000134086	801-66368	LEVEL FOUR ADVISORY SERVICES, LLC
0001398344-25-014895	200323	0001126328	028-10106			PRINCIPAL FINANCIAL GROUP INC
0001398344-25-014895	200324	0001218333	028-10400	000109008	801-55618	PRINCIPAL REAL ESTATE INVESTORS LLC
0001398344-25-014895	200325	0001027796	028-03791	000106847	801-50838	PZENA INVESTMENT MANAGEMENT LLC
0001398344-25-014895	200326	0001469751	028-13577	000146221	801-68810	RiverFront Investment Group, LLC
0001398344-25-014895	200327	0001290668	028-11076	000127447	801-62151	Sustainable Growth Advisers, LP
0001398344-25-014895	200328	0000850401	028-02494			TCW GROUP INC
0001398344-25-014895	200329	0001145263	028-06683	000106546	801-29075	TCW INVESTMENT MANAGEMENT Co LLC
0001398344-25-014895	200330	0001082045	028-04129	000105991	801-50672	WEATHERBIE CAPITAL, LLC
0001398344-25-014895	200331	0001177719	028-10220	000146990	801-69413	WESTFIELD CAPITAL MANAGEMENT CO LP
0001398344-25-014895	200320	0001391974	028-12448	000135143	801-66702	GSI Capital Advisors LLC
0001398344-25-014895	200319	0000764532	028-01526	000109149	801-15164	FIDUCIARY MANAGEMENT INC /WI/
0001398344-25-014895	200318	0001301743	028-11239	000135810	801-65436	CoreCommodity Management, LLC
0001398344-25-014895	200316	0000860644	028-02634	000109876	801-60014	Aristotle Capital Management, LLC
0001398344-25-014895	200317	0000897378	028-03434	000105161	801-23386	CONGRESS ASSET MANAGEMENT CO
0001085146-25-004773	200245	0001535110	028-14604	000283598	802-110337	Parametrica Management Ltd
0000945425-25-000006	200230	0001505817	028-14036	000154966	801-71885	Fiera Capital Corp
0001085146-25-004765	200218	0001165002	028-15581			WESTWOOD HOLDINGS GROUP INC
0001140361-25-030093	200357	0001000275	028-11396			Royal Bank of Canada
0001104659-25-076039	200167	0000752798	028-18928			CONCOURSE FINANCIAL GROUP SECURITIES, INC.
0001954889-25-000025	200213	0001299351	028-10986			Madison Asset Management, LLC
0001954889-25-000025	200214	0001600064	028-19397			Tidal Investments LLC
0000354497-25-000015	200237	0001390777	028-12592	000106108	801-52378	Bank of New York Mellon Corp
0001140361-25-030084	200161	0001000275	028-11396			Royal Bank of Canada
0001140361-25-030084	200162	0001597850	028-15699			Destra Capital Advisors LLC
0001902383-25-000004	200246	0001900110	028-21524			DGS Capital Management, LLC
0001213900-25-074009	200350	0001965208	028-22970			Viola Ventures V.C. Management 4 Ltd.
0001140361-25-030018	200117	0001055964	028-06746	000110814	801-24357	NOMURA ASSET MANAGEMENT CO LTD
0002056094-25-000004	200061		028-25250			Banque Transatlantique SA
0002056094-25-000004	200062		028-25248			Banque de Luxembourg S.A.
0002056094-25-000004	200064		028-22581	000169820	801-10701	TRANSATLANTIQUE PRIVATE WEALTH LLC
0002056094-25-000004	200060		028-25236			Groupe la Francaise
0002056094-25-000004	200059		028-25196			CREDIT INDUSTRIEL ET COMMERCIAL
0002056094-25-000004	200058		028-25255			Groupe des Assurances du Credit Mutuel
0002056094-25-000004	200063		028-25159			BLI - Banque de Luxembourg Investments
0001140361-25-030014	200128	0001055964	028-06746	000110814	801-24357	NOMURA ASSET MANAGEMENT CO LTD
0001140361-25-030012	200070	0001055964	028-06746	000110814	801-24357	NOMURA ASSET MANAGEMENT CO LTD
0000831001-25-000143	200141	0000831001	028-02427			CITIGROUP INC
0000831001-25-000142	200051	0000831001	028-02427			CITIGROUP INC
0001140361-25-030010	200037	0001055964	028-06746	000110814	801-24357	NOMURA ASSET MANAGEMENT CO LTD
0000831001-25-000141	200006	0000831001	028-02427			CITIGROUP INC
0000831001-25-000140	200142	0000831001	028-02427			CITIGROUP INC
0000831001-25-000139	200076	0000831001	028-02427			CITIGROUP INC
0001140361-25-030008	200078	0001055964	028-06746	000110814	801-24357	NOMURA ASSET MANAGEMENT CO LTD
0000831001-25-000138	200034	0000831001	028-02427			CITIGROUP INC
0002056899-25-000003	200103	0002044885	028-25124			Raiffeisen Bank International AG
0000831001-25-000137	200021	0000831001	028-02427			CITIGROUP INC
0000831001-25-000136	200022	0000831001	028-02427			CITIGROUP INC
0000831001-25-000135	200065	0000831001	028-02427			CITIGROUP INC
0002056899-25-000002	200105	0002044885	028-25124			Raiffeisen Bank International AG
0000831001-25-000134	200052	0000831001	028-02427			CITIGROUP INC
0000831001-25-000133	200038	0000831001	028-02427			CITIGROUP INC
0000831001-25-000132	200015	0000831001	028-02427			CITIGROUP INC
0002044885-25-000009	200122	0002044885	028-25124			Raiffeisen Bank International AG
0002044885-25-000008	200120	0002044885	028-25124			Raiffeisen Bank International AG
0002044885-25-000007	200008	0002044885	028-25124			Raiffeisen Bank International AG
0002057170-25-000012	200125	0002057170	028-25425			Universal- Beteiligungs- und Servicegesellschaft mbH
0001213900-25-073930	200119	0001965208	028-22970			Viola Ventures V.C. Management 4 Ltd.
0002057170-25-000011	200032	0002057170	028-25425			Universal- Beteiligungs- und Servicegesellschaft mbH
0002057170-25-000010	200131	0002057170	028-25425			Universal- Beteiligungs- und Servicegesellschaft mbH
0002057170-25-000009	199957	0002057170	028-25425			Universal- Beteiligungs- und Servicegesellschaft mbH
0001213900-25-073924	200011	0001965208	028-22970			Viola Ventures V.C. Management 4 Ltd.
0001178913-25-002730	200010	0001870364	028-22814			Y.D. More Investments Ltd
0001178913-25-002728	200079	0001870364	028-22814			Y.D. More Investments Ltd
0001178913-25-002724	200137	0001870364	028-22814			Y.D. More Investments Ltd
0001178913-25-002717	200106	0001599719	028-15914			Mivtachim The Workers Social Insurance Fund Ltd. (Under Special Management)
0001178913-25-002714	200073	0001599719	028-15914			Mivtachim The Workers Social Insurance Fund Ltd. (Under Special Management)
0001104659-25-075845	200033		028-14770			Westpac Banking Corporation
0001104659-25-075838	200036		028-14770			Westpac Banking Corporation
0001594417-25-000005	200072	0000354204	028-01186			DIMENSIONAL FUND ADVISORS LP
0000950123-25-007383	200040		028-22085			John & Kathleen Schreiber Foundation
0001594417-25-000005	200071	0001539204	028-18152			Crossmark Global Holdings, Inc.
0000898432-25-000579	200140	0001527166	028-15025	000111128	801-52462	Carlyle Group Inc.
0000898432-25-000578	200039	0001527166	028-15025	000111128	801-52462	Carlyle Group Inc.
0000898432-25-000577	200075	0001527166	028-15025	000111128	801-52462	Carlyle Group Inc.
0000898432-25-000575	200048	0001512910	028-15646	000159215	801-72890	AlpInvest Partners B.V.
0001999371-25-010990	200050	0000937567	028-10597			ONTARIO TEACHERS PENSION PLAN BOARD
0001417296-25-000011	200056	0000005272	028-00219			AMERICAN INTERNATIONAL GROUP, INC.
0001172661-25-002985	200129	0001692234	028-17598			Russell Investments Group, Ltd.
0001739439-25-000020	200074	0001739439		000291361		Rockefeller Capital Management L.P.
0001104659-25-075704	199955	0000086312	028-00062			TRAVELERS COMPANIES, INC.
0001663813-25-000011	200109		028-0554			Citizens Financial Group, Inc.
0001766347-25-000011	200115		028-0554			Citizens Financial Group, Inc.
0000759944-25-000112	200055		028-19418	000106743	801-40835	Clarfeld Financial Advisors, LLC, 
0000759944-25-000112	200054		028-17246			Citizens Bank, National Association
0000950123-25-007371	200104		028-12791			Silver Lake Group, L.L.C.
0000950123-25-007365	200066		028-12791			Silver Lake Group, L.L.C.
0000950123-25-007368	200134		028-12791			Silver Lake Group, L.L.C.
0000950123-25-007367	200132		028-12791			Silver Lake Group, L.L.C
0000950123-25-007369	200127		028-12791			Silver Lake Group, L.L.C.
0000950123-25-007366	200118		028-12791			Silver Lake Group, L.L.C.
0000950123-25-007370	200116		  028-12791			Silver Lake Group, L.L.C
0000950123-25-007362	200130		028-25073			Gallatin Point Capital LLC
0000950123-25-007361	200110		028-25073			Gallatin Point Capital LLC
0001398344-25-014839	200123	0001592828	028-17729			Empowered Funds, LLC
0001739439-25-000018	200020	0001739439	028-18743			Rockefeller Capital Management L.P.
0001739439-25-000017	200053	0001739439	028-18743			Rockefeller Capital Management L.P.
0001739439-25-000016	200077	0001739439	028-18743			Rockefeller Capital Management L.P.
0001085146-25-004751	200044	0001165002	028-15581			WESTWOOD HOLDINGS GROUP INC
0001085146-25-004750	200057	0001165002	028-15581			WESTWOOD HOLDINGS GROUP INC
0001085146-25-004749	200114	0001165002	028-15581			WESTWOOD HOLDINGS GROUP INC
0001140361-25-029827	199956	0001000275	028-11396			Royal Bank of Canada
0001085146-25-004735	200035	0001844495	028-20944	000301040	801-117460	Wealthspring Capital LLC
0001172661-25-002976	200135	0001387508	028-12257	000158105	801-73598	PRELUDE CAPITAL MANAGEMENT, LLC
0001140601-25-000010	200136		028-04968	000110045	801-17352	Massachusetts Financial Services Company
0001442898-25-000010	200126		028-04968	000110045	801-17352	Massachusetts Financial Services Company
0001085146-25-004732	199989	0001086433	028-04377	000105138	801-34612	FEDERATED INVESTMENT MANAGEMENT CO
0001085146-25-004732	199990	0001385495	028-12282	000133196	801-63658	FIAM LLC
0001085146-25-004732	199991	0001023875	028-06154	000111376	801-53068	FRANKLIN MUTUAL ADVISERS LLC
0001085146-25-004732	199992	0000020430	028-00255	000105360	801-33949	Invesco Advisers, Inc.
0001085146-25-004732	199993	0001363391	028-11937	000107038	801-21011	J.P. Morgan Investment Management Inc.
0001085146-25-004732	199994	0001021223	028-05792	000104599	801-24241	KAYNE ANDERSON RUDNICK INVESTMENT MANAGEMENT LLC
0001085146-25-004732	199995	0000312348	028-00398	000105377	801-170	LOOMIS SAYLES & CO L P
0001085146-25-004732	199996	0000727770	028-05267	000105390	801-32108	MACQUARIE INVESTMENT MANAGEMENT BUSINESS TRUST
0001085146-25-004732	199997	0000912938	028-04968	000110045	801-17352	MASSACHUSETTS FINANCIAL SERVICES CO /MA/
0001085146-25-004732	199998	0001230440	028-17085	000124687	801-61757	Neuberger Berman Investment Advisers LLC
0001085146-25-004732	199999	0001256909	028-10487	000105780	801-33358	Northern Trust Investments, Inc
0001085146-25-004732	200000	0001163368	028-10952	000104559	801-48187	PACIFIC INVESTMENT MANAGEMENT CO LLC
0001085146-25-004732	200001	0001897612	028-22690	000314590	801-121434	T. Rowe Price Investment Management, Inc.
0001085146-25-004732	200002	0001021642	028-05840	000106975	801-51795	Vaughan Nelson Investment Management, L.P.
0001085146-25-004732	200003	0000902219	028-04557	000106595	801-15908	WELLINGTON MANAGEMENT GROUP LLP
0001085146-25-004732	200004	0000080255	028-00115	000105496	801-856	PRICE T ROWE ASSOCIATES INC /MD/
0001085146-25-004732	199981	0001544935	028-14936	000162309	801-75074	abrdn Investments Ltd
0001085146-25-004732	199982	0001075869	028-04413	000104973	801-21122	ALLSPRING GLOBAL INVESTMENTS, LLC
0001085146-25-004732	199983	0000052388	028-01091	000105778	801-8174	AMERICAN CENTURY INVESTMENT MANAGEMENT INC
0001085146-25-004732	199984	0001086364	028-04295	000106614	801-47710	BLACKROCK ADVISORS LLC
0001085146-25-004732	199985	0001386060	028-12484	000124982	801-61786	Boston Partners
0001085146-25-004732	199986	0000200217	028-00400	000104596	801-1895	DODGE & COX
0001085146-25-004732	199987	0000938206	028-04207	000105757	801-18439	DRIEHAUS CAPITAL MANAGEMENT LLC
0001085146-25-004732	199988	0001102578	028-05269	000107926	801-56189	EARNEST PARTNERS LLC
0001443066-25-000010	200005		028-04968	000110045	801-17352	Massachusetts Financial Services Company
0001694966-25-000010	200155		028-04968	000110045	801-17352	Massachusetts Financial Services Company
0001843301-25-000003	200151	0001009232		000105432		GENEVA CAPITAL MANAGEMENT LLC
0001843301-25-000003	200150	0001112325		000108074		RIVERBRIDGE PARTNERS LLC
0001843301-25-000003	200143	0001134283		000108954		SEIZERT CAPITAL PARTNERS, LLC
0001843301-25-000003	200148	0001369702		000106321		AMI ASSET MANAGEMENT CORP
0001843301-25-000003	200147	0000823621		000115093		CAMBIAR INVESTORS LLC
0001843301-25-000003	200146	0000859804		000021923		WEDGEWOOD PARTNERS INC
0001843301-25-000003	200145	0001061186		000154909		WCM INVESTMENT MANAGEMENT, LLC
0001843301-25-000003	200144	0001341401		000134918		River Road Asset Management, LLC
0001843301-25-000003	200152	0001259887		000015059		LONDON CO OF VIRGINIA
0001843301-25-000003	200153	0001120926		000025624		ARGENT CAPITAL MANAGEMENT LLC
0001843301-25-000003	200149	0001423442		000144594		O'SHAUGHNESSY ASSET MANAGEMENT, LLC
0001443067-25-000010	199979		028-04968	000110045	801-17352	Massachusetts Financial Services Company
0001604671-25-000010	200068		028-04968	000110045	801-17352	Massachusetts Financial Services Company
0001600094-25-000002	200133	0000927971				BANK OF MONTREAL /CAN/
0001442854-25-000010	200067		028-04968	000110045	801-17352	Massachusetts Financial Services Company
0001442857-25-000012	199980		028-04968	000110045	801-17352	Massachusetts Financial Services Company
0001398344-25-014816	200121	0001080380	028-04685	000123546	801-64500	PROSPECTOR PARTNERS LLC
0000950123-25-007340	199964		028-17876	000283720	801-107734	GQG Partners LLC
0000950123-25-007340	199978		028-04557			Wellington Management Group LLP
0000950123-25-007340	199977		028-05734	000137610	801-64820	Sands Capital Management, LLC
0000950123-25-007340	199976		028-10400	000109008	801-55618	Principal Real Estate Investors, LLC
0000950123-25-007340	199975		028-10952	000104559	801-48187	Pacific Investment Management Company LLC
0000950123-25-007340	199974		028-13573			Neuberger Berman Group LLC
0000950123-25-007340	199973		028-03432			Morgan Stanley
0000950123-25-007340	199972		028-04968	000110045	801-17352	Massachusetts Financial Services Co
0000950123-25-007340	199971		028-21396	000132391	801-63397	Marathon Asset Management Limited
0000950123-25-007340	199970		028-00398			Loomis Sayles & Co LP
0000950123-25-007340	199969		028-00694			JPMorgan Chase & Co
0000950123-25-007340	199958		028-10562	000108477	801-56720	AllianceBernstein LP
0000950123-25-007340	199959		028-02634	000109876	801-60014	Aristotle Capital Management, LLC
0000950123-25-007340	199960		028-01006			Barrow Hanley Global Investors
0000950123-25-007340	199961		028-12484			Boston Partners
0000950123-25-007340	199962		028-12282	000133196	801-63658	FIAM LLC
0000950123-25-007340	199963		028-11599	000106220	801-15028	Grantham Mayo Van Otterloo & Co LLC
0000950123-25-007340	199965		028-10981	000107738	801-37591	Goldman Sachs Asset Management, L.P.
0000950123-25-007340	199966		028-02013	000106960	801-50333	Harris Associates LP
0000950123-25-007340	199967		028-10068	000114649	801-60512	Hotchkis & Wiley Capital Management LLC
0000950123-25-007340	199968		028-00074	000107959	801-5608	Jennison Associates LLC
0001085146-25-004729	200043	0000012600	028-23623	000001137	801-54949	PRINCIPAL SECURITIES, INC.
0001085146-25-004729	200041	0001484040	028-13785	000139897	801-67539	Origin Asset Management LLP
0001085146-25-004729	200042	0001318293	028-11300	000300463	801-30405	Spectrum Asset Management, Inc.
0001104659-25-075599	200028	0001592413	028-19492	000169007	801-114124	Strategy Capital LLC
0001104659-25-075599	200029	0001872738	028-21833	000312387	801-121530	CenterBook Partners LP
0001104659-25-075599	200030	0001626220	028-17931	000169840	801-80782	Greenhouse Funds LLLP
0001104659-25-075599	200031	0002046605	028-25002	000323308	801-131101	LYNWOOD PRICE CAPITAL MANAGEMENT LP
0001104659-25-075599	200026	0001167557	028-10120	000111883	801-55543	AQR CAPITAL MANAGEMENT LLC
0001104659-25-075599	200025	0001868537	028-21328	000310498	801-123042	FUNDSMITH INVESTMENT SERVICES LTD.
0001104659-25-075599	200024	0001599814	028-15794	000168625	801-78514	Kopernik Global Investors, LLC
0001104659-25-075599	200027	0001845012	028-20619	000163822	801-115287	NewGen Asset Management Ltd
0001398344-25-014810	200091		028-00255	000105360	801-33949	Invesco Advisers, Inc.
0001398344-25-014810	200092		028-01343	000104652	801-13991	Janus Henderson Investors US LLC
0001398344-25-014810	200093		028-11937	000107038	801-21011	J.P. Morgan Investment Management Inc.
0001398344-25-014810	200094		028-00398	000105377	801-170	Loomis Sayles & CO LP
0001398344-25-014810	200095		028-05267	000105390	801-32108	Macquarie Investment Management Business Trust
0001398344-25-014810	200096		028-04968	000110045	801-17352	Massachusetts Financial Services Co (MFS)
0001398344-25-014810	200097		028-10952	000104559	801-48187	Pacific Investment Management Co LLC
0001398344-25-014810	200098		028-00115	000105496	801-856	Price T Rowe Associates Inc
0001398344-25-014810	200099		028-10106	000109002	801-55959	Principal Financial Group Inc
0001398344-25-014810	200100		028-10400	000109008	801-55618	Principal Real Estate Investors LLC
0001398344-25-014810	200101		028-11338	000111242	801-60103	SSGA Funds Management Inc
0001398344-25-014810	200102		028-04557	000106595	801-15908	Wellington Management Group LLP
0001398344-25-014810	200080		028-01091	000105778	801-8174	American Century Investment Management, Inc.
0001398344-25-014810	200081		028-20654	000298050	801-117402	Aristotle Pacific Capital LLC
0001398344-25-014810	200082		028-12016	000108928	801-56972	Blackrock Investment Management, LLC
0001398344-25-014810	200083		028-12484	000124982	801-61786	Boston Partners
0001398344-25-014810	200084		028-11611	000137028	801-64710	Clearbridge Investments, LLC
0001398344-25-014810	200085		028-04375			Federated Hermes, Inc.
0001398344-25-014810	200086		028-06154	000111376	801-53068	Franklin Mutual Advisers LLC
0001398344-25-014810	200087		028-00734			Franklin Resources Inc
0001398344-25-014810	200088		028-00451	000133196	801-63658	FMR LLC
0001398344-25-014810	200089		028-10386	000115504	801-61117	Geode Capital Management, LLC
0001398344-25-014810	200090		028-10981	000107738	801-37591	Goldman Sachs Asset Management, L.P.
0001085146-25-004727	200124	0001126328	028-10106			PRINCIPAL FINANCIAL GROUP INC
0001085146-25-004726	200007	0001126328	028-10106			PRINCIPAL FINANCIAL GROUP INC
0001085146-25-004725	200009	0001126328	028-10106			PRINCIPAL FINANCIAL GROUP INC
0001989672-25-000005	200111	0000354204		000106482	801-16283	DIMENSIONAL FUND ADVISORS LP
0001989672-25-000005	200112	0000932859	028-04558	000114310	801-60485	PARAMETRIC PORTFOLIO ASSOCIATES LLC
0001085146-25-004724	200113	0001126328	028-10106			PRINCIPAL FINANCIAL GROUP INC
0001085146-25-004723	200019	0001126328	028-10106			PRINCIPAL FINANCIAL GROUP INC
0001104659-25-075593	200157	0001418112	028-13117			WELLS FARGO ADVISORS FINANCIAL NETWORK, LLC
0001104659-25-075593	200156	0001417544	028-13118			WELLS FARGO CLEARING SERVICES, LLC
0001337848-25-000004	200023		028-10952			Pacific Investment Management Co LLC
0001085146-25-004717	200069	0001575301	028-15734	000127583		Beacon Capital Management, Inc.
0001140361-25-029784	200154	0000357301	028-06657			TRUSTCO BANK CORP N Y
0001224608-25-000051	200046	0001224608				CNO Financial Group, Inc.
0001085146-25-004702	200138	0001163648	028-10064			CI Investments Inc.
0001085146-25-004702	200139	0001692234	028-17598			Russell Investments Group, Ltd.
0000950123-25-007335	199951		028-15014			Allianz Asset Management GmbH
0000950123-25-007335	199954		028-24954			Towarzystwo Funduszy Inwestycyjnych Allianz Polska S.A.
0000950123-25-007335	199953		028-24953			Powszechne Towarzystwo Emerytalne Allianz Polska S.A.
0000950123-25-007335	199952		028-21169			Allianz Investment Management U.S. LLC
0001667731-25-001075	200047	0001125816	028-06487	000107027		FIRST TRUST ADVISORS LP
0001749768-25-000050	200012	0001749768				Impax Asset Management Group plc
0001749768-25-000050	200014	0001964205				Fidante Partners Ltd
0001749768-25-000050	200013	0001428948				Impax Asset Management LTD
0001085146-25-004696	200107	0001455258	028-13358	000143490	801-67787	Calamos Wealth Management LLC
0001085146-25-004696	200108	0001692234	028-17598			Russell Investments Group, Ltd.
0001749768-25-000048	200016	0001749768				Impax Asset Management Group plc
0001749768-25-000048	200017	0001127990				IMPAX ASSET MANAGEMENT LLC
0001749768-25-000048	200018	0001964205				Fidante Partners Ltd
0000910073-25-000118	200049	0001117233	028-21389	000104233	801-67767	FLAGSTAR ADVISORS INC
0000929638-25-002945	200045	0000924166	028-04334	000108879	801-25461	Valley Wealth Managers, Inc.
0000945621-25-000685	199759	0002049221	028-24681			ABC ARBITRAGE SA
0000945621-25-000683	199875	0002049221	028-24681			ABC ARBITRAGE SA
0002026754-25-000007	199898	0001214717	028-10386	000115504	801-61117	GEODE CAPITAL MANAGEMENT, LLC
0001269241-25-000009	199896	0001214717	028-10386	000115504	801-61117	GEODE CAPITAL MANAGEMENT, LLC
0001140361-25-029760	199921	0001000275	028-11396			Royal Bank of Canada
0001140465-25-000121	199755	0000873630	028-03140			HSBC HOLDINGS PLC
0001140361-25-029758	199800	0001000275	028-11396			Royal Bank of Canada
0000929638-25-002943	199762	0001542927	028-14926			National Mutual Insurance Federation of Agricultural Cooperatives
0000950123-25-007314	199895		28-1235		001-09718	The PNC Financial Services Group, Inc.
0000950123-25-007313	199799		28-1235		001-09718	The PNC Financial Services Group, Inc.
0000950123-25-007311	199925		28-1235		001-09718	The PNC Financial Services Group, Inc.
0000950123-25-007310	199781		28-1235		001-09718	The PNC Financial Services Group, Inc.
0001104659-25-075492	199873	0001595683	028-15948			CROSBY Co OF NEW HAMPSHIRE LLC
0001581450-25-000004	199857		028-03140			HSBC HOLDINGS PLC
0000950123-25-007298	199798		028-24119			M&G Plc
0000950123-25-007297	199783		028-24119			M&G Plc
0000950123-25-007295	199769		028-10998			Guidestone Capital Management, LLC
0000950123-25-007295	199770		028-19510			PGIM Investments LLC
0001171843-25-005200	199897	0001215838	028-13273	000306863	801-121221	JUPITER ASSET MANAGEMENT LTD
0001171843-25-005199	199886	0001816616	028-20310	000305093	801-119089	NZS Capital, LLC
0000950123-25-007291	199827		28-13564	000296868	801-113352	Mitsubishi UFJ Trust and Banking Corporation
0000950123-25-007291	199828		28-13570			Mitsubishi UFJ Securities Holdings Co.,Ltd.
0000950123-25-007291	199829		28-13566			Mitsubishi UFJ Asset Management Co., Ltd.
0000950123-25-007291	199830		28-04665			MUFG Americas Holdings Corporation
0000950123-25-007291	199832		28-15731			MUFG Securities EMEA plc
0000950123-25-007291	199833		28-18096			Mitsubishi UFJ Asset Management (UK) Ltd.
0000950123-25-007291	199834		28-21099			MUFG Securities (Canada), Ltd.
0000950123-25-007291	199835		28-19496			WealthNavi Inc.
0000950123-25-007293	199757		028-13564	000296868	801-113352	Mitsubishi UFJ Trust & Banking Corp
0000950123-25-007292	199763		028-13564	000296868	801-113352	Mitsubishi UFJ Trust & Banking Corp
0000950123-25-007291	199831		28-05836			MUFG Bank, Ltd.
0000950123-25-007290	199812		028-00074	000107959	801-5608	JENNISON ASSOCIATES LLC
0000950123-25-007290	199813		028-15414	000162793	802-75384	AMP Capital Investors Ltd 
0000950123-25-007290	199814		028-16230	000170064	801-79255	Jackson Square Partners, LLC
0000950123-25-007290	199815		028-11022	000124509	801-62020	Aberdeen Asset Management Asia Limited
0000950123-25-007290	199816		028-03743	000132391	801-63397	Marathon Asset Management
0000950123-25-007290	199817		028-05734	000137610	801-64820	Sands Capital Management, LLC
0000950123-25-007290	199818		028-17489	000281225	801-106590	Coronation Investment Management 
0000950123-25-007290	199819		028-13566			Mitsubishi UFJ Asset Management  Co.,Ltd.
0000950123-25-007290	199820		028-18096			Mitsubishi UFJ Asset Management (UK) Ltd.
0000950123-25-007290	199821		028-00290			NORTHERN TRUST CORP
0000950123-25-007290	199822		028-17598	000105734	801-17141	RUSSELL INVESTMENT GROUP LTD
0000950123-25-007290	199823		028-14770			WESTPAC BANKING CORP
0000950123-25-007290	199824		028-21707	000159461	801-72926	Sonen Capital LLC
0000950123-25-007290	199825		028-11937	000107038	801-21011	J.P. Morgan Investment Management Inc
0000950123-25-007289	199761		028-13564	000296868	801-113352	Mitsubishi UFJ Trust & Banking Corp
0000950123-25-007286	199918		028-13564	000296868	801-113352	Mitsubishi UFJ Trust & Banking Corp
0000950123-25-007288	199874		028-13564	000296868	801-113352	Mitsubishi UFJ Trust & Banking Corp
0000950123-25-007287	199877		28-04665			MUFG Americas Holdings Corporation
0000950123-25-007287	199878		28-19496			WealthNavi Inc.
0000950123-25-007285	199791		028-13564	000296868	801-113352	Mitsubishi UFJ Trust & Banking Corp
0000950123-25-007290	199805		028-04395	000110296	801-21051	BAILLIE GIFFORD OVERSEAS LTD 
0000950123-25-007290	199806		028-13997	000110181	801-38826	BROWN ADVISORY INC
0000950123-25-007290	199807		028-03697	000112379	801-13549	SOUND SHORE MANAGEMENT INC 
0000950123-25-007290	199808		028-04701			ABERDEEN ASSET MANAGEMENT PLC/UK
0000950123-25-007290	199809		028-19504	000299607	801-114563	Levin Easterly Partners LLC
0000950123-25-007290	199810		028-02405	000106266	801-27721	COHEN & STEERS CAPITAL MANAGEMENT INC
0000950123-25-007290	199811		028-14100	000151480	801-70661	Sanders Capital, LLC
0000950123-25-007284	199767		028-13564	000296868	801-113352	Mitsubishi UFJ Trust & Banking Corp
0001848138-25-000009	199949		028-21211	000161898	802-124941	GREENWOODS ASSET MANAGEMENT HONG KONG LIMITED
0001581449-25-000003	199756	0000873630	028-03140			HSBC HOLDINGS PLC
0001104659-25-075312	199751	0001807622	028-22049			Certares Management LLC
0001104659-25-075310	199888	0001512397	028-14346			Knighthead Capital Management, LLC
0001104659-25-075312	199752	0001512397	028-14346			Knighthead Capital Management, LLC
0001104659-25-075315	199879	0001512397	028-14346			Knighthead Capital Management, LLC
0000950123-25-007245	199880		028-23893			FJ Investments, LLC
0001905616-25-000022	199882		028-24938			TAKEDA PHARMACEUTICAL CO LTD.
0001104659-25-075310	199887	0001807622	028-22049			Certares Management LLC
0001104659-25-075309	199758	0001512397	028-14346			Knighthead Capital Management, LLC
0001633799-25-000009	199864	0001418329	028-12634	000158310	801-73635	Ninety One UK Ltd
0002011050-25-000004	199794					Charles Schwab Investments Management Inc
0002011050-25-000004	199793					Cullen Capital Management, LLC
0002011050-25-000004	199792					Nuveen Asset Management, LLC
0001729939-25-000003	199785	0001376772				Dorsey Wright & Associates
0001729939-25-000003	199784	0001442056				CONFLUENCE INVESTMENT MANAGEMENT LLC
0001843582-25-000005	199876	0001843581	028-20706	000289000	801-110874	Fountainhead AM, LLC
0001104659-25-075205	199906	0001247497	028-12939			RIVERSTONE HOLDINGS LLC
0001085146-25-004673	199754	0000874779	028-02900			MELLON INVESTMENTS Corp
0001085146-25-004672	199765	0001086619	028-04731			SCHRODER INVESTMENT MANAGEMENT GROUP
0001085146-25-004672	199766	0000902219	028-04557			WELLINGTON MANAGEMENT GROUP LLP
0001085146-25-004659	199789	0001386060	028-12484			Boston Partners
0001085146-25-004658	199892	0001692234	028-17598			Russell Investments Group, Ltd.
0001085146-25-004658	199891	0001390777	028-12592			Bank of New York Mellon Corp
0001085146-25-004655	199890	0001418773	028-12635			Robeco Institutional Asset Management B.V.
0000897423-25-000064	199923	0001133939	028-06089			MEDIATEL PARTNERS
0000897423-25-000064	199922	0000806250	028-01873			KEYSTONE GROUP, L.P.
0000897423-25-000064	199924	0001056907	028-07038			GENRE PARTNERS L P
0001104659-25-075152	199856	0001697765	028-18062			Achmea Investment Management B.V.
0001796874-25-000006	199901	0000080386		000006413	801-10970	LPL FINANCIAL LLC
0000950123-25-007226	199950		28-01006			Barrow Hanley Mewhinney & Strauss LLC
0000950123-25-007221	199872		028-11396			Royal Bank of Canada
0001172661-25-002941	199786	0001574947	028-16476			COMGEST GLOBAL INVESTORS S.A.S.
0001172661-25-002940	199788	0001574947	028-16476			COMGEST GLOBAL INVESTORS S.A.S.
0001172661-25-002939	199826	0001574947	028-16476			COMGEST GLOBAL INVESTORS S.A.S.
0001172661-25-002938	199889	0001574947	028-16476			COMGEST GLOBAL INVESTORS S.A.S.
0001172661-25-002937	199893	0001574947	028-16476			COMGEST GLOBAL INVESTORS S.A.S.
0001042046-25-000030	199919		028-04389			AMERICAN FINANCIAL GROUP INC
0001451086-25-000004	199932		028-12179			Phocas Financial
0001451086-25-000004	199934		028-12654			Lisanti Capital Growth LLC
0001451086-25-000004	199935		028-14043			Decatur Capital Management, Inc.
0001451086-25-000004	199936		028-10871			Profit Investment Management, LLC
0001451086-25-000004	199937		028-11507			Summit Creek Advisors LLC
0001451086-25-000004	199938		028-15835			Pacific Ridge Capital Partners, LLC
0001451086-25-000004	199939		028-15430			ARGA Investment Management, LP
0001451086-25-000004	199940		028-04886			GlobeFlex Capital, LP
0001451086-25-000004	199941		028-18598			Slow Capital, inc
0001451086-25-000004	199942		028-13214			Ancora Advisors, LLC
0001451086-25-000004	199943		028-20805			Heron Bay Capital Management
0001451086-25-000004	199944		028-23188	000310355	801-119868	V-Square Quantitative Management LLC.
0001451086-25-000004	199945		028-16855			Isthmus Partners, LLC
0001451086-25-000004	199931		028-19839			Heard Capital LLC
0001451086-25-000004	199930		028-14467			Affinity Investment Advisors, LLC
0001451086-25-000004	199929		028-11090			Channing Capital Management, LLC
0001451086-25-000004	199928		028-10043			Seizert Capital Partners
0001451086-25-000004	199927		028-06194			Paradigm Asset Management, LLC
0001451086-25-000004	199926		028-05496			The Edgar Lomax Company
0001451086-25-000004	199933		028-10130			Denali Advisors
0001164772-25-000006	199771	0001390777	028-12592			Bank of New York Mellon Corp
0001164772-25-000006	199772	0001386060	028-12484			Boston Partners
0001164772-25-000006	199773	0001284812	028-11197			COHEN & STEERS, INC.
0001164772-25-000006	199774	0001377581	028-12253			First Pacific Advisors, LP
0001164772-25-000006	199775	0000019617	028-00694			JPMORGAN CHASE & CO
0001164772-25-000006	199776	0001021223	028-05792			KAYNE ANDERSON RUDNICK INVESTMENT MANAGEMENT LLC
0001164772-25-000006	199777	0001207017	028-10469			LAZARD ASSET MANAGEMENT LLC
0001164772-25-000006	199778	0000312348	028-00398			LOOMIS SAYLES & CO L P
0001164772-25-000006	199779	0001462160	028-13564			Mitsubishi UFJ Trust & Banking Corp
0001164772-25-000006	199780	0001512805	028-14257			Westchester Capital Management, LLC
0001214659-25-011669	199790	0001389544	028-12302			ALLEN OPERATIONS LLC
0001214659-25-011668	199902	0000919489	028-04174			ALLEN HOLDING INC /NY
0001214659-25-011667	199894	0001326234	028-11378			Allen Investment Management, LLC
0001062993-25-013800	199858	0001006364	028-05210	000112500	801-23854	Hardman Johnston Global Advisors LLC
0001062993-25-013800	199859	0001410833	028-12639	000106030	801-45362	Night Owl Capital Management, LLC
0001062993-25-013800	199860	0001538449	028-14623	000159100	801-74336	Mawer Investment Management Ltd.
0001062993-25-013800	199861	0001765768	028-19119			Galibier Capital Management Ltd.
0001062993-25-013800	199862	0001063497	028-15085	000155405	801-72181	Pembroke Management, LTD
0000897423-25-000063	199787	0001705622	028-18031			Bass Edward P
0000744455-25-000018	199753	0000801166	028-14193			Power Corp of Canada
0000897423-25-000062	199881	0001705622	028-18031			Bass Edward P
0001062993-25-013796	199899	0001387508	028-12257	000158105	801-73598	PRELUDE CAPITAL MANAGEMENT, LLC
0001020580-25-000008	199863	0001592828	028-17729			Empowered Funds, LLC
0000897423-25-000061	199782	0000924920	028-04380			BASS LEE M /TX/
0000022356-25-000049	199917	0001009076	028-05260			COMMERCE BANK
0000897423-25-000060	199804	0000924920	028-04380			BASS LEE M /TX/
0001367401-25-000010	199866	0001105246	028-05673			UBS GLOBAL ASSET MANAGEMENT UK LTD
0001367401-25-000010	199868	0001802900	028-20101			Mirova US LLC
0001367401-25-000010	199867	0000922898	028-03513			M&G INVESTMENT MANAGEMENT LTD
0001599966-25-000005	199869	0000927971				BANK OF MONTREAL /CAN/
0001104659-25-075059	199911	0001426763	028-12741			Cincinnati Specialty Underwriters Insurance CO
0001104659-25-075059	199910	0001279886	028-10756			CINCINNATI INDEMNITY CO
0001104659-25-075059	199909	0001279888	028-10755			CINCINNATI CASUALTY CO
0001104659-25-075059	199908	0001279887	028-10754			CINCINNATI LIFE INSURANCE CO
0001104659-25-075059	199912	0001534469	028-14579			CSU Producer Resources, Inc.
0001104659-25-075059	199907	0001279885	028-10753			CINCINNATI INSURANCE CO
0000950123-25-007177	199883					Syncona Portfolio Limited 
0000950123-25-007177	199884					Syncona Holdings Limited 
0000950123-25-007177	199885					Syncona Investment Management Limited 
0000950123-25-007176	199903					Syncona Portfolio Limited
0000950123-25-007176	199904					Syncona Holdings Limited
0000950123-25-007176	199905					Syncona Limited
0000950123-25-007173	199803					Syncona Investment Management Limited
0000950123-25-007173	199801					Syncona Holdings Limited
0000950123-25-007173	199802					Syncona Limited
0001628280-25-038652	199855		028-05353			 BP PLC
0000950123-25-007170	199946					Syncona Portfolio Limited
0000950123-25-007170	199947					Syncona Limited
0000950123-25-007170	199948					Syncona Investment Management Limited
0001140361-25-029365	199796	0000721204	028-01190			RUSSELL FRANK CO/
0000869772-25-000089	199871	0000869772	028-02805			SECURITY BENEFIT LIFE INSURANCE CO /KS/
0001633121-25-000010	199870	0001572748	028-16519	000165584	8-69169	Marathon Trading Investment Management LLC
0001274419-25-000021	199915	0002055344	028-25248			Banque de Luxembourg S.A.
0001274419-25-000021	199914	0001935000	028-22581	000169820	801-10701	TRANSATLANTIQUE PRIVATE WEALTH LLC
0001274419-25-000021	199916	0002052594	028-25159			BLI - Banque de Luxembourg Investments
0001274419-25-000021	199913	0002056095	028-25250			Banque Transatlantique SA
0000950123-25-007167	199764		028-13043			KBC Group NV
0000950123-25-007166	199797		028-13043			KBC Group NV
0000950123-25-007163	199795		028-13043			KBC Group NV
0000950123-25-007161	199768		028-13043			KBC Group NV
0001140022-25-000010	199900	0001140022	028-06609			AVIVA PLC
0001104659-25-074938	199843	0000914208	028-11246			Invesco Ltd.
0001104659-25-074938	199853	0001290668	028-11076			Sustainable Growth Advisers, LP
0001104659-25-074938	199852	0000902219	028-04557			WELLINGTON MANAGEMENT GROUP LLP
0001104659-25-074938	199836	0000916542	028-05990			ACADIAN ASSET MANAGEMENT LLC
0001104659-25-074938	199837	0000748054	028-11918			AMERICAN CENTURY COMPANIES INC
0001104659-25-074938	199838	0000820027	028-00139			AMERIPRISE FINANCIAL INC
0001104659-25-074938	199839	0001017918	028-04011			BAMCO INC /NY/
0001104659-25-074938	199840	0000829108	028-02204			Brandywine Global Investment Management, LLC
0001104659-25-074938	199841	0001033984	028-06044			CBRE INVESTMENT MANAGEMENT LISTED REAL ASSETS LLC
0001104659-25-074938	199842	0001233991	028-10477			COLUMBIA MANAGEMENT INVESTMENT ADVISERS, LLC
0001104659-25-074938	199854	0001207017	028-10469			LAZARD ASSET MANAGEMENT LLC
0001104659-25-074938	199844	0001363391	028-11937			J.P. Morgan Investment Management Inc.
0001104659-25-074938	199845	0000019617	028-00694			JPMORGAN CHASE & CO
0001104659-25-074938	199846	0001418333	028-13120			MACQUARIE GROUP LTD
0001104659-25-074938	199847	0000895421	028-03432			MORGAN STANLEY
0001104659-25-074938	199848	0001230193	028-11866			MORGAN STANLEY INVESTMENT MANAGEMENT INC
0001104659-25-074938	199849	0000080255	028-00115			PRICE T ROWE ASSOCIATES INC /MD/
0001104659-25-074938	199850	0001040188	028-06354			VICTORY CAPITAL MANAGEMENT INC
0001104659-25-074938	199851	0001068837	028-07292			VOYA INVESTMENT MANAGEMENT LLC
0000950123-25-007150	199760		28-13582			MITSUBISHI UFJ FINANCIAL GROUP INC
0000950123-25-007149	199920				028-24968 	Allianz SE
0000950123-25-007116	199865		028-23880			CALL TO ACTION FOUNDATION
0001593324-25-000007	199736	0001409765	028-12657			Guinness Atkinson Asset Management Inc
0001593324-25-000007	199737	0001791965	028-19701			Kingsview Wealth Management, LLC
0001593324-25-000007	199738	0001566728	028-15439	000150764		Capital Wealth Planning, LLC
0001593324-25-000007	199739	0001332905	028-11714	000134249		Curi Capital, LLC
0001697723-25-000004	199706		028-24897	000330428	801-130244	Zega Investments, LLC
0001062993-25-013722	199734			000325732		FRANKLIN MANAGED OPTIONS STRATEGIES, LLC
0001062993-25-013722	199735			000301761		VISE
0001062993-25-013722	199731			000144594		O'Shaughnessy Asset Management, LLC
0001062993-25-013722	199732			000286620		55IP, LLC
0001062993-25-013722	199733			000111883		AQR CAPITAL MANAGEMENT, LLC
0001881609-25-000009	199730	0001669162	028-21835			Kinsale Capital Group, Inc.
0000945621-25-000666	199742	0001003518	028-23074			AGF MANAGEMENT LTD
0000950123-25-007102	199704					RP Management, LLC
0000945621-25-000664	199747	0001003518	028-23074			AGF MANAGEMENT LTD
0000945621-25-000662	199715	0001003518	028-23074			AGF MANAGEMENT LTD
0000945621-25-000660	199722	0001003518	028-23074			AGF MANAGEMENT LTD
0000945621-25-000658	199713	0001003518	028-23074			AGF MANAGEMENT LTD
0000945621-25-000656	199727	0001003518	028-23074			AGF MANAGEMENT LTD
0001104659-25-074661	199719	0001046187	028-06538			AEW CAPITAL MANAGEMENT L P
0001104659-25-074657	199726	0001692234	028-17598			Russell Investments Group, Ltd.
0001104659-25-074657	199725	0001018331	028-05788			NATIXIS ADVISORS, LLC
0001172661-25-002915	199745	0000932859	028-04558			PARAMETRIC PORTFOLIO ASSOCIATES LLC
0001172661-25-002915	199746	0001363391	028-11937	000107038		J.P. Morgan Investment Management Inc.
0001770133-25-000005	199740	0000039263	028-00183			CULLEN/FROST BANKERS, INC.
0001526648-25-000003	199718	0000927971				BANK OF MONTREAL /CAN/
0001325447-25-000034	199703	0001325447	028-11953	000108260	801-50659	First Eagle Investment Management, LLC
0001767617-25-000004	199707	0001053187	028-06808			Natixis Investment Managers, LLC
0001325447-25-000033	199729		028-19670	000151197	801-70485	Exchange Traded Concepts, LLC
0000719220-25-000051	199716					028-06460 S&T Bank
0001085146-25-004586	199711	0001034524	028-03687			POLEN CAPITAL MANAGEMENT LLC
0001085146-25-004586	199712	0001061186	028-07104			WCM INVESTMENT MANAGEMENT, LLC
0001085146-25-004586	199710	0001350585	028-11563			Coho Partners, Ltd.
0001765380-25-000302	199723	0001592828	028-17729	000171412	801-79835	Empowered Funds, LLC
0001213900-25-072436	199744					Yelin Lapidot Holdings Management Ltd.
0001213900-25-072434	199709					Yelin Lapidot Holdings Management Ltd.
0001600095-25-000005	199750	0000927971				BANK OF MONTREAL /CAN/
0001599965-25-000006	199708	0000927971				BANK OF MONTREAL /CAN/
0001047797-25-000007	199748	0000927971				BANK OF MONTREAL /CAN/
0000924166-25-000010	199743		028-22712			Valley National Bank
0001047797-25-000006	199720	0000927971				BANK OF MONTREAL /CAN/
0000900440-25-000276	199749	0002065728	028-25681			SWF LLC
0000900440-25-000275	199714	0002065728	028-25681			SWF LLC
0001697765-25-000003	199717	0001098062	028-14825			Cooperatieve Rabobank U.A.
0002056079-25-000004	199728	0000350894	028-16454			SEI INVESTMENTS CO
0001088875-25-000061	199721	0001088875	028-04825			BAILLIE GIFFORD & CO
0001088875-25-000060	199741	0001088875	028-04825			BAILLIE GIFFORD & CO
0001104659-25-074576	199695	0001522877	028-18932			AIA Group Ltd
0001104659-25-074575	199663	0001522877	028-18932			AIA Group Ltd
0001104659-25-074572	199673	0001522877	028-18932			AIA Group Ltd
0001088875-25-000059	199649	0001088875	028-04825			BAILLIE GIFFORD & CO
0001088875-25-000058	199683	0001088875	028-04825			BAILLIE GIFFORD & CO
0001940646-25-000008	199679		028-17729			Empowered Funds, LLC
0001062993-25-013688	199627	0001560717		000109552	801-57316	Horizon Investments, LLC
0001062993-25-013688	199628	0001802647		000107975	801-57265	Orion Portfolio Solutions
0001104659-25-074549	199626	0000764038	028-14854			SouthState Corp
0001104659-25-074547	199694	0000764038	028-14854			SouthState Corp
0001104659-25-074545	199671	0000764038	028-14854			SouthState Corp
0001625244-25-000009	199633	0001625244	028-16305			C WorldWide Group Holding A/S
0001510062-25-000004	199689		028-16124			Atlantic Union Bankshares Corp 
0001510062-25-000003	199623		028-16124			Atlantic Union Bankshares Corp 
0000950123-25-007063	199658				028-24968	Allianz SE
0000950123-25-007061	199693		28-14097			Singapore Technologies Telemedia Pte Ltd
0000950123-25-007059	199687		28-14097			Singapore Technologies Telemedia Pte Ltd
0000950123-25-007057	199636		28-14097			Singapore Technologies Telemedia Pte Ltd
0001178913-25-002644	199702	0001429390	028-17288			Harel Insurance Investments & Financial Services Ltd.
0001389277-25-000019	199629	0001520354	028-14490			BNP PARIBAS ASSET MANAGEMENT Holding S.A.
0000950123-25-007036	199631		028-01071			King Luther Captial Management Corp
0001007281-25-000011	199632	0001520354	028-14490			BNP PARIBAS ASSET MANAGEMENT Holding S.A.
0000950123-25-007039	199634		28-17448			Simmons Bank
0000950123-25-007039	199635		28-01071			King Luther Capital Management Corp
0000036966-25-000105	199646	0001588539				First Horizon Advisors, Inc.
0001085146-25-004562	199650	0001082491	028-04075			CONDOR CAPITAL MANAGEMENT
0001085146-25-004562	199651	0001845743	028-21103			FIRETHORN WEALTH PARTNERS, LLC
0001085146-25-004562	199652	0001482689	028-13662			Evercore Wealth Management, LLC
0001158011-25-000019	199661	0001520354	028-14490			BNP PARIBAS ASSET MANAGEMENT Holding S.A.
0001754960-25-000545	199677	0001459754	028-14310			Wallace Capital Management Inc.
0001754960-25-000545	199678	0000720672	028-04621			STIFEL FINANCIAL CORP
0001941040-25-000429	199681	0001743404	028-18893	000175083	801-100512	FOUNDATIONS INVESTMENT ADVISORS, LLC
0001846148-25-000010	199682	0001520354	028-14490			BNP PARIBAS ASSET MANAGEMENT Holding S.A.
0001541508-25-000010	199699	0001520354	028-14490			BNP PARIBAS ASSET MANAGEMENT Holding S.A.
0000919574-25-004368	199701	0001851296	028-21720			Timelo Investment Management Inc.
0001994744-25-000011	199700		028-24344			Centennial Bank/AR/
0001844161-25-000009	199648					Arch Capital Group Ltd.
0001582152-25-000017	199698	0000873630	028-03140			HSBC HOLDINGS PLC
0001420167-25-000003	199691	0001598841	028-16005			Advisors Preferred, LLC
0001140361-25-028811	199664	0001364615	028-11964	000111616	801-57184	Aperio Group, LLC
0001140361-25-028811	199665	0002012383	028-24466			BlackRock, Inc.
0001085146-25-004536	199669	0001697723	028-17779			AE Wealth Management LLC
0001085146-25-004536	199668	0001125816	028-06487			First Trust Advisors LP
0001085146-25-004536	199667	0001478215	028-13657	000112525	801-60401	MORNINGSTAR INVESTMENT SERVICES LLC
0001085146-25-004536	199670	0001743404	028-18893	000175083	801-100512	Foundations Investment Advisors, LLC
0001389867-25-000004	199684	0001141781	028-06593			NICHOLS & PRATT ADVISERS LLP /MA
0001389867-25-000004	199685					Bank of America
0000049196-25-000065	199672	0000049205	028-00633			HUNTINGTON NATIONAL BANK
0001172661-25-002887	199621	0001470876	028-13894			Freestone Capital Holdings, LLC
0001172661-25-002886	199657	0001780570	028-19978	000282827	801-107290	Ethic Inc.
0001172661-25-002886	199655	0001364615	028-11964	000111616	801-57184	Aperio Group, LLC
0001172661-25-002886	199656	0001759654	028-19308	000298733	801-114071	Quantinno Capital Management LP
0001390777-25-000131	199692	0001390777	028-12592			Bank of New York Mellon Corp
0001390777-25-000130	199653	0001390777	028-12592			Bank of New York Mellon Corp
0001390777-25-000129	199624	0001390777	028-12592			Bank of New York Mellon Corp
0001390777-25-000128	199696	0001390777	028-12592			Bank of New York Mellon Corp
0001390777-25-000127	199680	0001390777	028-12592			Bank of New York Mellon Corp
0001390777-25-000126	199697	0001390777	028-12592			Bank of New York Mellon Corp
0000950123-25-007007	199659				028-24968 	Allianz SE
0001390777-25-000125	199622	0001390777	028-12592			Bank of New York Mellon Corp
0001390777-25-000124	199645	0001390777	028-12592			Bank of New York Mellon Corp
0001390777-25-000123	199619	0001725296	028-18741	000290078	801-111965	CENTERSQUARE INVESTMENT MANAGEMENT LLC
0001390777-25-000123	199620	0000937729	028-10991	000106584	801-1725	FAYEZ SAROFIM & CO
0001390777-25-000123	199618	0001390777	028-12592			Bank of New York Mellon Corp
0001390777-25-000122	199686	0001390777	028-12592			Bank of New York Mellon Corp
0001390777-25-000121	199688	0001390777	028-12592			Bank of New York Mellon Corp
0001759448-25-000006	199660	0001600435	028-18951			Wakefield Asset Management LLLP
0001390777-25-000120	199638	0001725296	028-18741	000290078	801-111965	CENTERSQUARE INVESTMENT MANAGEMENT LLC
0001390777-25-000120	199637	0001390777	028-12592			Bank of New York Mellon Corp
0001390777-25-000119	199643	0001725296	028-18741	000290078	801-111965	CENTERSQUARE INVESTMENT MANAGEMENT LLC
0001390777-25-000119	199644	0000937729	028-10991	000106584	801-1725	FAYEZ SAROFIM & CO
0001759448-25-000005	199647	0001600435	028-18951			Wakefield Asset Management LLLP
0001768928-25-000004	199662	0000039263	028-00183			CULLEN/FROST BANKERS, INC.
0001759448-25-000004	199654	0001600435	028-18951			Wakefield Asset Management LLLP
0000940445-25-000010	199625		028-17729			Empowered Funds, LLC
0001799678-25-000005	199690	0001141781				NICHOLS & PRATT ADVISERS LLP /MA
0001799678-25-000004	199674	0001141781				NICHOLS & PRATT ADVISERS LLP /MA
0001799680-25-000004	199675	0001141781				NICHOLS & PRATT ADVISERS LLP /MA
0001799680-25-000004	199676					Wilmington Trust
0001141781-25-000006	199642					BNY MELLON
0001141781-25-000006	199641	0001141781	028-06593			NICHOLS & PRATT ADVISERS LLP /MA
0001140361-25-028751	199630	0000899051	028-14491			ALLSTATE CORP
0001062993-25-013552	199666	0000720005			001-09109	RAYMOND JAMES FINANCIAL INC
0001140361-25-028749	199639	0000899051	028-14491			ALLSTATE CORP
0000930413-25-002383	199640	0001871926				Nuveen, LLC
0001667731-25-001045	199615	0000895421	028-03432			MORGAN STANLEY
0001650290-25-000005	199617	0001426459				BlackRock International, Ltd.
0001178913-25-002625	199608	0001429390	028-17288			Harel Insurance Investments & Financial Services Ltd.
0001140361-25-028716	199600	0001403385	028-17231			Symetra Financial CORP
0001085146-25-004500	199590	0000093751	028-00399			STATE STREET CORP
0001085146-25-004500	199591	0000902219	028-04557			WELLINGTON MANAGEMENT GROUP LLP
0001085146-25-004500	199592	0001138897	028-10245	000110441	801-8162	Western Asset Management Company, LLC
0001085146-25-004500	199593	0001086619	028-04731			SCHRODER INVESTMENT MANAGEMENT GROUP
0001085146-25-004500	199594	0001109448	028-10562	000108477	801-56720	ALLIANCEBERNSTEIN L.P.
0001085146-25-004500	199595	0001302404	028-11090	000128450	801-62371	Channing Capital Management, LLC
0001085146-25-004500	199596	0000020430	028-00255	000105360	801-33949	Invesco Advisers, Inc.
0001085146-25-004500	199597	0000914208	028-11246			Invesco Ltd.
0001085146-25-004500	199598	0001385495	028-12282	000133196	801-63658	FIAM LLC
0001569369-25-000008	199601	0001577774	028-15536	000165751	801-77723	Regal Partners Ltd
0001085146-25-004498	199603	0001344551	028-11546	000109018	801-56323	ASSETMARK, INC
0001085146-25-004498	199604	0001352187	028-11680	000104796	801-28445	Clark Capital Management Group, Inc.
0001085146-25-004498	199605	0001644956	028-17022	000173961	801-80640	WILLIAM BLAIR INVESTMENT MANAGEMENT, LLC
0001085146-25-004498	199606	0001673385	028-17446	000108031	801-56896	Morningstar Investment Management LLC
0001085146-25-004498	199607	0001376772	028-12076	000104925	801-29045	Dorsey Wright & Associates
0001569369-25-000007	199614	0001577774	028-15536	000165751	801-77723	Regal Partners Ltd
0001009232-25-000010	199616	0001390777	028-12592			Bank of New York Mellon Corp
0001294591-25-000004	199565	0002009539				Rakuten Securities, Inc.
0001294591-25-000004	199566	0002062680				Rakuten Investment Management, Inc.
0001085146-25-004500	199572	0000052388	028-01091	000105778	801-8174	AMERICAN CENTURY INVESTMENT MANAGEMENT INC
0001085146-25-004500	199573	0001017918	028-04011	000110789	801-29080	BAMCO INC /NY/
0001085146-25-004500	199574	0001364742	028-12019			BlackRock Finance, Inc.
0001085146-25-004500	199575	0001348883	028-11611	000137028	801-64710	Clearbridge Investments, LLC
0001085146-25-004510	199705	0000102212	028-03779			UNIVEST FINANCIAL Corp
0001085146-25-004500	199576	0000354204	028-01186	000106482	801-16283	DIMENSIONAL FUND ADVISORS LP
0001085146-25-004500	199577	0000038777	028-00734			FRANKLIN RESOURCES INC
0001085146-25-004500	199578	0000886982	028-04981			GOLDMAN SACHS GROUP INC
0001085146-25-004500	199579	0001224696	028-11936	000125601	801-61851	Invesco Capital Management LLC
0001085146-25-004500	199580	0000019617	028-00694			JPMORGAN CHASE & CO
0001085146-25-004500	199581	0000059558	028-00625			LINCOLN NATIONAL CORP
0001085146-25-004500	199582	0000312348	028-00398	000105377	801-170	LOOMIS SAYLES & CO L P
0001085146-25-004500	199583	0001418333	028-13120			MACQUARIE GROUP LTD
0001085146-25-004500	199584	0000912938	028-04968			MASSACHUSETTS FINANCIAL SERVICES CO /MA/
0001085146-25-004500	199585	0001547927	028-17070	000159377	801-73056	Milliman Financial Risk Management LLC
0001085146-25-004500	199586	0001317724	028-11450	000107432	801-37702	Mondrian Investment Partners LTD
0001085146-25-004500	199587	0001163368	028-10952	000104559	801-48187	PACIFIC INVESTMENT MANAGEMENT CO LLC
0001085146-25-004500	199588	0000080255	028-00115	000105496	801-856	PRICE T ROWE ASSOCIATES INC /MD/
0001085146-25-004500	199589	0001321220	028-11320	000112608	801-45601	Stadion Money Management, LLC
0001941040-25-000412	199611	0001931642	028-22555	000288271	801-119078	Astoria Portfolio Advisors LLC.
0001941040-25-000412	199613	0001791965	028-19701	000148107	801-79198	Kingsview Wealth Management, LLC
0001941040-25-000412	199612	0001569866	028-25282	000144260	801-121076	GLOBAL VALUE INVESTMENT CORP.
0000732417-25-000033	199570		028-11079			Hills Bank & Trust Co
0001214659-25-011450	199609	0001452208	028-14121			CACTI ASSET MANAGEMENT LLC
0001398344-25-014447	199571	0000932859	028-04558			PARAMETRIC PORTFOLIO ASSOCIATES LLC
0001379041-25-000141	199610		028-13573			Neuberger Berman Group LLC 
0001842054-25-000005	199567	0001442676				EquityCompass Investment Management
0001842054-25-000005	199569	0000825204				Crossmark Global Investments, Inc.
0001842054-25-000005	199568	0001348883				Clearbridge Investments, LLC
0001085146-25-004474	199602	0000102212	028-03779			UNIVEST FINANCIAL Corp
0001984555-25-000004	199599	0001697723		000282580	801-107319	AE Wealth Management LLC
0001591587-25-000008	199534	0001535865	028-14921	000143593	801-67829	Atria Investments, Inc
0001591587-25-000008	199533	0001344551	028-11546	000109018	801-56323	ASSETMARK, INC
0002011135-25-000005	199563	0001089877	028-06343			KEYBANK NATIONAL ASSOCIATION/OH
0001074714-25-000004	199359	0001089877	028-06343			KEYBANK NATIONAL ASSOCIATION/OH
0002037214-25-000003	199382	0000927971				BANK OF MONTREAL /CAN/
0001799581-25-000004	199531	0001858740	028-21171	000113908	801-60468	Spire Wealth Management
0002000490-25-000007	199545	0001082509	028-04403	000104914	801-35294	SMITH CHAS P & ASSOCIATES PA CPAS
0001178913-25-002600	199496	0001634208	028-16827			Analyst IMS Investment Management Services Ltd.
0001178913-25-002598	199362	0001634208	028-16827			Analyst IMS Investment Management Services Ltd.
0001178913-25-002589	199256	0001415912	028-17312			Migdal Insurance & Financial Holdings Ltd.
0001178913-25-002587	199536	0001415912	028-17312			Migdal Insurance & Financial Holdings Ltd.
0001178913-25-002585	199557	0001415912	028-17312			Migdal Insurance & Financial Holdings Ltd.
0001178913-25-002582	199350	0001415912	028-17312			Migdal Insurance & Financial Holdings Ltd.
0000950123-25-006923	199530		028-10487	000105780	801-33358	NORTHERN TRUST INVESTMENTS, INC.
0000950123-25-006923	199529		028-03125	000110901	801-17958	TRILLIUM ASSET MANAGEMENT, LLC
0001140361-25-028460	199241	0001000275	028-11396			Royal Bank of Canada
0001767513-25-000003	199508	0001633901	028-16706	000149117	801-70171	Betterment LLC
0000900440-25-000257	199502	0002065728	028-25681			SWF LLC
0000900440-25-000256	199356	0002065728	028-25681			SWF LLC
0000900440-25-000255	199245	0002065728	028-25681			SWF LLC
0000900440-25-000254	199347	0002065728	028-25681			SWF LLC
0000900440-25-000253	199500	0002065728	028-25681			SWF LLC
0000900440-25-000252	199501	0002065728	028-25681			SWF LLC
0000900440-25-000251	199538	0002065728	028-25681			SWF LLC
0000900440-25-000250	199519	0002065728	028-25681			SWF LLC
0000900440-25-000249	199255	0002065728	028-25681			SWF LLC
0000900440-25-000248	199553	0002065728	028-25681			SWF LLC
0000900440-25-000247	199377	0002065728	028-25681			SWF LLC
0001905627-25-000001	199250	0001812090				Vise Technologies, Inc.
0001905627-25-000001	199249	0000932859	028-04558			PARAMETRIC PORTFOLIO ASSOCIATES LLC
0001905627-25-000001	199248	0001599584	028-15771	000014141	801-68010	Brookstone Capital Management
0001905627-25-000001	199247	0001697723	028-17779	000028258	801-107319	AE Wealth Management LLC
0001905627-25-000001	199246	0001730242				55I, LLC
0000900440-25-000246	199517	0002065728	028-25681			SWF LLC
0000900440-25-000245	199498	0002065728	028-25681			SWF LLC
0000900440-25-000244	199551	0002065728	028-25681			SWF LLC
0000900440-25-000243	199371	0002065728	028-25681			SWF LLC
0000900440-25-000242	199555	0002065728	028-25681			SWF LLC
0000900440-25-000241	199558	0002065728	028-25681			SWF LLC
0000900440-25-000240	199554	0002065728	028-25681			SWF LLC
0000900440-25-000239	199537	0002065728	028-25681			SWF LLC
0000900440-25-000238	199539	0002065728	028-25681			SWF LLC
0000900440-25-000237	199532	0002065728	028-25681			SWF LLC
0000900440-25-000236	199509	0002065728	028-25681			SWF LLC
0000900440-25-000235	199374	0002065728	028-25681			SWF LLC
0000900440-25-000234	199258	0002065728	028-25681			SWF LLC
0000900440-25-000233	199505	0002065728	028-25681			SWF LLC
0000900440-25-000232	199497	0002065728	028-25681			SWF LLC
0000900440-25-000231	199560	0002065728	028-25681			SWF LLC
0000900440-25-000230	199521	0002065728	028-25681			SWF LLC
0000900440-25-000229	199370	0002065728	028-25681			SWF LLC
0000900440-25-000228	199507	0002065728	028-25681			SWF LLC
0000900440-25-000227	199355	0002065728	028-25681			SWF LLC
0000900440-25-000226	199549	0002065728	028-25681			SWF LLC
0000900440-25-000225	199242	0002065728	028-25681			SWF LLC
0000900440-25-000224	199372	0002065728	028-25681			SWF LLC
0000900440-25-000223	199254	0002065728	028-25681			SWF LLC
0000900440-25-000222	199510	0002065728	028-25681			SWF LLC
0000900440-25-000221	199495	0002065728	028-25681			SWF LLC
0000900440-25-000220	199515	0002065728	028-25681			SWF LLC
0000900440-25-000219	199535	0002065728	028-25681			SWF LLC
0000900440-25-000218	199358	0002065728	028-25681			SWF LLC
0000900440-25-000217	199349	0002065728	028-25681			SWF LLC
0000900440-25-000216	199240	0002065728	028-25681			SWF LLC
0000900440-25-000215	199550	0002065728	028-25681			SWF LLC
0000900440-25-000214	199543	0002065728	028-25681			SWF LLC
0000900440-25-000213	199548	0002065728	028-25681			SWF LLC
0000900440-25-000212	199504	0002065728	028-25681			SWF LLC
0000900440-25-000211	199404	0002065728	028-25681			SWF LLC
0000900440-25-000210	199564	0002065728	028-25681			SWF LLC
0000900440-25-000209	199363	0002065728	028-25681			SWF LLC
0000900440-25-000208	199547	0002065728	028-25681			SWF LLC
0000900440-25-000207	199353	0002065728	028-25681			SWF LLC
0000900440-25-000206	199351	0002065728	028-25681			SWF LLC
0000900440-25-000205	199559	0002065728	028-25681			SWF LLC
0000900440-25-000204	199253	0002065728	028-25681			SWF LLC
0001034180-25-000004	199360					Markel Group Inc., File Number 028-06647, CIK 0001096343
0000900440-25-000203	199354	0002065728	028-25681			SWF LLC
0000900440-25-000202	199546	0002065728	028-25681			SWF LLC
0000900440-25-000201	199512	0002065728	028-25681			SWF LLC
0000900440-25-000200	199556	0002065728	028-25681			SWF LLC
0000921895-25-002060	199380	0001406672	028-22788			Sherborne Investors Management LP
0000921895-25-002059	199522	0001406672	028-22788			Sherborne Investors Management LP
0000921895-25-002058	199244	0001406672	028-22788			Sherborne Investors Management LP
0000894189-25-005462	199541		028-17717			Penserra Capital Management LLC
0000894189-25-005462	199542		028-21631			Hoya Capital Real Estate, LLC
0000950123-25-006903	199243		028-10633			First National Trust Company
0001104659-25-073052	199528		028-11396			Royal Bank of Canada
0001085146-25-004443	199393	0000061227	028-00046			MACKAY SHIELDS LLC
0001085146-25-004443	199403	0000912938	028-04968			Massachusetts Financial Services CO /MA/
0001085146-25-004443	199384	0001318579	028-17543			Newton Investment Management (North America) Ltd
0001085146-25-004443	199385	0001537014	028-16845			Candriam S.C.A.
0001085146-25-004443	199386	0001033984	028-06044			CBRE INVESTMENT MANAGEMENT LISTED REAL ASSETS LLC
0001085146-25-004443	199387	0001329375	028-12384			CUSHING ASSET MANAGEMENT, LP dba NXG INVESTMENT MANAGEMENT
0001085146-25-004443	199388	0001114667	028-05775			Brown Advisory LLC
0001085146-25-004443	199389	0001305841	028-10968			Epoch Investment Partners, Inc.
0001085146-25-004443	199390	0001385495	028-12282			FIAM LLC
0001085146-25-004443	199391	0001505817	028-14036			Fiera Capital Corp
0001085146-25-004443	199392	0000812295	028-01343			JANUS HENDERSON INVESTORS US LLC
0001085146-25-004443	199383	0000052388	028-01091			AMERICAN CENTURY INVESTMENT MANAGEMENT INC
0001085146-25-004443	199394	0001606720	028-16259			NYL Investors LLC
0001085146-25-004443	199395	0001163368	028-10952			PACIFIC INVESTMENT MANAGEMENT CO LLC
0001085146-25-004443	199396	0001904893	028-23078			PineStone Asset Management Inc.
0001085146-25-004443	199397	0001006378	028-03381			SEGALL BRYANT & HAMILL, LLC
0001085146-25-004443	199398	0001696957	028-17789			SigFig Wealth Management, LLC
0001085146-25-004443	199399	0001633863	028-16899			Wellington Management Co LLP
0001085146-25-004443	199400	0000900973	028-03676			Winslow Capital Management, LLC
0001085146-25-004443	199401	0000354204	028-01186			DIMENSIONAL FUND ADVISORS LP
0001085146-25-004443	199402	0001086619	028-04731			SCHRODER INVESTMENT MANAGEMENT GROUP
0001085146-25-004442	199251	0001133639	028-06325			NEW YORK LIFE INVESTMENT MANAGEMENT LLC
0001085146-25-004441	199562	0001133639	028-06325			NEW YORK LIFE INVESTMENT MANAGEMENT LLC
0000900440-25-000168	199506	0002065728				SWF LLC
0000900440-25-000167	199520	0002065728				SWF LLC
0001085146-25-004432	199345	0001508822	028-14059	000110933	801-60694	ACR Alpine Capital Research, LLC
0001085146-25-004430	199381	0001761755	028-19141	000288576	801-110591	TOWNSQUARE CAPITAL LLC
0001964188-25-000005	199511	0001964189				Auto-Owners Insurance Co
0000930413-25-002358	199348		028-07806			The Bessemer Group, Incorporated
0000930413-25-002357	199346		028-07806			BESSEMER GROUP INC
0000930413-25-002356	199518		028-07806			The Bessemer Group, Incorporated
0000930413-25-002355	199357		028-07806			The Bessemer Group, Incorporated
0000930413-25-002354	199379		028-07806			The Bessemer Group, Incorporated
0000930413-25-002353	199375		028-07806			The Bessemer Group, Incorporated
0000930413-25-002352	199252		028-07806			The Bessemer Group, Incorporated
0001972909-25-000002	199376	0001964189				Auto-Owners Insurance Co
0000892712-25-000088	199373	0000052234	028-05465			WINMILL & CO. INC
0001415889-25-020814	199364	0002006397				Mastercard Foundation Asset Management Corp
0000950123-25-006871	199516		028-24968			ALLIANZ SE
0001911815-25-000003	199561	0001911876				BSN CAPITAL PARTNERS Ltd
0001698287-25-000009	199544	0000891478	028-04177		001-12518	Banco Santander, S.A.
0001844952-25-000013	199352	0000891478	028-04177		001-12518	Banco Santander, S.A.
0001739361-25-000008	199378	0000891478	028-04177		001-12518	Banco Santander, S.A.
0001104659-25-072860	199724	0001944142				Resona Asset Management Co.,Ltd.
0001697263-25-000008	199552	0000891478	028-04177		001-12518	Banco Santander, S.A.
0001104659-25-072849	199499	0001944142				Resona Asset Management Co.,Ltd.
0001697453-25-000008	199361	0000891478	028-04177		001-12518	Banco Santander, S.A.
0001580642-25-004677	199315			000113348	801-63874	Natural Investments PBLLC
0001580642-25-004677	199316			000296798	801-113314	New World Advisors, LLC
0001580642-25-004677	199317			000301764	801-115232	Optivise Advisory Services LLC
0001580642-25-004677	199318			000310327	801-119646	Pallas Capital Advisors, LLC
0001580642-25-004677	199319			000151671	801-70707	Per Stirling Capital Management, LLC
0001062993-25-013391	199365	0000790502	028-01666			EAGLE ASSET MANAGEMENT INC
0001062993-25-013391	199366	0001161927	028-10260			SCOUT INVESTMENTS, INC.
0001062993-25-013391	199367	0001388167	028-12126			ClariVest Asset Management LLC
0001062993-25-013391	199368	0001616525	028-16224			CHARTWELL INVESTMENT PARTNERS, LLC
0001062993-25-013391	199369	0000720005			001-09109	RAYMOND JAMES FINANCIAL INC
0001824723-25-000010	199257	0001652044	028-22702			Alphabet Inc.
0001580642-25-004677	199259			000222515	801-116983	Aegis Wealth Group, LLC
0001580642-25-004677	199260			000135879	801-64514	Allen Capital Group, LLC
0001580642-25-004677	199261			000157423	801-72361	Alphastar Capital Management, LLC
0001580642-25-004677	199262			000145488	801-69827	Arete Wealth Advisors, LLC
0001580642-25-004677	199263			000172793	801-117954	Austin Wealth Management, LLC
0001580642-25-004677	199264			000323124	801-126678	Avid Wealth Partners, LLC
0001580642-25-004677	199265			000164081	801-76763	Axxcess Wealth Management, LLC
0001580642-25-004677	199266			000152977	801-122717	Bauer Wealth Management, LLC
0001580642-25-004677	199267			000299805	801-114547	Bison Wealth, LLC
0001580642-25-004677	199268			000291459	801-112524	BlackDiamond Wealth Management, LLC
0001580642-25-004677	199269			000318366	801-123232	Bleakley Financial Group, LLC
0001580642-25-004677	199270			000107202	801-118602	Blue Barn Wealth, LLC
0001580642-25-004677	199271			000285359	801-108434	Bryn Mawr Capital Management, LLC
0001580642-25-004677	199272			000106577	801-45064	CFS Investment Advisory Services LLC
0001580642-25-004677	199273			000284839	801-113243	Colonial River Investments, LLC
0001580642-25-004677	199274			000008032	801-41541	Commonwealth Financial Network
0001580642-25-004677	199275			000305013	801-117202	Connecticut Capital Management Group, LLC
0001580642-25-004677	199276			000111010	801-60130	CONTINUITY WEALTH MANAGEMENT, CORP.
0001580642-25-004677	199277			000283318		Crafted Finance, LLC
0001580642-25-004677	199278			000151156		Crescent Wealth Advisory, LLC
0001580642-25-004677	199279			000155576	801-107896	DFPG Investments, LLC
0001580642-25-004677	199280			000329878	801-129521	Diversify Wealth Management, LLC
0001580642-25-004677	199281			000318241		Divvi Wealth Management LLC
0001580642-25-004677	199282			000108052	801-57727	Earned Wealth
0001580642-25-004677	199283			000307265	801-118109	Echo45 Advisors LLC
0001580642-25-004677	199284			000307618	801-120349	Fortress Wealth Planning, LLC
0001580642-25-004677	199285			000137945	801-66892	Founders Financial Securities, LLC
0001580642-25-004677	199286			000306703	801-127881	Fourth Dimension Wealth, LLC
0001580642-25-004677	199287			000159099	801-79524	Fulcrum Equity Management, LLC
0001580642-25-004677	199288			000283850	801-107873	Fundamentum, LLC (Stratos)
0001580642-25-004677	199289			000329404	801-129402	Gatepass Capital, LLC
0001580642-25-004677	199290			000175300	801-114835	Global Strategic Investment Solutions, LLC
0001580642-25-004677	199291			000321145		Green Ocean Global Advisors LLC
0001580642-25-004677	199292			000168494	801-107338	Hobart Private Capital, LLC
0001580642-25-004677	199293			000319087	801-123434	Hoxton Planning & Management, LLC
0001580642-25-004677	199294			000172011	801-80074	HUB International Limited
0001580642-25-004677	199295			000171481	801-79769	IHT Wealth Management LLC
0001580642-25-004677	199296			000300279	801-114673	Inspire Advisors, LLC
0001580642-25-004677	199297			000299589	801-114418	Intelligence Driven Advisers, LLC
0001580642-25-004677	199298			000110433	801-12359	James Investment Research Inc
0001580642-25-004677	199299			000127902	801-62249	Keel Point, LLC
0001580642-25-004677	199300			000128606	801-78914	Korhorn Financial Group
0001580642-25-004677	199301			000140599	801-71543	Larson Financial Group, LLC
0001580642-25-004677	199302			000324954	801-132141	Las Marias Consulting, LLC
0001580642-25-004677	199303			000168539	801-78438	LeConte Wealth Management, LLC
0001580642-25-004677	199304			000283553	801-107930	Legacy Financial Strategies, LLC
0001580642-25-004677	199305			000319171	801-123638	Lumiere Financial Group LLC
0001580642-25-004677	199306			000115753	801-63693	Madrona Financial Services, LLC
0001580642-25-004677	199307			000118544	801-60820	Main Street Financial Life Advisors, LLC
0001580642-25-004677	199308			000002903	801-123009	Martin Nelson & Co., Inc.
0001580642-25-004677	199309			000147363	801-69271	Mercer Global Advisors, Inc.
0001580642-25-004677	199310			000110216	801-13452	Meridian Investment Advisors
0001580642-25-004677	199311			000147070		Merit Financial Group, LLC
0001580642-25-004677	199312			000163833	801-76469	MKT Adviors, LLC
0001580642-25-004677	199313			000324624	801-127231	Modern Wealth Management, LLC
0001580642-25-004677	199314			000288429	801-110752	Momentus Wealth Management, Inc.
0001580642-25-004676	199410			000152977	801-122717	Bauer Wealth Management, LLC
0001580642-25-004676	199411			000291459	801-112524	BlackDiamond Wealth Management, LLC
0001580642-25-004676	199412			000318366	801-123232	Bleakley Financial Group, LLC
0001580642-25-004676	199413			000107202	801-118602	Blue Barn Wealth, LLC
0001580642-25-004676	199414			000285359	801-108434	Bryn Mawr Capital Management, LLC
0001580642-25-004676	199415			000106577	801-45064	CFS Investment Advisory Services LLC
0001580642-25-004676	199416			000305013	801-117202	Connecticut Capital Management Group, LLC
0001580642-25-004676	199417			000111010	801-60130	CONTINUITY WEALTH MANAGEMENT, CORP.
0001580642-25-004676	199418			000283318		Crafted Finance, LLC
0001580642-25-004676	199419			000151156		Crescent Wealth Advisory, LLC
0001580642-25-004676	199420			000155576	801-107896	DFPG Investments, LLC
0001580642-25-004676	199421			000318241		Divvi Wealth Management LLC
0001580642-25-004676	199422			000307265	801-118109	Echo45 Advisors LLC
0001580642-25-004676	199423			000307618	801-120349	Fortress Wealth Planning, LLC
0001580642-25-004676	199424			000137945	801-66892	Founders Financial Securities, LLC
0001580642-25-004676	199425			000159099	801-79524	Fulcrum Equity Management, LLC
0001580642-25-004676	199426			000283850	801-107873	Fundamentum, LLC (Stratos)
0001580642-25-004676	199427			000329404	801-129402	Gatepass Capital, LLC
0001580642-25-004676	199428			000321145		Green Ocean Global Advisors LLC
0001580642-25-004676	199429			000168494	801-107338	Hobart Private Capital, LLC
0001580642-25-004676	199430			000319087	801-123434	Hoxton Planning & Management, LLC
0001580642-25-004676	199431			000172011	801-80074	HUB International Limited
0001580642-25-004676	199432			000171481	801-79769	IHT Wealth Management LLC
0001580642-25-004676	199433			000300279	801-114673	Inspire Advisors, LLC
0001580642-25-004676	199434			000299589	801-114418	Intelligence Driven Advisers, LLC
0001580642-25-004676	199435			000282863	801-107265	Invst, LLC
0001580642-25-004676	199436			000110433	801-12359	James Investment Research Inc
0001580642-25-004676	199437			000127902	801-62249	Keel Point, LLC
0001580642-25-004676	199438			000140599	801-71543	Larson Financial Group, LLC
0001580642-25-004676	199439			000324954	801-132141	Las Marias Consulting, LLC
0001580642-25-004676	199440			000168539	801-78438	LeConte Wealth Management, LLC
0001580642-25-004676	199441			000283553	801-107930	Legacy Financial Strategies, LLC
0001580642-25-004676	199442			000319171	801-123638	Lumiere Financial Group LLC
0001580642-25-004676	199443			000115753	801-63693	Madrona Financial Services, LLC
0001580642-25-004676	199444			000118544	801-60820	Main Street Financial Life Advisors, LLC
0001580642-25-004676	199445			000002903	801-123009	Martin Nelson & Co., Inc.
0001580642-25-004676	199446			000147363	801-69271	Mercer Global Advisors, Inc.
0001580642-25-004676	199447			000110216	801-13452	Meridian Investment Advisors
0001580642-25-004677	199320			000325119	801-127980	PFW Advisors LLC
0001580642-25-004677	199321			000155216	801-72060	Private Advisor Group, LLC
0001580642-25-004677	199322			000156480	801-72187	Prosperity Capital Advisors
0001580642-25-004677	199323			000158401	801-79153	RFG Advisory, LLC
0001580642-25-004677	199324			000173862	801-112697	RFG Holdings Inc.
0001580642-25-004677	199325			000107271	801-43144	Savant Wealth Management
0001580642-25-004677	199326			000318493	801-123656	Savvy Wealth, Inc
0001580642-25-004677	199327			000109901	801-55783	Sentinal Pension Advisors, Inc.
0001580642-25-004677	199328			000046947	801-71178	Silver Oak Securities Incorporated
0001580642-25-004677	199329			000319437	801-13165	Split Creek Capital, LLC
0001580642-25-004677	199330			000109677	801-33774	Strategic Financial Services, Inc.
0001580642-25-004677	199331			000165839	801-108752	Strategic Income Group LLC
0001580642-25-004677	199332			000314424	801-121182	The Ascent Group, LLC
0001580642-25-004677	199333			000123255	801-77097	The Fragasso Group Inc
0001580642-25-004677	199334			000169006	801-79164	The Martin Worley Group
0001580642-25-004677	199335			000105902	801-40745	THOR Investment Management, Inc
0001580642-25-004677	199336			000288576	801-110591	TownSquare Capital, LLC
0001580642-25-004677	199337			000311298	801-119910	Transitus Wealth Partners, LLC
0001580642-25-004677	199338			000323123	801-126689	TSA Wealth Management LLC
0001580642-25-004677	199339			000154543	801-76551	Two West Capital Advisors LLC
0001580642-25-004677	199340			000170372	801-79160	Wealth Management Group, L.L.C.
0001580642-25-004677	199341			000106176	801-113165	Weinberger Asset Management, Inc
0001580642-25-004677	199342			000139237	801-66794	Werba Rubin Papier Wealth Management, LLC
0001580642-25-004677	199343			000108834	801-57629	WrapManager, Inc.
0001580642-25-004677	199344			000285967	801-118916	XY Investment Solutions
0001940173-25-000008	199513	0001652044	028-22702			Alphabet Inc.
0001848282-25-000008	199514	0001652044	028-22702			Alphabet Inc.
0001941040-25-000392	199523	0001027817	028-05936			ATLANTA CAPITAL MANAGEMENT CO L L C
0001941040-25-000392	199524	0000874791	028-02903	000107003	801-8825	CAMPBELL NEWMAN ASSET MANAGEMENT INC
0001941040-25-000392	199525	0001426319	028-12956	000142633	801-67401	Cannell & Spears LLC
0001941040-25-000392	199526	0001710537	028-21626	000286340	801-119192	EverSource Wealth Advisors, LLC
0001941040-25-000392	199527	0001566030	028-15213	000163493	801-76547	INVESTMENT HOUSE LLC
0001779076-25-000010	199540	0001652044	028-22702			Alphabet Inc.
0001580642-25-004676	199448			000147070		Merit Financial Group, LLC
0001580642-25-004676	199449			000163833	801-76469	MKT Adviors, LLC
0001580642-25-004676	199450			000324624	801-127231	Modern Wealth Management, LLC
0001580642-25-004676	199451			000288429	801-110752	Momentus Wealth Management, Inc.
0001580642-25-004676	199452			000113348	801-63874	Natural Investments PBLLC
0001580642-25-004676	199453			000108052	801-57727	Earned Wealth
0001580642-25-004676	199454			000301764	801-115232	Optivise Advisory Services LLC
0001580642-25-004676	199455			000310327	801-119646	Pallas Capital Advisors, LLC
0001580642-25-004676	199456			000325119	801-127980	PFW Advisors LLC
0001580642-25-004676	199457			000286565		Prentice Financial Planning LLC
0001580642-25-004676	199458			000155216	801-72060	Private Advisor Group, LLC
0001580642-25-004676	199459			000158401	801-79153	RFG Advisory, LLC
0001580642-25-004676	199460			000173862	801-112697	RFG Holdings Inc.
0001580642-25-004676	199461			000107271	801-43144	Savant Wealth Management
0001580642-25-004676	199462			000318493	801-123656	Savvy Wealth, Inc
0001580642-25-004676	199463			000308909	801-124693	Seeds Investor LLC
0001580642-25-004676	199464			000046947	801-71178	Silver Oak Securities Incorporated
0001580642-25-004676	199465			000165839	801-108752	Strategic Income Group LLC
0001580642-25-004676	199466			000314424	801-121182	The Ascent Group, LLC
0001580642-25-004676	199467			000123255	801-77097	The Fragasso Group Inc
0001580642-25-004676	199468			000105902	801-40745	THOR Investment Management, Inc
0001580642-25-004676	199469			000288576	801-110591	TownSquare Capital, LLC
0001580642-25-004676	199470			000311298	801-119910	Transitus Wealth Partners, LLC
0001580642-25-004676	199471			000323123	801-126689	TSA Wealth Management LLC
0001580642-25-004676	199472			000154543	801-76551	Two West Capital Advisors LLC
0001580642-25-004676	199473			000115332	801-60741	Waverly Advisors, LLC
0001580642-25-004676	199474			000170372	801-79160	Wealth Management Group, L.L.C.
0001580642-25-004676	199475			000106176	801-113165	Weinberger Asset Management, Inc
0001580642-25-004676	199476			000139237	801-66794	Werba Rubin Papier Wealth Management, LLC
0001580642-25-004676	199477			000108834	801-57629	WrapManager, Inc.
0001580642-25-004676	199478			000285967	801-118916	XY Investment Solutions
0001580642-25-004676	199479			000329878	801-129521	Diversify Wealth Management, LLC
0001580642-25-004676	199480			000128606	801-78914	Korhorn Financial Group
0001580642-25-004676	199481			000156480	801-72187	Prosperity Capital Advisors
0001580642-25-004676	199482			000145488	801-69827	Arete Wealth Advisors, LLC
0001580642-25-004676	199483			000109677	801-33774	Strategic Financial Services, Inc.
0001580642-25-004676	199484			000175300	801-114835	Global Strategic Investment Solutions, LLC
0001580642-25-004676	199485			000319437	801-13165	Split Creek Capital, LLC
0001580642-25-004676	199486			000222515	801-116983	Aegis Wealth Group, LLC
0001580642-25-004676	199487			000299805	801-114547	Bison Wealth, LLC
0001580642-25-004676	199488			000284839	801-113243	Colonial River Investments, LLC
0001580642-25-004676	199489			000306703	801-127881	Fourth Dimension Wealth, LLC
0001580642-25-004676	199490			000169006	801-79164	The Martin Worley Group
0001580642-25-004676	199491			000296798	801-113314	New World Advisors, LLC
0001580642-25-004676	199492			000151671	801-70707	Per Stirling Capital Management, LLC
0001580642-25-004676	199493			000008032	801-41541	Commonwealth Financial Network
0001580642-25-004676	199494			000109901	801-55783	Sentinal Pension Advisors, Inc.
0001998562-25-000011	199503	0001652044	028-22702			Alphabet Inc.
0001580642-25-004676	199405			000135879	801-64514	Allen Capital Group, LLC
0001580642-25-004676	199406			000157423	801-72361	Alphastar Capital Management, LLC
0001580642-25-004676	199407			000172793	801-117954	Austin Wealth Management, LLC
0001580642-25-004676	199408			000323124	801-126678	Avid Wealth Partners, LLC
0001580642-25-004676	199409			000164081	801-76763	Axxcess Wealth Management, LLC
0001580642-25-004675	199028			000155576	801-107896	DFPG Investments, LLC
0001580642-25-004675	199029			000318241		Divvi Wealth Management LLC
0001580642-25-004675	199030			000307265	801-118109	Echo45 Advisors LLC
0001580642-25-004675	199031			000307618	801-120349	Fortress Wealth Planning, LLC
0001580642-25-004675	199032			000159099	801-79524	Fulcrum Equity Management, LLC
0001580642-25-004675	199033			000283850	801-107873	Fundamentum, LLC (Stratos)
0001580642-25-004675	199034			000321145		Green Ocean Global Advisors LLC
0001580642-25-004675	199035			000168494	801-107338	Hobart Private Capital, LLC
0001580642-25-004675	199036			000319087	801-123434	Hoxton Planning & Management, LLC
0001580642-25-004675	199037			000171481	801-79769	IHT Wealth Management LLC
0001580642-25-004675	199038			000154131	801-113631	Integrity Investment Advisors, LLC
0001580642-25-004675	199039			000282863	801-107265	Invst, LLC
0001580642-25-004675	199040			000110433	801-12359	James Investment Research Inc
0001580642-25-004675	199041			000127902	801-62249	Keel Point, LLC
0001580642-25-004675	199042			000140599	801-71543	Larson Financial Group, LLC
0001580642-25-004675	199043			000324954		Las Marias Consulting, LLC
0001580642-25-004675	199044			000168539	801-78438	LeConte Wealth Management, LLC
0001580642-25-004675	199045			000319171	801-123638	Lumiere Financial Group LLC
0001580642-25-004675	199046			000115753	801-63693	Madrona Financial Services, LLC
0001580642-25-004675	199047			000118544	801-60820	Main Street Financial Life Advisors, LLC
0001580642-25-004675	199048			000002903	801-123009	Martin Nelson & Co., Inc.
0001580642-25-004675	199049			000147363	801-69271	Martin Nelson & Co., Inc.
0001580642-25-004675	199050			000147070		Merit Financial Group, LLC
0001580642-25-004675	199051			000324624	801-127231	Modern Wealth Management, LLC
0001580642-25-004675	199052			000288429	801-110752	Momentus Wealth Management, Inc.
0001580642-25-004675	199053			000113348	801-63874	Natural Investments PBLLC
0001580642-25-004675	199054			000316933		NoHo financial, Inc
0001580642-25-004675	199055			000301764	801-115232	Optivise Advisory Services LLC
0001580642-25-004675	199056			000310327	801-119646	Pallas Capital Advisors, LLC
0001580642-25-004675	199057			000325119	801-127980	PFW Advisors LLC
0001580642-25-004675	199058			000286565		Prentice Financial Planning LLC
0001580642-25-004675	199059			000155216	801-72060	Private Advisor Group, LLC
0001580642-25-004675	199060			000158401	801-79153	RFG Advisory, LLC
0001580642-25-004675	199061			000173862	801-112697	RFG Holdings Inc.
0001580642-25-004675	199062			000107271	801-43144	Savant Wealth Management
0001580642-25-004675	199063			000318493	801-123656	Savvy Wealth, Inc
0001580642-25-004675	199064			000308909	801-124693	Seeds Investor LLC
0001580642-25-004675	199065			000046947	801-71178	Silver Oak Securities Incorporated
0001580642-25-004675	199066			000300899	801-115261	Stokes Family Office LLC
0001580642-25-004675	199067			000165839	801-108752	Strategic Income Group LLC
0001580642-25-004675	199068			000314424	801-121182	The Ascent Group, LLC
0001580642-25-004675	199069			000105902	801-40745	THOR Investment Management, Inc
0001580642-25-004675	199070			000288576	801-110591	TownSquare Capital, LLC
0001580642-25-004675	199071			000323123	801-126689	TSA Wealth Management LLC
0001580642-25-004675	199072			000154543	801-76551	Two West Capital Advisors LLC
0001580642-25-004675	199073			000115332	801-60741	Waverly Advisors, LLC
0001580642-25-004675	199074			000170372	801-79160	Wealth Management Group, L.L.C.
0001580642-25-004675	199075			000106176	801-113165	Weinberger Asset Management, Inc
0001580642-25-004675	199076			000139237	801-66794	Werba Rubin Papier Wealth Management, LLC
0001580642-25-004675	199015			000135879	801-64514	Allen Capital Group, LLC
0001580642-25-004675	199016			000157423	801-72361	Alphastar Capital Management, LLC
0001580642-25-004675	199017			000323124	801-126678	Avid Wealth Partners, LLC
0001580642-25-004675	199018			000164081	801-76763	Axxcess Wealth Management, LLC
0001580642-25-004675	199019			000132657	801-63576	Baker Avenue Asset Management, LP
0001580642-25-004675	199020			000152977	801-122717	Bauer Wealth Management, LLC
0001580642-25-004675	199077			000108834	801-57629	WrapManager, Inc.
0001580642-25-004675	199078			000163833	801-76469	MKT Adviors, LLC
0001580642-25-004675	199079			000110216	801-13452	Meridian Investment Advisors
0001580642-25-004675	199080			000285967	801-118916	XY Investment Solutions
0001580642-25-004675	199081			000311298	801-119910	Transitus Wealth Partners, LLC
0001580642-25-004675	199082			000285359	801-108434	Bryn Mawr Capital Management, LLC
0001580642-25-004675	199083			000300279	801-114673	Inspire Advisors, LLC
0001580642-25-004675	199084			000123255	801-77097	The Fragasso Group Inc
0001580642-25-004675	199085			000283553	801-107930	Legacy Financial Strategies, LLC
0001580642-25-004675	199086			000299589	801-114418	Intelligence Driven Advisers, LLC
0001580642-25-004675	199087			000137945	801-66892	Founders Financial Securities, LLC
0001580642-25-004675	199088			000111010	801-60130	CONTINUITY WEALTH MANAGEMENT, CORP.
0001580642-25-004675	199089			000298744		Ridgeline Asset Management, LLC
0001580642-25-004675	199090			000172011	801-80074	HUB International Limited
0001580642-25-004675	199091			000291459	801-112524	BlackDiamond Wealth Management, LLC
0001580642-25-004675	199092			000329404	801-129402	Gatepass Capital, LLC
0001580642-25-004675	199093			000172793	801-117954	Austin Wealth Management, LLC
0001580642-25-004675	199094			000145488	801-69827	Arete Wealth Advisors, LLC
0001580642-25-004675	199021			000318366	801-123232	Bleakley Financial Group, LLC
0001580642-25-004675	199022			000107202	801-118602	Blue Barn Wealth, LLC
0001580642-25-004675	199023			000156480		C2P CAPITAL ADVISORY GROUP, LLC
0001580642-25-004675	199024			000106577	801-45064	CFS Investment Advisory Services LLC
0001580642-25-004675	199025			000305013	801-117202	Connecticut Capital Management Group, LLC
0001580642-25-004675	199026			000283318		Crafted Finance, LLC
0001580642-25-004675	199027			000151156		Crescent Wealth Advisory, LLC
0001062993-25-013384	199014	0000720005			001-09109	RAYMOND JAMES FINANCIAL INC
0001085146-25-004405	199116	0001230239	028-10451			ALKEON CAPITAL MANAGEMENT LLC
0001984732-25-000006	199097	0001911832	028-22291	000145706	801-69970	Forum Financial Management, LP
0001135514-25-000003	199012		028-05909			Rhumbline Advisers
0001135514-25-000003	199011		028-01523			Peregrine Capital Management
0001135514-25-000003	199013	0001006378				SEGALL BRYANT & HAMILL, LLC
0000950123-25-006851	199104			000133196	801-63658	FIAM LLC
0000950123-25-006851	199105			000282125	801-107234	HPS Investment Partners, LLC
0000950123-25-006851	199103			000124982	801-61786	Boston Partners Global Investors, Inc.
0000950123-25-006851	199102			000104973	801-21122	Allspring Global Investments, LLC
0000950123-25-006851	199101			000108477	801-56720	AllianceBernstein L.P.
0000950123-25-006851	199106			000104652	801-13991	Janus Henderson Investors US LLC
0000950123-25-006851	199112			000106595	801-15908	Wellington Management Company, LLP
0000950123-25-006851	199107			000107038	801-21011	J.P. Morgan Investment Management, Inc.
0000950123-25-006851	199108			000110391	801-6997	Lord, Abbett & Co. LLC
0000950123-25-006851	199109			000110045	801-17352	Massachusetts Financial Services Company
0000950123-25-006851	199110			000106631	811-07513	Putnam Investment Management, LLC
0000950123-25-006851	199111			000299812	802-114915	Schroder Investment Management North America Inc.
0000950123-25-006849	199114		028-16979	000175101	801-81084	Park Avenue Institutional Advisers LLC
0000950123-25-006849	199115		028-10562	000108477	801-56720	Alliance Bernstein
0001569785-25-000007	199095	0001569579	028-15216	000152538	801-71004	BTG Pactual Asset Management US LLC
0001569785-25-000006	199009	0001569579	028-15216	000152538	801-71004	BTG Pactual Asset Management US LLC
0001085146-25-004376	199113	0001697723	028-17779	000282580	801-107319	AE Wealth Management LLC
0001085146-25-004360	199098	0001927705	028-22928	000282312	801-118278	Delap Wealth Advisory, LLC
0001085146-25-004360	199099	0001903880	028-21624	000116091	801-61445	JACKSON THORNTON WEALTH MANAGEMENT, LLC
0001085146-25-004360	199100	0001964068	028-22786	000313110	801-122267	Allegiance Financial Group Advisory Services LLC
0000844150-25-000011	199010		028-05855			NatWest Group plc
0001178913-25-002557	199096	0001992355	028-24903			Value Base Ltd.
0001214659-25-011187	198958	0001475365	028-14527			Sumitomo Mitsui Trust Group, Inc.
0001214659-25-011188	198959	0001475365	028-14527			Sumitomo Mitsui Trust Group, Inc.
0001214659-25-011183	198970	0001480751	028-13674			Nikko Asset Management Americas, Inc.
0001214659-25-011185	199008	0001480751	028-13674			Nikko Asset Management Americas, Inc.
0001214659-25-011186	198991	0001475365	028-14527			Sumitomo Mitsui Trust Group, Inc.
0001214659-25-011184	198992	0001475365	028-14527			Sumitomo Mitsui Trust Group, Inc.
0001214659-25-011185	199007	0001475365	028-14527			Sumitomo Mitsui Trust Group, Inc.
0001172661-25-002827	198960	0002019841				Stone Ridge Holdings Group LP
0001172661-25-002824	198981	0002019841				Stone Ridge Holdings Group LP
0001162044-25-000769	198989	0001141455	028-06545			COOKSON PEIRCE & CO INC
0001104659-25-072507	199003	0001970075	028-23257			LBP AM SA
0001104659-25-072507	199004	0001731118	028-19626			Bpifrance SA
0001104659-25-072496	198993	0002000314	028-23442			United Community Bank
0001104659-25-072483	198982	0001731118	028-19626			Bpifrance SA
0000930413-25-002304	198980	0001871926				Nuveen, LLC
0000930413-25-002303	198983	0001871926				Nuveen, LLC
0000930413-25-002302	198984	0001871926				Nuveen, LLC
0001600216-25-000004	199006		028-03140			HSBC Holdings plc
0001085146-25-004347	198927	0001277403	028-10663	000119278	801-60945	Hamlin Capital Management, LLC
0001085146-25-004347	198930	0002010271	028-23723	000154461	801-61716	Invesco Managed Accounts, LLC
0001085146-25-004347	198931	0000859872	028-02588	000105907	801-33347	KLINGENSTEIN FIELDS & CO LP
0001085146-25-004347	198932	0001583092	028-15578	000120361	801-61113	Main Management LLC
0001085146-25-004347	198933	0001521019	028-14498	000155584	801-71957	Nuveen Asset Management, LLC
0001085146-25-004347	198934	0001163368	028-10952	000104559	801-48187	PACIFIC INVESTMENT MANAGEMENT CO LLC
0001085146-25-004347	198935	0000932859	028-04558	000114310	801-60485	PARAMETRIC PORTFOLIO ASSOCIATES LLC
0001085146-25-004347	198936	0001759654	028-19308	000298733	801-114071	Quantinno Capital Management LP
0001085146-25-004347	198937	0001600064	028-19397	000164201	801-76857	Tidal Investments LLC
0001085146-25-004347	198938	0001161787	028-11496	000008174	801-7163	UBS FINANCIAL SERVICES INC
0001085146-25-004347	198939	0000033670	028-01217	000106494	801-9046	VOYA INVESTMENT MANAGEMENT CO
0001085146-25-004347	198940	0001061186	028-07104	000104702	801-11916	WCM INVESTMENT MANAGEMENT, LLC
0001085146-25-004347	198941	0001637541	028-16847	000111126	801-51407	XPONANCE, INC.
0001941040-25-000384	198942	0001388167	028-12126	000139785	801-66386	ClariVest Asset Management LLC
0001941040-25-000384	198943	0001591546	028-15835	000152154	801-78126	Pacific Ridge Capital Partners, LLC
0001941040-25-000384	198944	0001319691	028-11311	000124414	801-62397	Ranger Investment Management, L.P.
0001941040-25-000384	198945	0001444055	028-16516	000163084	801-107372	JCSD Capital, LLC
0001941040-25-000384	198946	0000921531	028-04886	000106417	801-45959	GLOBEFLEX CAPITAL L P
0001941040-25-000384	198947	0001026710	028-05876	000107745	801-23705	Granahan Investment Management, LLC
0001941040-25-000384	198948	0001381954	028-14613	000135769	801-66657	Tieton Capital Management, LLC
0001941040-25-000384	198949	0001911372	028-22239	000305152	801-117225	Meros Investment Management, LP
0001941040-25-000384	198950	0001510989	028-14070	000144908	801-70305	Informed Momentum Co LLC
0001941040-25-000384	198951	0001713521	028-18105	000148828	801-96252	Bridge City Capital, LLC
0001941040-25-000384	198952	0001882572	028-21541	000283540	801-117635	Riverwater Partners LLC
0001941040-25-000384	198953	0000884589	028-03133	000105834	801-15323	KENNEDY CAPITAL MANAGEMENT LLC
0001941040-25-000384	198954	0001217541	028-10648	000110638	801-32176	DIAMOND HILL CAPITAL MANAGEMENT INC
0001941040-25-000384	198955	0002050979	028-24668	000159963	801-129836	Peapod Lane Capital LLC
0001941040-25-000384	198956	0001134007	028-06277	000108978	801-56049	NEXT CENTURY GROWTH INVESTORS LLC
0001941040-25-000384	198957	0001034524	028-03687	000106093	801-15180	POLEN CAPITAL MANAGEMENT LLC
0001085146-25-004348	198962	0001838615	028-23888			AlTi Global, Inc.
0001085146-25-004347	198914	0001665605	028-17691	000282059	801-106982	3EDGE Asset Management, LP
0001085146-25-004347	198915	0001364615	028-11964	000111616	801-57184	Aperio Group, LLC
0001085146-25-004347	198916	0001055290	028-06694	000110049	801-29384	APPLETON PARTNERS INC/MA
0001085146-25-004347	198917	0001167557	028-10120	000111833	801-55543	AQR CAPITAL MANAGEMENT LLC
0001085146-25-004347	198918	0000860644	028-02634	000109876	801-60014	Aristotle Capital Management, LLC
0001085146-25-004347	198919	0000829937	028-02259	000111266	801-60136	Boston Trust Walden Co
0001172661-25-002817	198994	0001457320	028-19670	000151197	801-70485	EXCHANGE TRADED CONCEPTS, LLC
0001172661-25-002817	198995	0001600064	028-19397	000164201	801-76857	Tidal Investments LLC
0001085146-25-004347	198920	0001050442	028-06630	000106746	801-53297	DISCIPLINED GROWTH INVESTORS INC /MN
0001085146-25-004347	198921	0001214639	028-10309	000113609	801-60423	DSM CAPITAL PARTNERS LLC
0001085146-25-004347	198922	0001685771	028-17617	000283930	801-107945	EQUITY INVESTMENT CORP
0001085146-25-004347	198923	0000819684	028-01454	000105325	801-34611	FEDERATED INVESTMENT COUNSELING
0001085146-25-004347	198924	0000945425	028-04930	000113638	801-8948	Fiera Capital Inc.
0001085146-25-004347	198925	0001696802	028-18699	000153016	801-71469	Forefront Analytics, LLC
0001085146-25-004347	198926	0001082917	028-04145	000121942	801-61559	GW&K Investment Management, LLC
0001085146-25-004347	198928	0000928196	028-04434	000104543	801-36845	HARDING LOEVNER LP
0001085146-25-004347	198929	0001888088	028-21789	000145995	801-69964	Insight North America LLC
0001941040-25-000380	198961	0000932859	028-04558	000114310	801-60485	PARAMETRIC PORTFOLIO ASSOCIATES LLC
0001104659-25-072248	198965	0001479465	028-15344			FARLEY CAPITAL L.P.
0001051615-25-000011	198977	0001462020	028-13507			Chevy Chase Trust Holdings, LLC
0001051615-25-000009	198969	0001462020	028-13507			Chevy Chase Trust Holdings, LLC
0001478215-25-000005	199001					NONE
0001441888-25-000004	198963		028-22612			First National Advisers
0001441888-25-000004	198964		028-00317			First National Bank of Omaha
0001801263-25-000007	198997	0001528214	028-14643	000153577	801-71501	Richard Bernstein Advisors LLC
0001801263-25-000007	198996	0000932859	028-04558	000114310	801-60485	PARAMETRIC PORTFOLIO ASSOCIATES LLC
0001440916-25-000004	198979	0000039263				CULLEN/FROST BANKERS, INC.
0001581175-25-000003	198978		028-03140			HSBC Holdings PLC
0001941040-25-000375	198987	0001362535	028-11905	000113128	801-57576	Cullen Capital Management, LLC
0001941040-25-000375	198986	0001948780	028-23108	000319448	801-124978	Corient Private Wealth LLC
0001941040-25-000375	198988	0000860857	028-02668	000113688	801-60492	DELTA ASSET MANAGEMENT LLC/TN
0001398344-25-014162	198967	0001390777	028-12592			Bank of New York Mellon Corp
0001104659-25-072071	198966		028-14195			Citizens & Northern Corporation
0001085146-25-004327	198999	0001279936	028-10729	000137895	801-65611	Cantillon Capital Management LLC
0001878849-25-000005	199000	0001018331	028-05788			NATIXIS ADVISORS, LLC
0001172661-25-002796	198990	0001594320	028-17490			Coronation Fund Managers Ltd.
0001172661-25-002795	199005	0001594320	028-17490			Coronation Fund Managers Ltd.
0002056094-25-000002	198971	0002056266	028-25255			Groupe des Assurances du Credit Mutuel
0002056094-25-000002	198972	0001274419	028-25196			CREDIT INDUSTRIEL ET COMMERCIAL
0002056094-25-000002	198973	0002056088	028-25236			Groupe la Francaise
0002056094-25-000002	198974	0002056095	028-25250			Banque Transatlantique SA
0002056094-25-000002	198976	0002052594	028-25159			BLI - Banque de Luxembourg Investments
0002056094-25-000002	198975	0002055344	028-25248			Banque de Luxembourg S.A.
0001178913-25-002537	198985	0001679543	028-18650			Phoenix Financial Ltd.
0001178913-25-002535	199002	0001679543	028-18650			Phoenix Financial Ltd.
0001746408-25-000003	198968		028-18842			1
0001667731-25-001009	198998	0001697723	028-17779	000282580	801-107319	AE Wealth Management LLC
0001831944-25-000006	198789	0001050477	028-06636			SNYDER CAPITAL MANAGEMENT L P
0001581771-25-000003	198845	0000873630	028-03140			HSBC HOLDINGS PLC
0002035675-25-000003	198795	0001171592	028-10195	000108911	108-32487	HAHN CAPITAL MANAGEMENT LLC
0002035675-25-000003	198796	0001121330	028-05837	000108893	801-45536	LOGAN CAPITAL MANAGEMENT INC
0002035675-25-000003	198797	0000881432	028-03019	000107177	801-39348	MERITAGE PORTFOLIO MANAGEMENT
0002035675-25-000003	198798	0000108572	028-00825	000106302	801-51257	WRIGHT INVESTORS SERVICE INC
0002035675-25-000003	198799	0001086483	028-04587	000110897	801-40592	ZACKS INVESTMENT MANAGEMENT
0001730033-25-000004	198816	0001407543	028-13411			ENVESTNET ASSET MANAGEMENT INC
0001754960-25-000500	198903	0000932859	028-04558			PARAMETRIC PORTFOLIO ASSOCIATES LLC
0001730033-25-000004	198815	0001521019	028-14498			Nuveen Asset Management, LLC
0001730033-25-000004	198814	0001364615	028-11964			Aperio Group, LLC
0001730033-25-000004	198813	0001759654	028-19308			Quantinno Capital Management LP
0001730033-25-000004	198812	0001363391	028-11937			J.P. Morgan Investment Management Inc.
0001730033-25-000004	198811	0000914208	028-11246			Invesco Ltd.
0001730033-25-000004	198810	0001230440	028-17085			Neuberger Berman Investment Advisers LLC
0001754960-25-000500	198902	0001761755	028-19141			TOWNSQUARE CAPITAL LLC
0001730033-25-000004	198809	0001082917	028-04145			GW&K Investment Management, LLC
0002035675-25-000003	198794	0001427514	028-13023	000105879	801-14828	Dana Investment Advisors, Inc.
0000905148-25-002625	198801	0000913144	028-25507		001-14428	RENAISSANCERE HOLDINGS LTD
0000905148-25-002624	198877	0000913144	028-25507		001-14428	RENAISSANCERE HOLDINGS LTD
0000905148-25-002623	198859	0000913144	028-25507		001-14428	RENAISSANCERE HOLDINGS LTD
0000905148-25-002622	198910	0000913144	028-25507		001-14428	RENAISSANCERE HOLDINGS LTD
0000905148-25-002621	198846	0000913144	028-25507		001-14428	RENAISSANCERE HOLDINGS LTD
0000905148-25-002620	198848	0000913144	028-25507		001-14428	RENAISSANCERE HOLDINGS LTD
0000905148-25-002619	198808	0000913144	028-25507		001-14428	RENAISSANCERE HOLDINGS LTD
0000905148-25-002618	198790	0000913144	028-25507		001-14428	RENAISSANCERE HOLDINGS LTD
0000905148-25-002617	198836	0000913144	028-25507		001-14428	RENAISSANCERE HOLDINGS LTD
0000905148-25-002616	198901	0000913144	028-25507		001-14428	RENAISSANCERE HOLDINGS LTD
0000905148-25-002615	198913	0000913144	028-25507		001-14428	RENAISSANCERE HOLDINGS LTD
0000905148-25-002614	198871	0000913144	028-25507		001-14428	RENAISSANCERE HOLDINGS LTD
0001965819-25-000006	198803	0001964400	028-22940	000307860	801-126188	FACT Capital, LP
0001965819-25-000006	198804	0001617201	028-18450	000148791	801-108047	Prosight Management, LP
0001965819-25-000006	198806	0002011732	028-23903	000226650	801-126146	GRIZZLYROCK CAPITAL, LLC
0001965819-25-000006	198805	0001635663	028-17274	000173141	801-108071	Steamboat Capital Partners, LLC
0000905148-25-002613	198793	0000913144	028-25507		001-14428	RENAISSANCERE HOLDINGS LTD
0000905148-25-002612	198870	0000913144	028-25507		001-14428	RENAISSANCERE HOLDINGS LTD
0000905148-25-002611	198807	0000913144	028-25507		001-14428	RENAISSANCERE HOLDINGS LTD
0000905148-25-002610	198874	0000913144	028-25507		001-14428	RENAISSANCERE HOLDINGS LTD
0000905148-25-002609	198783	0000913144	028-25507		001-14428	RENAISSANCERE HOLDINGS LTD
0000905148-25-002608	198867	0000913144	028-25507		001-14428	RENAISSANCERE HOLDINGS LTD
0000905148-25-002607	198905	0000913144	028-25507		001-14428	RENAISSANCERE HOLDINGS LTD
0000905148-25-002606	198878	0000913144	028-25507		001-14428	RENAISSANCERE HOLDINGS LTD
0000905148-25-002605	198788	0000913144	028-25507		001-14428	RENAISSANCERE HOLDINGS LTD
0000905148-25-002604	198781	0000913144	028-25507		001-14428	RENAISSANCERE HOLDINGS LTD
0000905148-25-002603	198785	0000913144	028-25507		001-14428	RENAISSANCERE HOLDINGS LTD
0001591478-25-000004	198866	0001591505	028-16047	000114669	801-70881	Swan Global Investments, LLC
0002056438-25-000004	198786	0001632965		000170043	801-79100	Private Advisory Group LLC
0001172661-25-002783	198908	0001320168	028-11313	000110861	801-15254	AMERICAN CAPITAL MANAGEMENT INC
0001172661-25-002783	198907	0000846222	028-02408	000104729	801-31678	GREENHAVEN ASSOCIATES INC
0001376474-25-000685	198912	0001447578	028-13256	000122020	801-61533	RIVERNORTH CAPITAL MANAGEMENT, LLC
0001376474-25-000685	198911	0001130787	028-06213	000107306	801-53294	EAGLE GLOBAL ADVISORS LLC
0000950123-25-006735	198876		028-4274	000106523	801-43897	Mutual of America Capital Management LLC
0001376474-25-000682	198854		028-04632			Martingale Asset Management LP
0001376474-25-000682	198853		028-00398			Loomis Sayles & Co., LP
0001376474-25-000682	198851		028-04930			Fiera Capital, Inc.
0001376474-25-000682	198850		028-02634			Aristotle Capital Management, LLC
0001376474-25-000682	198849		028-11563			Coho Partners
0001376474-25-000682	198855		028-07312			Security Capital Research & Management Inc.
0001376474-25-000682	198856		028-12274			RGM Capital LLC
0001376474-25-000682	198857	0001730242	028-19649			55I, LLC
0001376474-25-000682	198852		028-14036			Fiera Capital Corp
0001811480-25-000005	198869	0001079935	028-15248			SIGNATURE ESTATE & INVESTMENT ADVISORS LLC
0000950123-25-006730	198830			000107367	801-54142	ROBECO INSTITUTIONAL ASSET MANAGEMENT US INC
0000950123-25-006730	198831		028-24840	000330060	801-129723	Skerryvore Asset Management
0000950123-25-006730	198832		028-14794	000174314	801-89169	Veritas Asset Management LLP
0000950123-25-006730	198833			000146990	801-69413	WESTFIELD CAPITAL MANAGEMENT COMPANY
0000950123-25-006730	198834		028-17022	000173961	801-80640	William Blair Investment Management, LLC
0000950123-25-006730	198818		028-01091	000105778	801-8174	American Century Investment Management Inc.
0000950123-25-006730	198819		028-10005	000111298	801-56633	Arrowstreet Capital, Limited Partnership
0000950123-25-006730	198820		028-04395	000110296	801-21051	Baillie Gifford Overseas Limited
0000950123-25-006730	198821		028-04145	000121942	801-61559	GW&K Investment Management
0000950123-25-006730	198822		028-00398	000105377	801-170	Loomis Sayles & Co LP
0000950123-25-006730	198823		028-06580	000109918	801-47689	LSV Asset Management
0000950123-25-006730	198824		028-04968	000110045	801-17352	Massachusetts Financial Services Company   
0000950123-25-006730	198825		028-04632	000108526	801-30067	Martingale Asset Management LP
0000950123-25-006730	198826			000158310	801-73635	NINETY ONE UK LIMITED
0000950123-25-006730	198827		028-03791	000106847	801-50838	Pzena Investment Management, LLC
0000950123-25-006730	198828		028-16409	000168551	801-78436	RBC Global Asset Management (UK), Limited
0000950123-25-006730	198829		028-11487	000134918	801-64175	River Road Asset Management, LLC
0001941040-25-000372	198844	0001592828	028-17729			Empowered Funds, LLC
0001376474-25-000678	198906					- none -
0000950123-25-006712	198837		028-24968 			Allianz SE
0001962450-25-000006	198858	0002025905				Generate Investment Management Ltd
0001667731-25-000997	198860	0001364742	028-12019			BlackRock Finance, Inc.
0001667731-25-000997	198861	0000884541	028-03125			TRILLIUM ASSET MANAGEMENT, LLC
0001218210-25-000015	198768	0001218210	028-10382			NORDEA INVESTMENT MANAGEMENT AB
0001218210-25-000014	198864	0001218210	028-10382			NORDEA INVESTMENT MANAGEMENT AB
0001218210-25-000013	198904	0001218210	028-10382			NORDEA INVESTMENT MANAGEMENT AB
0001775903-25-000006	198879	0001291318	028-22953			OVERSEA-CHINESE BANKING Corp Ltd
0001775903-25-000007	198782	0001291318	028-22953			OVERSEA-CHINESE BANKING Corp Ltd
0001104659-25-071227	198784	0002012185				Naria Inc.
0000950123-25-006678	198875		028-14589			Liberty Mutual Group Asset Management Inc.
0000950123-25-006675	198865		028-15014			Allianz Asset Management GmbH
0000950123-25-006673	198847		028-15014			Allianz Asset Management GmbH
0000950123-25-006672	198843		028-15014			Allianz Asset Management GmbH
0000950123-25-006671	198863		028-15014			Allianz Asset Management GmbH
0000950123-25-006669	198868		028-15014			Allianz Asset Management GmbH
0000950123-25-006667	198787		028-15014			Allianz Asset Management GmbH
0000950123-25-006659	198835		028-00734			FRANKLIN RESOURCES INC
0001092524-25-000003	198880		028-17084			HSBC Holdings PLC
0000950123-25-006649	198842		028-14589			Liberty Mutual Group Asset Management Inc.
0001085146-25-004198	198817	0001716774	028-18172			Aberdeen Group plc
0001085146-25-004197	198841	0001716774	028-18172			Aberdeen Group plc
0001085146-25-004196	198909	0001716774	028-18172			Aberdeen Group plc
0001085146-25-004195	198779	0001716774	028-18172			Aberdeen Group plc
0001578695-25-000003	198800		028-03140			HSBC Holdings PLC
0001534866-25-000012	198780	0001534866	028-14964			Boston Trust Walden Corp
0001534866-25-000011	198873	0001534866	028-14964			Boston Trust Walden Corp
0000950123-25-006624	198792		28-11527			The Toronto-Dominion Bank
0000950123-25-006624	198791		28-05987			TD Asset Management, Inc.
0000950123-25-006623	198802		28-11527			The Toronto-Dominion Bank
0001104659-25-071055	198900	0001425852	028-12837			Guggenheim Partners Investment Management, LLC
0001104659-25-071055	198899	0000033670	028-01217			VOYA INVESTMENT MANAGEMENT CO
0001104659-25-071055	198898	0001145263	028-06683			TCW INVESTMENT MANAGEMENT Co LLC
0001104659-25-071055	198896	0000938487	028-04720			SSI INVESTMENT MANAGEMENT LLC
0001104659-25-071055	198895	0000312348	028-00398			LOOMIS SAYLES & CO L P
0001104659-25-071055	198894	0001377581	028-12253			First Pacific Advisors, LP
0001104659-25-071055	198893	0001075869	028-04413			Allspring Global Investments, LLC
0001104659-25-071055	198892	0001579406	028-15553			BlackRock Asset Management International Inc
0001104659-25-071055	198891	0001362535	028-11905			Cullen Capital Management, LLC
0001104659-25-071055	198890	0000080255	028-00115			PRICE T ROWE ASSOCIATES INC /MD/
0001104659-25-071055	198889	0001207017	028-10469			LAZARD ASSET MANAGEMENT LLC
0001104659-25-071055	198888	0000813917	028-02013			HARRIS ASSOCIATES L P
0001104659-25-071055	198887	0000928196	028-04434			HARDING LOEVNER LP
0001104659-25-071055	198886	0000949471	028-05046			WESTWOOD MANAGEMENT CORP /TX
0001104659-25-071055	198885	0000814133	028-01286			WASATCH ADVISORS LP
0001104659-25-071055	198884	0001443066	028-13173			MFS Institutional Advisors, Inc.
0001104659-25-071055	198883	0001217541	028-10648			DIAMOND HILL CAPITAL MANAGEMENT INC
0001104659-25-071055	198882	0001348883	028-11611			Clearbridge Investments, LLC
0001104659-25-071055	198881	0001376113	028-12230			ALPS ADVISORS INC
0001104659-25-071055	198897	0001222765	028-10693			WATER ISLAND CAPITAL LLC
0001226886-25-000007	198862	0001226886				ALPINE WOODS CAPITAL INVESTORS, LLC
0001274419-25-000019	198838	0002056095	028-25250			Banque Transatlantique SA
0001274419-25-000019	198839	0002055344	028-25248			Banque de Luxembourg S.A.
0001274419-25-000019	198840	0002052594	028-25159			BLI - Banque de Luxembourg Investments
0002034979-25-000003	198771	0001362941	028-11947			JPMorgan Asset Management (UK) Ltd
0002034979-25-000003	198769	0001088875	028-04825			BAILLIE GIFFORD & CO
0002034979-25-000003	198770	0001743405	028-18887			Insight Investment Management (Global) Ltd
0002034979-25-000003	198778	0000902219	028-04557			WELLINGTON MANAGEMENT GROUP LLP
0002034979-25-000003	198772	0001426092	028-12889	000143875	801-68536	Longview Partners (Guernsey) LTD
0002034979-25-000003	198773	0001358504	028-11867			Morgan Stanley Investment Management LTD
0002034979-25-000003	198774	0001087733	028-04797	000111208	801-42114	NEWTON INVESTMENT MANAGEMENT LTD
0002034979-25-000003	198775	0001163368	028-10952	000104559	801-48187	PACIFIC INVESTMENT MANAGEMENT CO LLC
0002034979-25-000003	198776	0001628493	028-16409			RBC GLOBAL ASSET MANAGEMENT (UK) Ltd
0002034979-25-000003	198777	0000093751	028-00399			STATE STREET CORP
0000919574-25-004243	198872	0001569518	028-15308	000164160	801-77438	Kintegral Advisory, LLC
0001214659-25-010931	198765	0001407543	028-13411			ENVESTNET ASSET MANAGEMENT INC
0001420506-25-001586	198750					Atria Wealth Solutions, Inc.
0001420506-25-001584	198762					Atria Wealth Solutions, Inc.
0001931642-25-000007	198748	0001592828	028-17729			Empowered Funds, LLC
0001027796-25-000043	198752	0001692234	028-17598		028-17598	Russell Investments Group, Ltd.
0001732101-25-000003	198763					HSBC Holding Plc
0000950123-25-006604	198746		28-01006			Barrow Hanley Mewhinney & Strauss LLC
0001085146-25-004167	198758	0000052388	028-01091	000105778	801-8174	AMERICAN CENTURY INVESTMENT MANAGEMENT INC
0001085146-25-004167	198756	0001418333	028-13120	000105390	801-32108	MACQUARIE GROUP LTD
0001085146-25-004167	198755	0000200217	028-00400	000104596	801-1895	DODGE & COX
0001085146-25-004167	198754	0001345929	028-13997	000110181	801-38826	BROWN ADVISORY INC
0001085146-25-004167	198759	0000019617	028-00694	001070038	801-21011	JPMORGAN CHASE & CO
0001085146-25-004167	198757	0000764529	028-01523	000110052	801-21400	Peregrine Capital Management LLC
0001085146-25-004167	198753	0001109448	028-10562	000108477	801-56720	ALLIANCEBERNSTEIN L.P.
0001890906-25-000120	198761	0001890906	028-21522			Allspring Global Investments Holdings, LLC
0001890906-25-000119	198760	0001890906	028-21522			Allspring Global Investments Holdings, LLC
0000904454-25-000375	198764	0001536114	028-14709			Alta Advisers Ltd
0001172661-25-002735	198745	0001846644	028-21035	000161527		WestBridge Capital Management, LLC
0001172661-25-002734	198766	0001846644	028-21035	000161527		WestBridge Capital Management, LLC
0001172661-25-002732	198747	0001846644	028-21035	000161527		WestBridge Capital Management, LLC
0001172661-25-002731	198767	0001846644	028-21035	000161527		WestBridge Capital Management, LLC
0001172661-25-002729	198744	0001846644	028-21035	000161527		WestBridge Capital Management, LLC
0001172661-25-002728	198749	0001846644	028-21035	000161527		WestBridge Capital Management, LLC
0001911876-25-000028	198751	0001911876				BSN CAPITAL PARTNERS Ltd
0001580862-25-000003	198711			000154700	801-71863	Steven Styles
0001214659-25-010906	198714	0001034524	028-03687	000106093	801-15180	POLEN CAPITAL MANAGEMENT LLC
0001911771-25-000002	198742	0000831571	028-06725	000155186	801-12471	ST GERMAIN D J CO INC
0001987855-25-000007	198743		028-02816841	000148222	801-71114	GeoWealth Management, LLC
0001104659-25-070572	198705	0001767432	028-19068			Atlas Venture Advisors, Inc.
0001104659-25-070571	198695	0001767432	028-19068			Atlas Venture Advisors, Inc.
0001104659-25-070568	198702	0001767432	028-19068			Atlas Venture Advisors, Inc.
0001964639-25-000004	198713		028-22953			Oversea-Chinese Banking Corp Ltd
0001214659-25-010896	198697	0001786379	028-19583			Stonehage Fleming Financial Services Holdings Ltd
0001966160-25-000004	198703		028-22953			OVERSEA-CHINESE BANKING CORPORATION LIMITED
0001491661-25-000003	198712	0001407543	028-13411			ENVESTNET ASSET MANAGEMENT INC
0001085146-25-004158	198701	0001039128	028-21112			HARBOR CAPITAL ADVISORS, INC.
0001085146-25-004158	198700	0001418427	028-12627			Robeco Schweiz AG
0001085146-25-004158	198699	0001418773	028-12635			Robeco Institutional Asset Management B.V.
0001085146-25-004158	198698	0001386060	028-12484			Boston Partners
0001085146-25-004149	198693	0000801051	028-04513	000107423	801-18641	CONNING INC.
0001085146-25-004148	198707	0000801051	028-04513	000107423	801-18641	CONNING INC.
0000950123-25-006579	198734		028-17543	000312937	801-120501	Newton Investment Management North America Ltd
0000950123-25-006579	198733		028-01343	000104652	801-13991	Janus Capital Management LLC
0000950123-25-006579	198732		028-17876	000283720	801-107734	GQG Partners LLC
0000950123-25-006579	198731		028-00090	000106629	801-7974	Putnam Investment Management, LLC
0000950123-25-006579	198730		028-12282	000133196	801-63658	FIAM LLC
0000950123-25-006579	198729		028-19792	000143668	801-67833	Nationwide Asset Management, LLC
0000950123-25-006579	198728		028-10120	000111883	801-55543	AQR Capital Management LLC
0000950123-25-006579	198727			000152606	801-70942	Doubleline Capital LP
0000950123-25-006579	198726		028-07104	000104702	801-11916	WCM Investment Management
0000950123-25-006579	198725		028-00398                	000105377	801-170	Loomis, Sayles & Company, L.P.
0000950123-25-006579	198724		028-03059	000107022	801-28257	Jacobs Levy Equity Management, Inc.
0000950123-25-006579	198723		028-03935	000105432	801-28444	Geneva Capital Management, LLC
0000950123-25-006579	198722		028-01707	000110550	801-8562	Bailard, Inc.
0000950123-25-006579	198715		028-11937	000107038	801-21011	J.P. Morgan Investment Management, Inc.
0000950123-25-006579	198716		028-12016	000108928	801-56972	Blackrock Investment Management, LLC
0000950123-25-006579	198717		028-10981	000107738	801-37591	Goldman Sachs Asset Management, L.P.
0000950123-25-006579	198718		028-04557	000106595	801-15908	Wellington Management Co. LLP
0000950123-25-006579	198719		028-00165	000105360	801-33949	Invesco Advisers, Inc.
0000950123-25-006579	198720		028-02900	000105764	801-19785	Mellon Investments Corporation
0000950123-25-006579	198735		028-17035	000110625	801-26315	NS Partners LTD
0000950123-25-006579	198736		028-10469	000122836	801-61701	Lazard Asset Management, LLC
0000950123-25-006579	198741		028-10229	000119033	801-60934	LOS ANGELES CAPITAL MANAGEMENT LLC
0000950123-25-006579	198740		028-17085	000124687	801-61757	Neuberger Berman Investment Advisers LLC
0000950123-25-006579	198739		028-00127	000105642	801-8147	BNY Mellon Investment Adviser, Inc
0000950123-25-006579	198737		028-04413	000104973	801-21122	Allspring Global Investment LLC
0000950123-25-006579	198721		028-02682	000000583	8-21901	UBS Global Asset Management, Inc.
0000950123-25-006579	198738		028-06354	000106189	801-46878	Victory Capital Management Inc
0001082809-25-000004	198694	0001281761				REGIONS FINANCIAL CORP
0000950123-25-006571	198696				001-06523	Bank Of America Corp
0001172661-25-002699	198710	0000098561	028-15859			TOKIO MARINE & NICHIDO FIRE INSURANCE CO., LTD
0001172661-25-002699	198709	0000859139	028-15443			DELPHI FINANCIAL GROUP, INC.
0001172661-25-002699	198708	0001504169	028-14025			TOKIO MARINE ASSET MANAGEMENT CO LTD
0001221073-25-000066	198704	0001592828	028-17729			Empowered Funds, LLC
0001879648-25-000004	198706	0001535847	028-15648	000155344		CWM, LLC
0001667731-25-000945	198662	0000350894		000105146		SEI INVESTMENTS CO
0001667731-25-000945	198663	0001009289	028-05392	000117198		CITY NATIONAL ROCHDALE, LLC
0001455270-25-000003	198660		028-03140			HSBC Holdings Plc
0001908623-25-000005	198658	0001964389	028-22801			PPSC Investment Service Corp
0001754960-25-000479	198670	0001795705	028-23685			Brooklyn Investment Group
0000036104-25-000049	198671	0000036104	028-00551			US BANCORP \DE\
0000036104-25-000050	198672	0000036104	028-00551			US BANCORP \DE\
0000036104-25-000048	198673	0000036104	028-00551			US BANCORP \DE\
0000036104-25-000047	198687	0000036104	028-00551			US BANCORP \DE\
0001754960-25-000479	198669	0001703301	028-18017			SpiderRock Advisors, LLC
0001726262-25-000006	198661	0001592828	028-17729			Empowered Funds, LLC
0001137439-25-000978	198678	0001599795	028-15936	000166182	801-77378	ROBINSON CAPITAL MANAGEMENT, LLC
0001104659-25-070002	198666	0000934999	028-03691			DF DENT & CO INC
0001085146-25-004075	198664	0001859918	028-21254	000139713	801-66385	TECTONIC ADVISORS LLC
0001085146-25-004064	198667	0001588340	028-20714			Vontobel Holding Ltd.
0001085146-25-004063	198675	0001588340	028-20714			Vontobel Holding Ltd.
0001085146-25-004062	198679	0001588340	028-20714			Vontobel Holding Ltd.
0001085146-25-004061	198656	0001588340	028-20714			Vontobel Holding Ltd.
0001085146-25-004060	198676	0001588340	028-20714			Vontobel Holding Ltd.
0001085146-25-004059	198692	0001588340	028-20714			Vontobel Holding Ltd.
0001172661-25-002693	198659	0001599584	028-15771	000141413	801-68010	Brookstone Capital Management
0001172661-25-002692	198689	0001056508	028-06902	000109355	801-55094	FEDERATED MDTA LLC
0001172661-25-002692	198688	0000354204	028-01186	000106482	801-16283	DIMENSIONAL FUND ADVISORS LP
0001172661-25-002692	198691	0000829108	028-02204	000110783	801-27797	Brandywine Global Investment Management, LLC
0001172661-25-002692	198690	0000351173	028-01185	000106274	801-15724	FRONTIER CAPITAL MANAGEMENT CO LLC
0001140361-25-026911	198674	0000898413	028-03594			NBT BANK N A /NY
0001062993-25-013088	198684		028-16841			GeoWealth Management, LLC
0001062993-25-013088	198685		028-16454			SEI Investment Co.
0001062993-25-013088	198683		028-14921			Atria Investments, Inc
0001062993-25-013088	198682		028-12631			Managed Account Advisors LLC
0001062993-25-013088	198681		028-12624			J.P. Morgan Private Wealth Managers 
0001062993-25-013088	198680		28-13411			Envestnet
0001506242-25-000004	198668	0001035463	028-06264			BAR HARBOR WEALTH MANAGEMENT
0000743367-25-000004	198657	0001035463	028-06264			BAR HARBOR WEALTH MANAGEMENT
0001725247-25-000006	198686	0001725247	028-18203			WoodTrust Financial Corp
0001085146-25-004050	198677	0001364615	028-11964			Aperio Group, LLC
0002071876-25-000021	198665	0000903947	028-03692			MILLER HOWARD INVESTMENTS INC /NY
0001759485-25-000007	198640	0001913231				Ascent Group, LLC
0001178913-25-002455	198647	0001398346	028-18632			MEITAV INVESTMENT HOUSE LTD
0001178913-25-002453	198643	0001398346	028-18632			MEITAV INVESTMENT HOUSE LTD
0001178913-25-002451	198642	0001398346	028-18632			MEITAV INVESTMENT HOUSE LTD
0001140361-25-026814	198648	0001512367	028-14162			SeaTown Holdings Pte. Ltd.
0001140361-25-026813	198649	0001512367	028-14162			SeaTown Holdings Pte. Ltd.
0001965141-25-000004	198641		028-22953			Oversea-Chinese Banking Corporation
0001140361-25-026809	198646	0001512367	028-14162			SeaTown Holdings Pte. Ltd.
0001688666-25-000004	198654	0000313028	028-01006	000105519	801-31237	BARROW HANLEY MEWHINNEY & STRAUSS LLC
0001688666-25-000004	198653	0001686988	028-19942	000172688	801-107084	L2 Asset Management, LLC
0001688666-25-000004	198652	0001165830	028-10329	000106863	801-29482	INCOME RESEARCH & MANAGEMENT
0001688666-25-000004	198651	0001633911	028-16565	000173198	801-80368	Aristotle Capital Boston, LLC
0001688666-25-000004	198650	0001126328	028-10106	000109002	801-55959	PRINCIPAL FINANCIAL GROUP INC
0001688666-25-000004	198655	0000916542	028-05990	000106609	801-28078	ACADIAN ASSET MANAGEMENT LLC
0001512779-25-000009	198644	0001895911	028-21764	000315804	801-122468	Paralel Advisors LLC
0000904454-25-000369	198645	0000200406	028-20072			JOHNSON & JOHNSON
0001578984-25-000003	198639	0000873630	028-03140			HSBC HOLDINGS PLC
0001178913-25-002437	198630	0000902528	028-16115			BANK HAPOALIM BM
0001374022-25-000008	198626		28-15731			MUFG Securities EMEA plc
0001085146-25-004019	198614	0001352187	028-11680	000104796	801-28445	Clark Capital Management Group, Inc.
0001085146-25-004019	198613	0001353099		000167626	801-107723	Aptus Capital, LLC
0001085146-25-004027	198612	0001761755	028-19141			TOWNSQUARE CAPITAL LLC
0001374022-25-000008	198627		28-21099			MUFG Securities (Canada), Ltd.
0001580642-25-004379	198623	0001692234	028-17598			Russell Investments Group, Ltd.
0000902664-25-003078	198634	0001698051	028-17887	000292074		Point72 Europe (London) LLP
0000902664-25-003078	198637	0002017863	028-24178	000330656		Point72 (DIFC) Ltd
0000902664-25-003078	198636	0002006887	028-23927	000329574		Point72 Italy, S.r.l.
0000902664-25-003078	198631	0001949771	028-23094	000323525		Point72 Middle East FZE
0000902664-25-003078	198632	0001603465	028-16258	000292081		Cubist Systematic Strategies, LLC
0000902664-25-003078	198633	0001599822	028-16027	000292047		Point72 Hong Kong Ltd
0000902664-25-003078	198635	0001666791	028-17282	000292069		Point72 Asia (Singapore) Pte. Ltd.
0001021642-25-000004	198625		028-05788	000106800	801-48408	Natixis Advisers, LLC
0001568512-25-000011	198628	0001569395	028-15178			Mirae Asset Global Investments Co., Ltd.
0001568512-25-000010	198611	0001569395	028-15178			Mirae Asset Global Investments Co., Ltd.
0001568512-25-000009	198629	0001569395	028-15178			Mirae Asset Global Investments Co., Ltd.
0000919574-25-004138	198638	0001569518	028-15308	000164160	801-77438	Kintegral Advisory, LLC
0000905148-25-002484	198624	0001705339	028-18036			MIRAE ASSET GLOBAL ETFS HOLDINGS Ltd.
0001871593-25-000007	198616	0001364615	028-11964			Aperio Group, LLC
0001871593-25-000007	198622	0001277403	028-10663			Hamlin Capital Management, LLC
0001871593-25-000007	198621	0000945425	028-04930			Fiera Capital Inc.
0001871593-25-000007	198620	0000314965	028-00096			CAPITAL GUARDIAN TRUST CO
0001871593-25-000007	198619	0001599966	028-16021			BMO NESBITT BURNS INC.
0001871593-25-000007	198618	0001305227	028-12016			BlackRock Investment Management, LLC
0001871593-25-000007	198617	0001055290	028-06694			APPLETON PARTNERS INC/MA
0001482688-25-000008	198606	0001305227	028-12016			BlackRock Investment Management, LLC
0001482688-25-000008	198605	0001055290	028-06694			APPLETON PARTNERS INC/MA
0001482688-25-000008	198607	0000314965	028-00096			CAPITAL GUARDIAN TRUST CO
0001482688-25-000008	198604	0001364615	028-11964			Aperio Group, LLC
0001482688-25-000008	198610	0001277403	028-10663			Hamlin Capital Management, LLC
0001482688-25-000008	198609	0000945425	028-04930			Fiera Capital Inc.
0001482688-25-000008	198608	0001034546	028-06258			CITY OF LONDON INVESTMENT MANAGEMENT CO LTD
0001890222-25-000003	198615	0001510481	028-14146	000160009	802-74624	Sarasin & Partners LLP
0001890255-25-000001	198567	0001890222	028-24245			J. Safra Sarasin Holding AG
0001172661-25-002653	198560	0000902219	028-04557			WELLINGTON MANAGEMENT GROUP LLP
0001172661-25-002653	198561	0000898420	028-03578			FRANKLIN ADVISERS INC
0001172661-25-002653	198562	0001616628	028-17359			Wilshire Advisors LLC
0001172661-25-002653	198563	0001364742	028-12019			BlackRock Finance, Inc.
0001581251-25-000003	198583	0000873630				HSBC HOLDINGS PLC
0001706499-25-000003	198588		028-03140			HSBC Holdings PLC
0000950123-25-006479	198587					ASR Vermogensbeheer N.V.
0001705819-25-000047	198578	0001731221	028-18565	000104513	801-18801	FSA WEALTH PARTNERS, INC.
0000772028-25-000006	198585	0000927971				BANK OF MONTREAL /CAN/
0001123292-25-000311	198589	0001096986	028-16485			FLEMING JAMES B JR
0001085146-25-003972	198572	0001418427	028-12627			Robeco Schweiz AG
0001085146-25-003972	198571	0001386060	028-12484			Boston Partners
0001085146-25-003972	198573	0001039128	028-21112			HARBOR CAPITAL ADVISORS, INC.
0001512601-25-000009	198565	0001815217				NIA IMPACT ADVISORS, LLC
0001512601-25-000009	198564	0000884541				TRILLIUM ASSET MANAGEMENT, LLC
0001512601-25-000009	198566	0001439207				Green Alpha Advisors, LLC
0000950123-25-006466	198602		028-14054	000110987	801-49530	Silchester International Investors LLP
0000950123-25-006464	198582		028-14054	000110987	801-49530	Silchester International Investors LLP
0001172661-25-002650	198569	0001965773	028-23341	000122609	801-78187	Northeast Financial Group, Inc.
0001104659-25-068933	198576	0001535815	028-19314			Natixis Investment Managers SA
0001104659-25-068933	198575	0001053187	028-06808			Natixis Investment Managers, LLC
0001667731-25-000876	198601	0001344551	028-11546	000109018	801-56323	ASSETMARK, INC
0001667731-25-000876	198600	0001316541	028-11173	000129752	801-62692	PGIM Quantitative Solutions LLC
0001667731-25-000876	198599	0001443066	028-13173	000107144	801-46433	MFS Institutional Advisors, Inc.
0001667731-25-000876	198598	0001541743	028-14668	000135822	801-68586	Copeland Capital Management, LLC
0001667731-25-000876	198597	0001419999	028-13243	000144906	801-68369	MAR VISTA INVESTMENT PARTNERS LLC
0001667731-25-000876	198596	0001230440	028-17085	000124687	801-61757	Neuberger Berman Investment Advisers LLC
0001667731-25-000876	198595	0001027796	028-03791	000106847	801-50838	PZENA INVESTMENT MANAGEMENT LLC
0001667731-25-000876	198594	0001061186	028-07104	000104702	801-11916	WCM INVESTMENT MANAGEMENT, LLC
0001667731-25-000876	198593	0001362535	028-11905	000113128	801-57576	Cullen Capital Management, LLC
0001667731-25-000876	198592	0001078013	028-05229	000110757	801-16937	GREAT LAKES ADVISORS, LLC
0001667731-25-000876	198591	0000907692	028-16475	000105146	801-24593	SEI INVESTMENTS MANAGEMENT CORP
0001667731-25-000876	198590	0001009289	028-05392	000117198	801-27265	CITY NATIONAL ROCHDALE, LLC
0002028812-25-000005	198584		028-16454			SEI Investments
0001673995-25-000005	198580	0001970075				LBP AM SA
0002056555-25-000004	198586	0001890222	028-24245			J. Safra Sarasin Holding AG
0002056555-25-000003	198581	0001890222	028-24245			J. Safra Sarasin Holding AG
0002056319-25-000002	198579	0001890222	028-24245			J. Safra Sarasin Holding AG
0002031823-25-000010	198577	0001890222	028-24245			J. Safra Sarasin Holding AG
0002031823-25-000009	198570	0001890222	028-24245			J. Safra Sarasin Holding AG
0002031823-25-000008	198603	0001890222	028-24245			J. Safra Sarasin Holding AG
0002031823-25-000007	198568	0001890222	028-24245			J. Safra Sarasin Holding AG
0002022074-25-000005	198574	0001697723	028-17779	000282580	801-107319	AE Wealth Management LLC
0001696868-25-000004	198549	0000092230	028-03501			TRUIST FINANCIAL CORP
0000764116-25-000008	198548	0000092230	028-03501			TRUIST FINANCIAL CORP
0001667731-25-000866	198546	0001600999	028-16090			MANAGED ASSET PORTFOLIOS, LLC
0001667731-25-000866	198543	0001403438	028-12526			LPL Financial LLC
0001667731-25-000866	198547	0001352187	028-11680			Clark Capital Management Group, Inc.
0001667731-25-000866	198544	0001299351	028-10986			Madison Asset Management, LLC
0001667731-25-000866	198545	0001018331	028-05788			NATIXIS ADVISORS, LLC
0001904152-25-000004	198535	0001167557	028-10120	000111883	801-55543	AQR CAPITAL MANAGEMENT LLC
0000716187-25-000005	198533	0001281761				REGIONS FINANCIAL CORP
0001011438-25-000358	198529	0002056786	028-25509			Lunate Capital Ltd
0001661245-25-000004	198534	0000932859	028-04558	000114310	801-60485	PARAMETRIC PORTFOLIO ASSOCIATES LLC
0001172661-25-002639	198519	0001364742	028-12019			BlackRock Finance, Inc.
0001104659-25-068584	198524	0001933059	028-22566			RETIREMENT GUYS FORMULA LLC
0001085146-25-003921	198541	0000884546	028-03128	000106753	801-65905	Charles Schwab Investment Management Inc
0001085146-25-003921	198540	0001501902	028-14153	000151739	801-70737	Charles Schwab Investment Advisory, Inc.
0001498383-25-000008	198526	0001009012				ZAZOVE ASSOCIATES LLC
0001498383-25-000008	198528	0001618824				Muzinich & Co., Inc.
0001498383-25-000008	198527	0001035350				SECURIAN ASSET MANAGEMENT, INC
0001498383-25-000008	198525	0001373442				Mariner, LLC
0001667731-25-000844	198530	0001673385	028-17446			Morningstar Investment Management LLC
0001667731-25-000844	198531	0001541211	028-14787			Hilton Capital Management, LLC
0001667731-25-000844	198532	0001344551	028-11546			ASSETMARK, INC
0001542826-25-000003	198536	0001126328				PRINCIPAL FINANCIAL GROUP INC
0001542826-25-000003	198537	0000019617				JPMORGAN CHASE & CO
0001542826-25-000003	198538	0001001085				BROOKFIELD Corp /ON/
0001167303-25-000008	198523	0001283072	028-12836			GUGGENHEIM CAPITAL LLC
0001172661-25-002613	198520	0000850401	028-02494			TCW GROUP INC
0001085146-25-003879	198542	0001344551	028-11546			ASSETMARK, INC
0001085146-25-003877	198521	0001457320	028-19670	000151197	801-70485	Exchange Traded Concepts, LLC
0001085146-25-003877	198522	0001593387	028-16841	000148222	801-71114	GeoWealth Management, LLC
0000950123-25-006414	198539		028-18685			Lingotto Investment Management LLP
0001951757-25-000875	198470		028-19005			Essex Savings Bank
0001062993-25-012879	198480	0001965207	028-22988	000323449	801-128474	Quarry LP
0001664212-25-000005	198485	0001502976	028-14331	000038123	8-48110	BRINKER CAPITAL INC
0001664212-25-000005	198484	0000915325	028-04032	000315440	801-121830	BADGLEY PHELPS & BELL INC
0001664212-25-000005	198486	0001463217	028-13508	000134600	801-64376	UNITED CAPITAL FINANCIAL ADVISORS, LLC
0001172661-25-002608	198483	0000932859	028-04558	000114310	801-60485	PARAMETRIC PORTFOLIO ASSOCIATES LLC
0001905162-25-000007	198478	0001082917	028-04145	000121942	801-61559	GW&K Investment Management, LLC
0001905162-25-000007	198479	0001767306	028-20247	000285366	801-114487	Vanguard Personalized Indexing Management, LLC
0001376474-25-000608	198475	0001974457	028-23497	000306600	801-117961	TrueMark Investments, LLC
0001376474-25-000607	198471		028-04685	000123456	801-64500	Prospector Partners, LLC
0001352022-25-000005	198467	0001256909	028-10487	000105780	801-33358	Northern Trust Investments, Inc
0001352022-25-000005	198468	0001637541	028-16847	000111126	801-51407	XPONANCE, INC.
0001352022-25-000005	198469	0000932859	028-04558	000114310	801-60485	PARAMETRIC PORTFOLIO ASSOCIATES LLC
0001352022-25-000005	198466	0001234074	028-11833	000106355	801-45884	SPRUCEGROVE INVESTMENT MANAGEMENT LTD
0001352022-25-000005	198465	0001088876	028-04841	000304197	802-116796	BAILLIE GIFFORD & CO LTD
0001352022-25-000005	198464	0000885062	028-03139	000105633	801-19287	BROWN CAPITAL MANAGEMENT LLC
0001352022-25-000005	198463	0001428948	028-13410	000143247	801-67631	Impax Asset Management LTD
0001352022-25-000005	198462	0001164833	028-10068	000114649	801-60512	HOTCHKIS & WILEY CAPITAL MANAGEMENT LLC
0001352022-25-000005	198461	0000314965	028-00096	000108236	801-60145	CAPITAL GUARDIAN TRUST CO
0001352022-25-000005	198460	0000913414	028-03946	000107105	804-48433	BlackRock Institutional Trust Company, N.A.
0001352022-25-000005	198459	0000902219	028-04557	000106595	801-15908	WELLINGTON MANAGEMENT GROUP LLP
0001352022-25-000005	198457	0001276918	028-10622	000128990	801-62477	ZEVENBERGEN CAPITAL INVESTMENTS LLC
0001352022-25-000005	198458	0001050442	028-06630	000106746	801-53297	DISCIPLINED GROWTH INVESTORS INC /MN
0001352022-25-000004	198447	0000913414	028-03946	000107105	804-48433	BlackRock Institutional Trust Company, N.A.
0001352022-25-000004	198448	0000314965	028-00096	000108236	801-60145	CAPITAL GUARDIAN TRUST CO
0001352022-25-000004	198449	0001164833	028-10068	000114649	801-60512	HOTCHKIS & WILEY CAPITAL MANAGEMENT LLC
0001352022-25-000004	198450	0001428948	028-13410	000143247	801-67631	Impax Asset Management LTD
0001352022-25-000004	198451	0000885062	028-03139	000105633	801-19287	BROWN CAPITAL MANAGEMENT LLC
0001352022-25-000004	198452	0001088876	028-04841	000304197	802-116796	BAILLIE GIFFORD & CO LTD
0001352022-25-000004	198453	0001234074	028-11833	000106355	801-45884	SPRUCEGROVE INVESTMENT MANAGEMENT LTD
0001352022-25-000004	198454	0001256909	028-10487	000105780	801-33358	Northern Trust Investments, Inc
0001352022-25-000004	198455	0001637541	028-16847	000111126	801-51407	XPONANCE, INC.
0001352022-25-000004	198456	0000932859	028-04558	000114310	801-60485	PARAMETRIC PORTFOLIO ASSOCIATES LLC
0001352022-25-000004	198444	0001276918	028-10622	000128990	801-62477	ZEVENBERGEN CAPITAL INVESTMENTS LLC
0001352022-25-000004	198445	0001050442	028-06630	000106746	801-53297	DISCIPLINED GROWTH INVESTORS INC /MN
0001352022-25-000004	198446	0000902219	028-04557	000106595	801-15908	WELLINGTON MANAGEMENT GROUP LLP
0000950123-25-006380	198511		028-02783			Van Eck Associates Corp
0000950123-25-006380	198509		028-02494			TCW Group Inc
0000950123-25-006380	198508		028-00399			STATE STREET CORP
0000950123-25-006380	198507		028-04731			Schroder Investment Management Group
0000950123-25-006380	198506		028-03042			PanAgora Asset Management Inc
0000950123-25-006380	198505		028-13573			Neuberger Berman Group LLC
0000950123-25-006380	198504		028-03432			Morgan Stanley
0000950123-25-006380	198503		028-00491			Metropolitan Life Insurance Co/NY
0000950123-25-006380	198502		028-04968			Massachusetts Financial Services Co/MA
0000950123-25-006380	198501		028-00398			Loomis Sayles & Co LP
0000950123-25-006380	198500		028-00694			JPMorgan Chase & Co
0000950123-25-006380	198499		028-00074			Jennison Associates LLC
0000950123-25-006380	198510		028-00115			Price T Rowe Associates Inc/MD
0000950123-25-006380	198512		028-06354			Victory Capital Management Inc
0000950123-25-006380	198513		028-04557			Wellington Management Group LLP
0000950123-25-006380	198514		028-10245			Western Asset Management Company, LLC
0000950123-25-006380	198487		028-10562			AllianceBernstein L.P.
0000950123-25-006380	198488		028-15014			Allianz Asset Management GmbH
0000950123-25-006380	198489		028-21522			Allspring Global Investments Holdings, LLC
0000950123-25-006380	198490		028-13578			Artisan Partners LimitedPartnership
0000950123-25-006380	198491		028-04825			Baillie Gifford & Co
0000950123-25-006380	198492		028-24466			BlackRock Inc.
0000950123-25-006380	198493		028-06044			CBRE Investment Management Listed Real Assets LLC
0000950123-25-006380	198494		028-01186			Dimensional Fund Advisors LP
0000950123-25-006380	198495		028-00734			Franklin Resources Inc.
0000950123-25-006380	198496		028-01185			Frontier Capital Management Co LLC
0000950123-25-006380	198497		028-02013			Harris Associates LP
0000950123-25-006380	198498		028-11246			Invesco Ltd.
0000950123-25-006378	198516		28-03158			Fifth Third Bancorp
0000950123-25-006378	198517		28-05428	000106275	801-39635	Franklin Steet Advisors
0000950123-25-006378	198518		28-23191	000313015	801-122096	Fifth Third Wealth Advisors
0000950123-25-006377	198482		028-23191	000313015	801-122096	Fifth Third Wealth Advisors
0000950123-25-006377	198481		028-05428	000106275	801-39635	Franklin Street Advisors
0001172661-25-002593	198515	0001402568	028-12524	000122793	801-61494	BlueBay Asset Management LLP
0001420506-25-001507	198474					Lombard Odier Asset Management (USA) Corp
0001420506-25-001507	198473					Lombard Odier Asset Management (Switzerland) SA
0001420506-25-001507	198472					Lombard Odier Asset Management (Europe) Ltd
0001420506-25-001506	198476					Compagnie Lombard Odier SCmA
0001420506-25-001505	198477					Compagnie Lombard Odier SCmA
0001830942-25-000003	198440	0000354204	028-01186	000106482	801-16283	DIMENSIONAL FUND ADVISORS LP
0001120926-25-000004	198443		028-17729			Empowered Funds, LLC
0001120926-25-000003	198442		028-17729			Empowered Funds, LLC
0001140361-25-025750	198441	0001259969	028-10511			FARMERS & MERCHANTS INVESTMENTS INC
0000905148-25-002427	198410	0000913144	028-25507		001-14428	RENAISSANCERE HOLDINGS LTD
0000905148-25-002425	198428	0000913144	028-25507		001-14428	RENAISSANCERE HOLDINGS LTD
0000905148-25-002423	198405	0000913144	028-25507		001-14428	RENAISSANCERE HOLDINGS LTD
0000905148-25-002421	198432	0000913144	028-25507		001-14428	RENAISSANCERE HOLDINGS LTD
0000905148-25-002419	198427	0000913144	028-25507		001-14428	RENAISSANCERE HOLDINGS LTD
0000905148-25-002417	198407	0000913144	028-25507		001-14428	RENAISSANCERE HOLDINGS LTD
0000905148-25-002416	198400	0000913144	028-25507		001-14428	RENAISSANCERE HOLDINGS LTD
0000905148-25-002414	198435	0000913144	028-25507		001-14428	RENAISSANCERE HOLDINGS LTD
0000905148-25-002413	198401	0000913144	028-25507		001-14428	RENAISSANCERE HOLDINGS LTD
0001280782-25-000006	198422	0001283072	028-12836			GUGGENHEIM CAPITAL LLC
0000905148-25-002411	198417	0000913144	028-25507		001-14428	RENAISSANCERE HOLDINGS LTD
0000905148-25-002410	198426	0000913144	028-25507		001-14428	RENAISSANCERE HOLDINGS LTD
0000791185-25-000006	198431	0001283072	028-12836			GUGGENHEIM CAPITAL LLC
0000905148-25-002406	198421	0000913144	028-25507		001-14428	RENAISSANCERE HOLDINGS LTD
0001085146-25-003741	198433	0001611848	028-16343	000127158	801-62140	BTC Capital Management, Inc.
0000905148-25-002405	198409	0000913144	028-25507		001-14428	RENAISSANCERE HOLDINGS LTD
0000905148-25-002403	198436	0000913144	028-25507		001-14428	RENAISSANCERE HOLDINGS LTD
0000905148-25-002402	198425	0000913144	028-25507		001-14428	RENAISSANCERE HOLDINGS LTD
0000905148-25-002400	198439	0000913144	028-25507		001-14428	RENAISSANCERE HOLDINGS LTD
0000905148-25-002399	198430	0000913144	028-25507		001-14428	RENAISSANCERE HOLDINGS LTD
0000905148-25-002397	198403	0000913144	028-25507		001-14428	RENAISSANCERE HOLDINGS LTD
0000905148-25-002396	198408	0000913144	028-25507		001-14428	RENAISSANCERE HOLDINGS LTD
0000905148-25-002394	198406	0000913144	028-25507		001-14428	RENAISSANCERE HOLDINGS LTD
0000905148-25-002393	198424	0000913144	028-25507		001-14428	RENAISSANCERE HOLDINGS LTD
0000905148-25-002391	198423	0000913144	028-25507		001-14428	RENAISSANCERE HOLDINGS LTD
0000905148-25-002390	198402	0000913144	028-25507		001-14428	RENAISSANCERE HOLDINGS LTD
0000950123-25-006338	198420		028-00399			State Street Corp., on behalf of SSGA Funds Management Inc.
0000950123-25-006338	198419		028-04557			Wellington Management Group LLP, on behalf of Wellington Management Company LLP
0001667731-25-000783	198416	0001422849	028-12786			Capital World Investors
0001667731-25-000783	198415	0001562230	028-15076			Capital International Investors
0001667731-25-000782	198434	0000354204		000106482	801-16283	DIMENSIONAL FUND ADVISORS LP
0001996846-25-000009	198413	0000912938	028-04968			MASSACHUSETTS FINANCIAL SERVICES CO /MA/
0001996846-25-000009	198414	0001177206	028-10229			LOS ANGELES CAPITAL MANAGEMENT LLC
0001996846-25-000009	198412	0001343498	028-11524			Manulife Investment Management Ltd
0001996846-25-000009	198411	0001330387	028-11416			Amundi
0001104659-25-067167	198404	0001647273	028-18148			Perpetual Ltd
0001104659-25-067164	198438	0000940755	028-14777			J O HAMBRO CAPITAL MANAGEMENT LTD
0001104659-25-067164	198437	0001647273	028-18148			Perpetual Ltd
0001104659-25-067161	198429	0001647273	028-18148			Perpetual Ltd
0001104659-25-067160	198418	0001647273	028-18148			Perpetual Ltd
0000950123-25-006292	198372		28-14494		28-14494	Cisco Systems, Inc.
0001085146-25-003721	198378	0001761755	028-19141	000288576	801-110591	TOWNSQUARE CAPITAL LLC
0001980695-25-000006	198376	0001843715	028-20566	000151001	801-70420	Latitude Advisors, LLC
0001980695-25-000006	198375	0001744347	028-19675	000286622	801-114538	Vident Advisory, LLC
0001104659-25-066926	198374	0001132597	028-17515			Itau Unibanco Holding S.A.
0001213900-25-062610	198373	0001510281	028-14282	000154362	801-71740	Saba Capital Management, L.P.
0001214659-25-010241	198385	0001013538	028-05496	000105444		EDGAR LOMAX CO/VA
0001214659-25-010241	198383	0001943239	028-23188	000310355	801-119868	V-Square Quantitative Management LLC
0001214659-25-010241	198379	0001740316	028-18752	000142917	801-67534	Gifford Fong Associates
0001214659-25-010241	198380	0001637541	028-16847	000111126	801-51407	XPONANCE, INC.
0001214659-25-010241	198382	0001505961	028-14043	000120679	801-66165	Decatur Capital Management, Inc.
0001214659-25-010241	198381	0001442641	028-13158	000131704	801-64653	Legato Capital Management LLC
0001214659-25-010241	198384	0001302404	028-11090	000128450	801-62371	Channing Capital Management, LLC
0001667731-25-000765	198377	0002003570	028-23673	000164173	801-81122	BCU Wealth Advisors, LLC
0001999371-25-008916	198340	0001005817	028-05097			TOMPKINS FINANCIAL CORP
0002055344-25-000003	198339	0002052594	028-25159			BLI - Banque de Luxembourg Investments
0001755765-25-000005	198357		028-05602			Bradley, Foster & Sargent
0001755765-25-000005	198362		028-03298			R.M. Davis
0001755765-25-000005	198361		028-24013			Cove Private Wealth
0001755765-25-000005	198360		028-11543			Advisors Capital Management
0001755765-25-000005	198359		028-00126			Glenmede Trust Co
0001755765-25-000005	198358		028-18952			RMC Investment Advisors
0001755765-25-000004	198367		028-24013			Cove Private Wealth
0001755765-25-000004	198368		028-03298			R.M. Davis
0001755765-25-000004	198366		028-11543			Advisors Capital Management
0001755765-25-000004	198365		028-00126			Glenmede Trust Co
0001755765-25-000004	198364		028-18952			RMC Investment Advisors
0001755765-25-000004	198363		028-05602			Bradley, Foster & Sargent
0001755765-25-000003	198345		028-18952			RMC Investment Advisors
0001755765-25-000003	198344		028-05602			Bradley, Foster & Sargent
0001755765-25-000003	198349		028-03298			R.M. Davis
0001755765-25-000003	198346		028-00126			Glenmede Trust Co
0001755765-25-000003	198347		028-11543			Advisors Capital Management
0001755765-25-000003	198348		028-24013			Cove Private Wealth
0001800914-25-000012	198356	0001793755	028-19808			Banque Cantonale Vaudoise
0001018399-25-000097	198341	0001770710	028-19476			Enterprise Bank & Trust Co
0001085146-25-003627	198350	0001911832	028-22291	000145706	801-69970	Forum Financial Management, LP
0001996846-25-000008	198352	0001330387	028-11416			Amundi
0001996846-25-000008	198353	0001343498	028-11524			Manulife Investment Management Ltd
0001996846-25-000008	198355	0001177206	028-10229			LOS ANGELES CAPITAL MANAGEMENT LLC
0001996846-25-000008	198354	0000912938	028-04968			MASSACHUSETTS FINANCIAL SERVICES CO /MA/
0001085146-25-003614	198351	0001510481	028-14146			Sarasin & Partners LLP
0001085146-25-003613	198370	0001086483	028-04587	000110897	801-40592	ZACKS INVESTMENT MANAGEMENT
0001085146-25-003613	198369	0001082917	028-04145	000121942	801-61559	GW&K Investment Management, LLC
0001085146-25-003613	198371	0001644956	028-17022	000173961	801-80640	WILLIAM BLAIR INVESTMENT MANAGEMENT, LLC
0001062993-25-012648	198342	0000932859	028-04558			PARAMETRIC PORTFOLIO ASSOCIATES LLC
0000930413-25-002128	198343	0002067696				Wealth Enhancement Trust Services, LLC
0001577401-25-000003	198338		028-03140			HSBC Holdings PLC
0002042059-25-000004	198326	0001592828	028-17729			Empowered Funds, LLC
0000950123-25-006207	198329		028-19833			Medicxi Ventures Management (Jersey) Ltd
0001965915-25-000006	198328	0001167557	028-10120	000111883	801-55543	AQR CAPITAL MANAGEMENT LLC
0001667731-25-000736	198333	0001082917	028-04145	000121942	801-61559	GW&K Investment Management, LLC
0001667731-25-000736	198335	0001507115	028-14137	000110297	801-52751	Madison Investment Advisors, LLC
0001667731-25-000736	198334	0000928196	028-04434	000104543	801-36845	HARDING LOEVNER LP
0001667731-25-000736	198332	0000790502	028-01666	000110653	801-21343	EAGLE ASSET MANAGEMENT INC
0001667731-25-000736	198331	0001348883	028-11611	000137028	801-64710	Clearbridge Investments, LLC
0001667731-25-000736	198330	0000823621	028-01398	000115093	801-60541	CAMBIAR INVESTORS LLC
0001276918-25-000008	198336	0000019481	028-00085	000106982	801-5995	Virtus Investment Advisers, LLC
0001276918-25-000008	198337	0001319111	028-11308	000107346	801-23163	VIRTUS CAPITAL ADVISERS, LLC
0001601622-25-000006	198327	0000932859	028-04558			PARAMETRIC PORTFOLIO ASSOCIATES LLC
0001132217-25-000005	198324	0000764106	028-04029			FIRST HAWAIIAN BANK
0001577929-25-000005	198320		028-03140			HSBC Holding PLC
0000950123-25-006180	198325		028-22085			John & Kathleen Schreiber Foundation
0001420506-25-001474	198323					UBS ASSET MANAGEMAENT AMERICAS INC
0001420506-25-001474	198321					BlackRock Investment Management (uk) Ltd.
0001420506-25-001474	198322					State Street Global Advisors LTD
0001085146-25-003476	198314	0001335644	028-11461			SCOTIA CAPITAL INC.
0001085146-25-003476	198311	0001483272	028-13705			1832 Asset Management L.P.
0001085146-25-003476	198312	0001335382	028-11459			Bank Of Nova Scotia Trust Co
0001085146-25-003476	198313	0001123778	028-06075			Jarislowsky, Fraser Ltd
0001085146-25-003475	198306	0001483272	028-13705			1832 Asset Management L.P.
0001085146-25-003475	198307	0001335382	028-11459			Bank Of Nova Scotia Trust Co
0001085146-25-003475	198308	0001123778	028-06075			Jarislowsky, Fraser Ltd
0001085146-25-003475	198309	0001335644	028-11461			SCOTIA CAPITAL INC.
0001673962-25-000004	198310	0000927971	028-07640			BANK OF MONTREAL /CAN/
0000796370-25-000010	198302	0000916542	028-05990			ACADIAN ASSET MANAGEMENT LLC
0002016827-25-000005	198301	0001744347	028-19675	000286622	801-114538	Vident Advisory, LLC
0002026124-25-000005	198305		028-14840			Gradient Investments LLC
0002037979-25-000003	198303	0001536105	028-14987	000159256	801-7287	Magellan Asset Management Ltd
0001547676-25-000004	198304	0000946431	028-24145			Swedbank AB
0000948046-25-000090	198300	0001692234	028-17598			Russell Investments Group, Ltd.
0000769993-25-000342	198299	0001055957	028-06738	000106693	801-48238	GOLDMAN SACHS WEALTH SERVICES, L.P.
0000948046-25-000088	198298	0001692234	028-17598			Russell Investments Group, Ltd.
0001977052-25-000002	198281	0001540235	028-14616	000105348	801-18564	Creative Planning
0000919574-25-003674	198282	0001690451	028-25639			Teleios Capital Partners GmbH
0000919574-25-003668	198280	0001690451	028-25639			Teleios Capital Partners GmbH
0001172661-25-002446	198279	0001846644	028-21035	000161527		WestBridge Capital Management, LLC
0001667731-25-000681	198278	0002012034	028-23829	000321742	801-127144	Sollinda Capital Management LLC
0000948046-25-000086	198270	0001692234	028-17598			Russell Investments Group, Ltd.
0001140361-25-022171	198267	0001055964	028-06746	000110814	801-24357	NOMURA ASSET MANAGEMENT CO LTD
0001140361-25-022169	198263	0001055964	028-06746	000110814	801-24357	NOMURA ASSET MANAGEMENT CO LTD
0001140361-25-022170	198266	0001055964	028-06746	000110814	801-24357	NOMURA ASSET MANAGEMENT CO LTD
0001140361-25-022168	198265	0001055964	028-06746	000110814	801-24357	NOMURA ASSET MANAGEMENT CO LTD
0001140361-25-022167	198268	0001055964	028-06746	000110814	801-24357	NOMURA ASSET MANAGEMENT CO LTD
0001140361-25-022166	198264	0001055964	028-06746	000110814	801-24357	NOMURA ASSET MANAGEMENT CO LTD
0001462284-25-000007	198262	0000720005	028-24793		001-09109	RAYMOND JAMES FINANCIAL INC
0001462284-25-000006	198269	0000720005	028-24793		001-09109	RAYMOND JAMES FINANCIAL INC
0000950123-25-005989	198260		028-05050	000106793	801-48923	Oaktree Capital Management, L.P.
0000950123-25-005989	198261		028-21340	000290193	801-112570	Oaktree Fund Advisors, LLC
0000950123-25-005991	198259		028-21340	000290193	801-112570	Oaktree Fund Advisors, LLC
0000950123-25-005991	198258		028-05050	000106793	801-48923	Oaktree Capital Management, L.P.
0000036644-25-000004	198240		028-22612			0001941030
0000036644-25-000004	198241		028-13245			0001441888
0000948046-25-000084	198239	0001692234	028-17598			Russell Investments Group, Ltd.
0001848237-25-000002	198238	0001444864	028-25022	000127401		STRAIGHTLINE GROUP LLC
