ACCESSION_NUMBER	SEQUENCENUMBER	CIK	FORM13FFILENUMBER	CRDNUMBER	SECFILENUMBER	NAME
0001772937-25-000014	2	0001692067	028-19462	000111838	801-57641	Tolleson Private Wealth Management, LP
0001772937-25-000014	1	0001772938	028-19461			TPWM Services, Inc.
0001772937-25-000014	3	0001803279	028-25384			Tolleson Private Bank
0001628280-25-041269	1		028-18621			METLIFE INC
0001772937-25-000013	2	0001692067	028-19462	000111838	801-57641	Tolleson Private Wealth Management, LP
0001772937-25-000013	1	0001772938	028-19461			TPWM Services, Inc.
0001772937-25-000013	3	0001803279	028-25384			Tolleson Private Bank
0002080520-25-000010	1					ABN AMRO Bank N.V.
0001642575-25-000008	1		028-016942	000017391	802-80887	Squarepoint Capital LLP
0001642575-25-000008	2		028-25593			Squarepoint (DIFC) Limited
0001642575-25-000007	1		028-16942	000017391	802-80887	Squarepoint Capital LLP
0001642575-25-000007	2		028-25593			Squarepoint (DIFC) Limited
0000950123-25-008580	3		028-14970			Thrivent Trust Company
0000950123-25-008580	2		028-10230	000018387	801-29618	Thrivent Investment Management Inc
0000950123-25-008580	1		028-11983	000137751	801-64988	Thrivent Asset Management, LLC
0000950123-25-008580	4		028-20554	000304569	801-117013	Thrivent Advisor Network, LLC
0000950123-25-008570	3		028-14970			Thrivent Trust Company
0000950123-25-008570	2		028-10230	000018387	801-29618	Thrivent Investment Management Inc
0000950123-25-008570	1		028-11983	000137751	801-64988	Thrivent Asset Management, LLC
0000950123-25-008570	4		028-20554	000304569	801-117013	Thrivent Advisor Network, LLC
0001415889-25-022914	1	0001469000	028-13575	000149822	801-70009	NB Alternatives Advisers LLC
0001415889-25-022914	2	0001230440	028-17085	000124687	801-61757	Neuberger Berman Investment Advisers LLC
0001415889-25-022914	3	0001640762	028-16869	000154286	801-71669	Neuberger Berman Asia Ltd
0001415889-25-022914	4	0001497372	028-13985			Neuberger Berman Trust Co N.A.
0001415889-25-022914	5	0001497476	028-13986			Neuberger Berman Trust Co of Delaware N.A.
0001415889-25-022914	7	0001944468	028-22653			Neuberger Berman Taiwan (SITE) Ltd
0001415889-25-022914	6	0001531987	028-15258	000284803	801-108509	Neuberger Berman Canada ULC
0001725547-25-003737	1		28-16841	000014822	801-71114	GeoWealth Management, LLC
0001725547-25-003736	1		28-16841	000014822	801-71114	GeoWealth Management, LLC
0002056334-25-000003	1	0001767307	028-19136	000289977	801-111814	Robertson Stephens Wealth Management, LLC
0002056334-25-000003	2	0001800245	028-20215	000113348	801-63874	NATURAL INVESTMENTS, LLC
0002056334-25-000003	6	0001592828	028-17729	000171412	801-79835	Empowered Funds, LLC
0002056334-25-000003	4	0001724269	028-18626	000288300	801-110455	LAKE STREET ADVISORS GROUP, LLC
0002056334-25-000003	5	0001744347	028-19675	000286622	801-114538	Vident Advisory, LLC
0002056334-25-000003	3	0001731444	028-18648	000283087	801-107829	MGO ONE SEVEN LLC
0001085146-25-005395	1	0001169683	028-25735			OAKLAND FINANCIAL CORP
0001085146-25-005396	1	0001169683	028-25735			OAKLAND FINANCIAL CORP
0001140361-25-032020	1		28-20053	000160328	802-75591	Mirabella Financial Services LLP
0001140361-25-031918	1	0001727111	028-18531			EnTrust Global Partners Offshore LP
0001140361-25-031914	1	0001727111	028-18531			EnTrust Global Partners Offshore LP
0001140361-25-031910	1	0001727111	028-18531			EnTrust Global Partners Offshore LP
0001140361-25-031907	1	0001727111	028-18531			EnTrust Global Partners Offshore LP
0001140361-25-031905	1	0001727111	028-18531			EnTrust Global Partners Offshore LP
0001997464-25-000052	3	0002048490		000090182	26-00424	Marex Securities Products Inc.
0001997464-25-000052	4					MAREX PRIME SERVICES LIMITED
0001997464-25-000052	2	0001540527		000161014	8-36039	MAREX CAPITAL MARKETS INC.
0001997464-25-000052	1					MAREX FINANCIAL
0001573876-25-000016	9	0001407543				ENVESTNET ASSET MANAGEMENT INC
0001573876-25-000016	5	0001562855	028-15091			Clarkston Capital Partners, LLC
0001573876-25-000016	12	0001521019	028-14498			Nuveen Asset Management, LLC
0001573876-25-000016	16	0001999827	028-23441			SYNTAX RESEARCH, INC.
0001573876-25-000016	18	0000859804	028-05973			WEDGEWOOD PARTNERS INC
0001573876-25-000016	19	0001086483	028-04587			ZACKS INVESTMENT MANAGEMENT
0001573876-25-000016	22	0001501902	028-14153			Charles Schwab Investment Advisory, Inc.
0001573876-25-000016	23	0001021223	028-05792			KAYNE ANDERSON RUDNICK INVESTMENT MANAGEMENT LLC
0001573876-25-000016	24	0001600999	028-16090			MANAGED ASSET PORTFOLIOS, LLC
0001573876-25-000016	25	0001598416				Astor Investment Management LLC
0001573876-25-000016	26	0001504492	028-14071			St. James Investment Company, LLC
0001573876-25-000016	28	0001034524	028-03687			POLEN CAPITAL MANAGEMENT LLC
0001573876-25-000016	30	0001554656	028-15157			Raub Brock Capital Management LP
0001573876-25-000016	31	0001056593	028-04691			SCHAFER CULLEN CAPITAL MANAGEMENT INC
0001573876-25-000016	32	0001020617	028-03511			ROOSEVELT INVESTMENT GROUP LLC
0001573876-25-000016	33	0000932859	028-04558			PARAMETRIC PORTFOLIO ASSOCIATES LLC
0001573876-25-000016	34	0001541743	028-14668			Copeland Capital Management, LLC
0001573876-25-000016	36	0001730242				55I, LLC
0001573876-25-000016	39	0001532842				BTS Asset Management, Inc.
0001573876-25-000016	40	0000872163	028-02824			NAVELLIER & ASSOCIATES INC
0001573876-25-000016	41	0000897378	028-03434			CONGRESS ASSET MANAGEMENT CO
0001573876-25-000016	43	0001305227	028-12016			BlackRock Investment Management, LLC
0001573876-25-000016	45	0001376772	028-12076			Dorsey Wright & Associates
0001573876-25-000016	46	0001780570				Ethic Inc.
0001573876-25-000016	48	0000052388				AMERICAN CENTURY INVESTMENT MANAGEMENT INC
0001573876-25-000016	49	0001664193				Aptus Capital Advisors, LLC
0001573876-25-000016	50	0001109448				ALLIANCEBERNSTEIN L.P.
0001573876-25-000016	51	0001113802				ADHESION WEALTH ADVISOR SOLUTIONS, INC.
0001573876-25-000016	52	0001086433	028-04377			FEDERATED INVESTMENT MANAGEMENT CO
0001573876-25-000016	53	0001145263				TCW INVESTMENT MANAGEMENT Co LLC
0001573876-25-000016	54	0001114667	028-05775			Brown Advisory LLC
0001573876-25-000016	60	0001535578				Weatherstone Capital Management
0001573876-25-000016	61	0000928196	028-04434			HARDING LOEVNER LP
0001573876-25-000016	63	0001061186	028-07104			WCM INVESTMENT MANAGEMENT, LLC
0001573876-25-000016	66	0001845469	028-20672			First Trust Direct Indexing L.P.
0001573876-25-000016	71	0001385494	028-12283			Fidelity Institutional Asset Management Trust Co
0001573876-25-000016	72	0001365167	028-11952			DIVIDEND ASSETS CAPITAL, LLC
0001573876-25-000016	73	0001535865				Atria Investments, Inc
0001573876-25-000016	74	0001767306	028-20247			Vanguard Personalized Indexing Management, LLC
0001573876-25-000016	75	0001710477				CANTOR FITZGERALD INVESTMENT ADVISORS L.P.
0001573876-25-000016	4	0001409108	028-12558			FRANKLIN TEMPLETON PRIVATE PORTFOLIO GROUP, LLC
0001573876-25-000016	2	0001093589	028-05119			ALTA CAPITAL MANAGEMENT LLC/
0001573876-25-000016	7	0000790502				EAGLE ASSET MANAGEMENT INC
0001573876-25-000016	6	0001442056	028-13334			CONFLUENCE INVESTMENT MANAGEMENT LLC
0001573876-25-000016	11	0001483964	028-13809			LADENBURG THALMANN ASSET MANAGEMENT
0002013988-25-000006	1	0000907692		000105146	801-24593	SEI INVESTMENTS MANAGEMENT CORP
0001398344-25-016064	2		028-02426			PITCAIRN TRUST COMPANY LLC
0001398344-25-016064	3		028-11035			PITCAIRN FINANCIAL GROUP LLC
0001393825-25-000066	1	0002033916	028-24328			Hudson Bay Capital UK LLP
0000905148-25-003029	4	0001577010	028-15494			NOMURA GLOBAL FINANCIAL PRODUCTS INC
0000905148-25-003029	2	0001054306	028-04985			NOMURA INTERNATIONAL PLC
0000905148-25-003029	1	0000902266	028-04983	000004297	801-72991	NOMURA SECURITIES INTERNATIONAL INC
0000927337-25-000022	1	0001542456	028-17506			Wolverine Holdings, L.P.
0000950123-25-008518	1		028-12864		802-75616	Spinnaker Asset Management - SAM Limited
0001449434-25-000008	1		28-13441			Apollo Capital Management, L.P.
0001085146-25-005340	5	0001297254	028-10977			Westwood Advisors, L.L.C.
0001085146-25-005340	4	0001607760	028-16988			Westwood Trust
0001085146-25-005340	2	0000949471	028-05046			WESTWOOD MANAGEMENT CORP /TX
0001085146-25-005340	6	0001095952	028-06435			BROADMARK ASSET MANAGEMENT LLC
0002067357-25-000002	5	0002067357				NATIONAL BANK INVESTMENTS INC.
0002067357-25-000002	4	0002027699				NATIONAL BANK TRUST INC.
0002067357-25-000002	3	0002030060				NBC Global Finance Ltd
0002067357-25-000002	2	0000835587				NATIONAL BANK OF CANADA FINANCIAL INC.
0002067357-25-000002	1	0002028017				National Bank Financial Inc.
0001398344-25-015983	1	0001698222	028-17971	000104557	801-55119	Pacific Center for Financial Services
0001420506-25-002211	3	0002032658	028-24296			American Family Investments Holdings, Inc.
0001420506-25-002211	1	0001803213	028-20014			AmFam Holdings, Inc.
0001420506-25-002211	2	0000351040	028-00997			AMERICAN FAMILY MUTUAL INSURANCE COMPANY, S.I.
0001420506-25-002211	4	0001803089	028-20013			American Family Insurance Mutual Holding Co
0001848237-25-000004	1	0001444864	028-25022	000127401		STRAIGHTLINE GROUP LLC
0002056532-25-000006	1					SEI
0001848237-25-000003	1	0001444864	028-25022	000127401		STRAIGHTLINE GROUP LLC
0002009539-25-000010	2	0001335730				MIZUHO FINANCIAL GROUP INC
0002009539-25-000010	1	0001294591				Rakuten Group, Inc.
0002009539-25-000010	3	0001520309				Mizuho Securities Co. Ltd.
0001172661-25-003626	7	0000932859	028-04558	000114310	801-60485	PARAMETRIC PORTFOLIO ASSOCIATES LLC
0001532155-25-000165	11	0001965856	028-23248	000322513	801-126365	Equitable Investment Management, LLC
0001532155-25-000165	5	0001536185	028-14633	000156933	801-126365	Equitable Investment Management Group, LLC
0001532155-25-000165	10	0000033179	028-20164	000006627	801-14065	EQUITABLE ADVISORS, LLC
0000895421-25-000499	17	0000932859	028-04558			PARAMETRIC PORTFOLIO ASSOCIATES LLC
0000895421-25-000499	10	0001399427	028-12509			Morgan Stanley Strategic Investments, Inc
0000895421-25-000499	15	0001790614	028-25325			MS Credit Partners Holdings Inc.
0000895421-25-000499	14	0001697376	028-17710			Morgan Stanley Bank Asia Ltd
0000895421-25-000499	9	0001466170	028-13935			MORGAN STANLEY SMITH BARNEY LLC
0000895421-25-000499	13	0001767825	028-19344			Morgan Stanley Wealth Management Australia Pty Ltd
0000895421-25-000499	12	0001599632	028-15873			Fundlogic Sas
0000895421-25-000499	11	0001340040	028-11533			MORGAN STANLEY LATAM LLC
0000895421-25-000499	24	0002011230	028-23757			Eaton Vance Trust Co
0000895421-25-000499	23	0001535639	028-15520			MS Capital Partners Adviser Inc
0000895421-25-000499	22	0001966572	028-23139			Eaton Vance Advisers International Ltd
0000895421-25-000499	1	0000924186	028-04312			MORGAN STANLEY & CO INTERNATIONAL PLC
0000895421-25-000499	2	0001359291	028-11873			MORGAN STANLEY & CO. LLC
0000895421-25-000499	3	0001442737	028-13197			Morgan Stanley Canada LTD
0000895421-25-000499	4	0001891397	028-21416			MORGAN STANLEY CAPITAL SERVICES, LLC
0000895421-25-000499	21	0000910820	028-23040			BOSTON MANAGEMENT & RESEARCH
0000895421-25-000499	5	0001230207	028-14710			MORGAN STANLEY AIP GP LP
0000895421-25-000499	6	0001270238	028-11366			MORGAN STANLEY INVESTMENT MANAGEMENT CO
0000895421-25-000499	7	0001230193	028-11866			MORGAN STANLEY INVESTMENT MANAGEMENT INC
0000895421-25-000499	8	0001358504	028-11867			Morgan Stanley Investment Management LTD
0000895421-25-000499	20	0001027817	028-05936			ATLANTA CAPITAL MANAGEMENT CO L L C
0000895421-25-000499	19	0001717509	028-23036			Calvert Research & Management
0000895421-25-000499	18	0001076598	028-04139			EATON VANCE MANAGEMENT
0000895421-25-000499	16	0001871769	028-22054			Morgan Stanley Bank, N.A.
0002027344-25-000009	1	0002027344				Koch, Inc.
0001533421-25-000013	4	0001925409	028-23772	000319604	08-70919	TOWER PRINCIPAL MARKETS LLC
0001533421-25-000013	2	0001533423	028-15418	000150887	8-68304	Latour Trading LLC (Latour)
0001533421-25-000013	1	0001569605	028-15417			Tower Research Capital Investments LLC
0000950123-25-008451	3					Walgreens Boots Alliance Holdings LLC
0000950123-25-008451	2					WBA Investments, Inc.
0000950123-25-008451	1					Walgreen Co.
0001405086-25-000223	2	0001317338	028-11224			Avenue Capital Management II, L.P.
0001405086-25-000223	1	0001389850	028-12377			Avenue Capital Management II GenPar, LLC
0001178913-25-002938	2	0001783644	028-19552			ION Tech Ltd
0001178913-25-002938	1	0001667024	028-17382			Ion Value Management Ltd.
0001694126-25-000005	1	0001640161	028-17719			Harvest Global Investments Ltd
0000950123-25-008452	7		028-23148	000316590	801-122588	Brookfield Renewable Energy Group LLC
0000950123-25-008452	6		028-21426	000312792	801-120634	Brookfield Asset Management Credit and Insurance Solutions Advisor LLC
0000950123-25-008452	4		028-14362	000151605	801-70688	Brookfield Asset Management Private Institutional Capital Adviser (Canada), LLC
0000950123-25-008452	3		028-16296	000170811	801-79456	Brookfield Asset Management Private Institutional Capital Adviser (Credit), LLC
0000950123-25-008452	2		028-16270	000151599	801-72031	Brookfield Asset Management Private Institutional Capital Adviser US, LLC
0000950123-25-008452	1		028-13826	000110497	801-34605	Brookfield Public Securities Group LLC
0001454502-25-000009	1	0001387292	028-13332			Hawk Hill Capital Partners LP
0001046192-25-000013	3	0001657987	028-17019			Canada Life Asset Management Ltd
0001046192-25-000013	2	0001620577	028-17009			SETANTA ASSET MANAGEMENT LTD
0001046192-25-000013	1	0001427274	028-13014			Irish Life Investment Managers Ltd.
0000950123-25-008452	5		028-17298	000171207	801-79916	Brookfield Asset Management Private Institutional Capital Adviser (Private Equity), LLC
0001667731-25-001131	1	0001051487		000044430	801-57302	FIRST CITIZENS INVESTOR SERVICES, INC.
0001172661-25-003539	3	0001885404	028-21650	000317143	801-130693	HST Ventures, LLC
0001172661-25-003539	4	0001761663	028-20034	000300124	801-121911	Jade Capital Advisors, LLC
0001172661-25-003539	1	0001848800	028-22182	000291563		North Rock Capital Management, LLC
0001172661-25-003539	2	0002004655	028-23834	000314524		North Rock Capital Management (UK) LLP
0001739439-25-000022	1	0000315123				ROCKEFELLER & CO. LLC
0001739439-25-000022	3	0001292819				Rockefeller Trust Co (Delaware)
0001739439-25-000022	4	0001723502				ROCKEFELLER FINANCIAL LLC
0001739439-25-000022	2	0000866998				ROCKEFELLER TRUST COMPANY, N.A.
0000950123-25-008439	1					First Financial Trust & Asset Management Company 
0000850401-25-000019	2	0000096616	028-00787			TCW ASSET MANAGEMENT CO LLC
0000850401-25-000019	1	0001145263	028-06683			TCW INVESTMENT MANAGEMENT Co LLC
0000850401-25-000019	4	0001491464	028-13907			Metropolitan West Asset Management, LLC
0000850401-25-000019	5		028-16475			SEI INVESTMENT MANAGEMENT CORPORATION
0000850401-25-000019	6		028-15025			THE CARLYLE GROUP, L.P.
0000850401-25-000019	3		028-12230			ALPS ADVISORS, INC.
0000850401-25-000019	8		028-10998			GUIDESTONE CAPITAL MANAGEMENT, LLC
0000850401-25-000019	7	0001695932	028-17676			Sepulveda Management LLC
0000720005-25-000073	16	0000916490			811-08228	TIMOTHY PLAN
0000720005-25-000073	15	0000919086	028-04108			PEAR TREE ADVISORS INC
0000720005-25-000073	14	0001125816	028-06487			FIRST TRUST ADVISORS LP
0000720005-25-000073	11	0001715163	028-18365			CARILLON TOWER ADVISERS, INC.
0000720005-25-000073	9	0001582681	028-20231			Alaska Permanent Fund Corp
0000720005-25-000073	8	0001927067	028-22532			RAYMOND JAMES TRUST CO. OF NH
0000720005-25-000073	7	0001088950	028-05081			RAYMOND JAMES TRUST N.A.
0000720005-25-000073	6	0001616525	028-16224			CHARTWELL INVESTMENT PARTNERS, LLC
0000720005-25-000073	5	0000790502	028-01666			EAGLE ASSET MANAGEMENT INC
0000720005-25-000073	4	0001388167	028-12126			ClariVest Asset Management LLC
0000720005-25-000073	3	0001161927	028-10260	000111787	801-60188	SCOUT INVESTMENTS, INC.
0000720005-25-000073	2	0001462284	028-13494	000149018	801-10418	Raymond James Financial Services Advisors, Inc.
0000720005-25-000073	1	0001084208	028-04393	000000705	801-69815	RAYMOND JAMES & ASSOCIATES
0001273087-25-000029	1	0001273087	028-10684			MILLENNIUM MANAGEMENT LLC
0001140361-25-031304	1	0001727111	028-18531			EnTrust Global Partners Offshore LP
0001502149-25-000023	1		028-00136			Transamerica Corp
0001013594-25-001045	2		028-16332			Elliott International, L.P.
0001013594-25-001045	1		028-04724			Elliott Associates, L.P.
0000950123-25-008437	5		028-17298	000171207	801-79916	Brookfield Asset Management Private Institutional Capital Adviser (Private Equity), LLC
0000950123-25-008437	1		028-13826	000110497	801-34605	Brookfield Public Securities Group LLC
0000950123-25-008437	3		028-16296	000170811	801-79456	Brookfield Asset Management Private Institutional Capital Adviser (Credit), LLC
0000950123-25-008437	4		028-14362	000151605	801-70688	Brookfield Asset Management Private Institutional Capital Adviser (Canada), LLC
0000950123-25-008437	7		028-23148	000316590	801-122588	Brookfield Renewable Energy Group LLC
0000950123-25-008437	6		028-21426	000312792	801-120634	Brookfield Asset Management Credit and Insurance Solutions Advisor LLC
0000950123-25-008437	2		028-16270	000151599	801-72031	Brookfield Asset Management Private Institutional Capital Adviser US, LLC
0001543170-25-000008	1	0001797827	028-20285			Spruce House Partnership LLC
0001104659-25-078755	3	0000878520	028-18782			Hilltop Securities Holdings LLC
0001104659-25-078755	2	0001534401	028-15369			PlainsCapital Bank
0001104659-25-078755	1	0001569620	028-15365			PlainsCapital Corp
0001104659-25-078755	4	0000891055	028-18780	000006220	801-55529	HILLTOP SECURITIES INC.
0001104659-25-078749	3	0001968770	028-23161			Jasopt Investments Bahamas Ltd
0001104659-25-078749	2	0002034460	028-24354			CPIL2 Partnership
0001104659-25-078749	1	0002034748	028-24355			Consolidated Press International Ltd
0001273087-25-000028	2	0001426818	028-12858			MILLENNIUM GLOBAL ESTATE GP LLC
0001273087-25-000028	1	0001426821	028-12854			MILLENNIUM INTERNATIONAL MANAGEMENT LP
0001345471-25-000028	1	0000928265	028-11639	001934519		PELTZ NELSON
0001345471-25-000028	3	0001345472	028-12040			Trian Fund Management GP, LLC
0001345471-25-000028	2	0000928264	028-11640	001934520		MAY PETER W
0001103882-25-000008	1	0001633870	028-16676			Paloma Partners Advisors LP
0001595888-25-000117	1	0001450698	028-13277	000103782		Jane Street Capital, LLC
0001595888-25-000117	2	0001450709	028-13276	000134159		Jane Street Options, LLC
0001595888-25-000117	3	0001450705	028-13275			Jane Street Global Trading, LLC
0001595888-25-000117	4	0001556329	028-15040			JSOIN (BVI), Ltd.
0001595888-25-000117	5	0001907807	028-22194			Jane Street Europe Ltd
0001595888-25-000117	6	0002057057	028-25383			Jane Street Singapore Pte. Ltd
0001415889-25-021935	1	0001018331	028-05788	000106800	801-48408	NATIXIS ADVISORS, LLC
0001172661-25-003522	1	0001840256		000308983	801-118833	UX Wealth Partners LLC
0001112520-25-000019	1	0001697927	028-17748			Braddock Partners Offshore, LP
0001568280-25-000004	1	0002028828	028-24821			Wealth High Governance Capital Ltda
0000947871-25-000769	1	0001646198	028-23947			Olayan Investments Co Establishment
0000947871-25-000769	4	0002056430	028-25334			CREL/OAC L.L.C.
0000947871-25-000769	3	0002012113	028-23944			Olayan Asia Pacific Pte. Ltd.
0000947871-25-000769	2	0001707738	028-23943			Competrol Establishment
0001012975-25-000452	1	0001512396	028-14351			Knighthead GP, LLC
0001012975-25-000452	2	0001512348	028-14353			Wagner Thomas
0001012975-25-000452	3	0001512398	028-14354			Cohen Ara
0001012975-25-000452	8	0001994746				Knighthead Opportunities Capital Management, LLC
0001012975-25-000452	5	0001807622	028-22049	000296928	801-113247	Certares Management LLC
0001012975-25-000452	6	0001295598	028-22347			OHara Michael Gregory
0001012975-25-000452	7	0001446492	028-22348			FARMER COLIN MICHAEL
0001012975-25-000452	4	0001871984	028-22003			Certares Opportunities LLC
0001140361-25-031284	1	0001687163	028-17865			Yorktown XI Associates LLC
0001140361-25-031284	2	0001698089	028-17928			Yorktown XI Co LP
0001140361-25-031280	1	0001526187	028-17866			Yorktown IX Associates LLC
0001140361-25-031280	2	0001689134	028-17867			Yorktown IX Co LP
0001140361-25-031278	1	0001687161	028-17863			Yorktown X Associates LLC
0001140361-25-031278	2	0001688467	028-17862			Yorktown X Co LP
0000950123-25-008429	1		028-20833			Fan Yu
0001172661-25-003514	1	0001157524	028-10410	000120188	801-61952	ORBIMED CAPITAL LLC
0001999371-25-011373	1	0001299903	028-12502			Clough Charles JR
0000919574-25-004911	1	0001096344	028-12444			FAIRHOLME FUNDS INC
0001085146-25-005298	1	0001903793	028-22121			TPG GP A, LLC
0000905148-25-002957	1	0001965574	028-24302	000110689	801-56548	Commonfund OCIO, Inc.
0000921895-25-002303	1	0001334430	028-14882	004446157		BIGLARI, SARDAR
0000921895-25-002303	3	0001580602	028-16045			LION FUND II, L.P.
0000921895-25-002303	2	0001334426	028-15398			LION FUND, L.P.
0000950123-25-008419	1		028-20833			Fan Yu
0000919574-25-004906	2	0000913998	028-13433			TIG ARBITRAGE ASSOCIATES MASTER FUND, L.P.
0000919574-25-004906	1	0001633435	028-16696			TIG Arbitrage Enhanced Master Fund, L.P.
0000919574-25-004905	1	0001317587	028-11159			ABRAMS BISON PARTNERS, LP
0000905148-25-002950	1	0001536054	028-14917	000122711	801-61607	Crestline Management, LP
0001363829-25-000154	1					Cavello Bay Reinsurance LTD
0001104659-25-078660	4	0001684755	028-17562	000168076		Ares Capital Management III LLC
0001104659-25-078660	3	0001793548	028-21339	000300579		ASOF Investment Management LLC
0001104659-25-078660	2	0001683967	028-18943	000296726		ASSF Operating Manager IV, L.P.
0001104659-25-078660	1	0001684171	028-18057	000296665		ACOF Investment Management LLC
0000950123-25-008414	8					Deer X & Co. L.P.
0000950123-25-008414	7					Deer IX & Co. L.P.
0000950123-25-008414	6					Deer VIII & Co. L.P.
0000950123-25-008414	4					Deer X & Co. Ltd. 
0000950123-25-008414	5					Deer VII & Co. L.P.
0000950123-25-008414	3					Deer IX & Co. Ltd. 
0000950123-25-008414	1					Deer VII & Co. Ltd. 
0000950123-25-008414	2					Deer VIII & Co. Ltd. 
0000905148-25-002948	5	0001771136	028-24493			EGI-AM Investments, L.L.C.
0000905148-25-002948	4	0001504277	028-18176			KMJZ Investments, L.L.C.
0001012975-25-000450	1	0001378377	028-13948			Southpoint Capital Advisors LLC
0001012975-25-000450	4	0001378379	028-13950			Clark John Smith II
0001012975-25-000450	3	0001378378	028-13952			Southpoint GP, LLC
0001012975-25-000450	2	0001378376	028-13953			Southpoint GP, LP
0000905148-25-002945	2	0001910877	028-21819	000300668	802-117783	SONA ASSET MANAGEMENT (UK) LLP
0000905148-25-002945	1	0001103882	028-05431	000138460	801-72796	Paloma Partners Management Co
0000905148-25-002941	1	0001512859	028-14381	000161294	802-74950	Brevan Howard Investment Products Ltd
0000905148-25-002941	2	0002080817		000336211	802-132957	Brevan Howard Investment Management Ltd
0000905148-25-002941	3	0001634150	028-16818	000164537	801-76800	Brevan Howard US Investment Management, LP
0000905148-25-002941	4	0001600218	028-16042	000161287	802-75001	Brevan Howard (Hong Kong) Ltd
0000859804-25-000006	2	0001484256	028-15568			RiverPark Advisors, LLC
0001207017-25-000063	1	0001692234	028-17598			Russell Investments Group, Ltd.
0001085146-25-005296	2	0001167557	028-10120	000111883	801-55543	AQR CAPITAL MANAGEMENT LLC
0001085146-25-005296	1	0001633376	028-16752			AQR Capital Management Holdings, LLC
0000905148-25-002938	1	0001714217	028-23084	000161327	801-73641	ORION RESOURCE PARTNERS (USA) LP
0001172661-25-003496	2	0001655028	028-18500	000140370	801-74577	Deer Park Road Management Company, LP
0001172661-25-003496	3	0001721440	028-18501			AgateCreek LLC
0001172661-25-003496	1	0001702367	028-18499			Deer Park Road Management GP, LLC
0001085146-25-005295	9	0001965915	028-23086	000140210	801-66710	RF&L WEALTH MANAGEMENT, LLC
0001085146-25-005295	1	0001633376	028-16752			AQR Capital Management Holdings, LLC
0001085146-25-005295	2	0001904152	028-21455	000124209	801-61818	DOPKINS WEALTH MANAGEMENT, LLC
0001085146-25-005295	3	0001586767	028-17856	000133535	801-67165	Arax Advisory Partners
0001085146-25-005295	4	0001582681	028-20231			Alaska Permanent Fund Corp
0001085146-25-005295	5	0001308668	028-10998	000112319	801-60303	GuideStone Capital Management, LLC
0001085146-25-005295	6	0001484205	028-13854	000105515	801-33048	HALBERT HARGROVE GLOBAL ADVISORS, LLC
0001085146-25-005295	7	0001802278	028-19806	000300899	801-115261	Stokes Family Office, LLC
0001085146-25-005295	8	0001966440	028-23268	000324308	802-127935	NATIONAL MUTUAL FUNDS MANAGEMENT LTD
0001375836-25-000008	2	0001827733	028-21018			Hound Partners Variable Beta Master, LP
0001375836-25-000008	1	0001375836	028-13191			Hound Partners Offshore Fund, LP
0000899140-25-000992	1	0001658263	028-17039			Zurich Life Assurance plc
0001415889-25-021860	1			000330876	802-131053	Granite Asia Capital Pte. Ltd.
0001418812-25-000025	1	0001351069				ValueAct Capital Management, L.P.
0000902664-25-003677	1	0001603466	028-16256	000283077	801-107348	Point72 Asset Management, L.P.
0000902664-25-003673	1	0001603466	028-16256	000283077	801-107348	Point72 Asset Management, L.P.
0000902664-25-003672	1	0001603466	028-16256	000283077	801-107348	Point72 Asset Management, L.P.
0001172661-25-003488	1	0001697367	028-17897			Gen IV Investment Opportunities, LLC
0001172661-25-003486	1	0001750222	028-18919	000291463	801-112541	Caledonia US, LP
0000902664-25-003667	1	0001603466	028-16256	000283077	801-107348	Point72 Asset Management, L.P.
0000902664-25-003666	1	0001603466	028-16256	000283077	801-107348	Point72 Asset Management, L.P.
0001879202-25-000038	1	0001768021	028-19326			Scion Asset Partners, LP
0001879202-25-000038	2	0001768023	028-19327			SCION CAPITAL GROUP, LLC
0000902664-25-003663	1	0001603466	028-16256	000283077	801-107348	Point72 Asset Management, L.P.
0001446114-25-000037	2					Clutterbuck Capital Management LLC
0001446114-25-000037	1	0001657660	028-17014	000124845	801-61942	ANCORA FAMILY WEALTH ADVISORS, LLC
0001446114-25-000037	3	0001836192	028-21227	000311902	801-120302	Ancora Alternatives LLC
0000902664-25-003662	1	0001633667	028-16698			Shanda Global Capital Ltd
0000902664-25-003662	2	0001758913	028-18946			Shanda Global Investment Ltd
0001085146-25-005287	3	0001289643	028-10979	000163016	801-78835	GLG Partners LP
0001085146-25-005287	1	0001598894	028-16037	000167882	801-79565	AHL Partners LLP
0001085146-25-005287	5	0002009602	028-23919	000313907	801-121284	Man Investments Australia Ltd
0001085146-25-005287	2	0001352261	028-11672	000138802	801-65571	GLG LLC
0001085146-25-005287	4	0001365324	028-11946	000131684	801-63276	Numeric Investors LLC
0001012975-25-000448	3	0002012739	028-23999			Zhou Ran
0001012975-25-000448	2	0001767528	028-19366			Electron Infrastructure GP, LLC
0001012975-25-000448	1	0001598364	028-16050			Electron GP, LLC
0001104659-25-078607	1	0000929408	028-04826			WARBURG PINCUS & CO.
0001140361-25-031240	1	0002069999				Affinity Partners Fund I Co-Invest GP LP
0001172661-25-003478	1	0001239607	028-12517			JAY JEFFREY R
0001172661-25-003478	2	0002043727	028-24470			Nordahl Lillian
0001539497-25-002145	6	0001327741	028-12621			CCI ONSHORE LLC
0001539497-25-002145	7	0001830292	028-20387			IEP Energy Holding LLC
0001539497-25-002145	8	0001034563	028-05849			ICAHN ENTERPRISES HOLDINGS L.P.
0001539497-25-002145	9	0002043224	028-25603			UAN Services, LLC
0001539497-25-002145	10	0001738751	028-19369			AMERICAN ENTERTAINMENT PROPERTIES CORP.
0001539497-25-002145	5	0001257325	028-13170			THORNWOOD ASSOCIATES LIMITED PARTNERSHIP
0001539497-25-002145	4	0001315356	028-11469			GASCON PARTNERS
0001539497-25-002145	3	0000928475	028-04460			HIGHCREST INVESTORS LLC
0001539497-25-002145	1	0001412093	028-12848			ICAHN CAPITAL LP
0001539497-25-002145	2	0000945612	028-04970			HIGH COAST LIMITED PARTNERSHIP
0001214659-25-012272	1	0001178579	028-14818			TANG KEVIN
0000950123-25-008390	1		28-12332	000137519		Blackstone Alternative Credit Advisors LP
0000950123-25-008390	2		28-17363	000136978		Blackstone Management Partners L.L.C.
0000950123-25-008390	4		28-19316	000158784		Blackstone Alternative Solutions L.L.C.
0000950123-25-008390	9		28-22637	000107580		Blackstone Alternative Asset Management L.P.
0000950123-25-008390	8		28-20992	000289751		Blackstone Infrastructure Advisors L.L.C.
0000950123-25-008390	7		28-20994	000160157		Blackstone Tactical Opportunities Advisors L.L.C.
0000950123-25-008390	3		28-16028	000160980		Clarus Ventures, LLC
0000950123-25-008390	5		28-20287	000142979		Blackstone Real Estate Advisors L.P.
0000950123-25-008390	6		28-13436	000154425		Harvest Fund Advisors LLC
0000950123-25-008384	1		028-20985			Khosla Ventures Associates V, LLC
0000950123-25-008384	2		028-20986			Khosla Ventures Seed Associates B, LLC
0000950123-25-008386	2		028-19367			Adam Gray
0000950123-25-008386	1		028-19370			Christopher Shackelton
0001172661-25-003477	1	0001689919	028-17563			VEPF MANAGEMENT, L.P.
0001085146-25-005279	1	0001506210	028-14144			Pharo Management (HK) Ltd
0001085146-25-005279	2	0001478023	028-13631			Pharo Management (UK) LLP
0001879202-25-000037	1	0001538853	028-20053			MIRABELLA FINANCIAL SERVICES LLP
0000902664-25-003648	1	0000900203	028-10418	000430878		SOROS GEORGE
0001012975-25-000447	1	0001887502	028-23073			Raine Group LLC
0000921895-25-002293	2	0001867045	028-21277			Solar Trust No. 2
0000921895-25-002293	1	0001867047	028-21276			Solar Projects LLC
0001213900-25-076669	1	0001535106	028-14614	000133827	801-64024	Samsung Asset Management (New York), Inc.
0000950123-25-008362	1		028-13627	000293389		Sculptor Capital II LP
0000950123-25-008362	2		028-25604			Rithm Capital Corp.
0000929638-25-003043	1	0001593897	028-16756	005025102		Lennon Jonathan
0000929638-25-003043	2	0001580144	028-16754	000304281	801-128498	Pleasant Lake Partners LLC
0000950123-25-008360	2		028-04129	000105991	801-50672	Weatherbie Capital, LLC
0000950123-25-008361	4		28-554			Buffett Warren E
0000950123-25-008360	1		028-12230	000134340	801-67135	ALPS Advisors, Inc.
0000950123-25-008360	3		028-12234	000133028	801-63597	Redwood Investments, LLC
0000950123-25-008361	11		28-718			National Indemnity Co
0001085146-25-005267	1	0000354190	028-14530			Arthur J. Gallagher & Co.
0001085146-25-005267	2	0001527782	028-14532			Gallagher Benefit Services, Inc.
0001172661-25-003468	1	0001630228	028-16915			Gates Capital Management, L.P.
0001772937-25-000009	3	0001803279	028-25384			Tolleson Private Bank
0001772937-25-000009	2	0001692067	028-19462		801-57641	Tolleson Private Wealth Management, LP
0001772937-25-000009	1	0001772938	028-19461			TPWM Services, Inc.
0001172661-25-003466	2	0001612850	028-16638			Encompass Capital E L Master Fund L.P.
0001172661-25-003466	1	0001537466	028-15267			Encompass Capital Master Fund LP
0001172661-25-003466	3	0001928130				Encompass Capital Energy Transition Master Fund L.P.
0001172661-25-003465	1			000302016	802-117344	Brummer Multi-Strategy AB
0001172661-25-003463	1	0001617621	028-16920	000163564	801-75490	NexPoint Advisors, L.P.
0000921895-25-002289	5	0001410600	028-14569			Feld Peter A
0000921895-25-002289	3	0001517140	028-14567			Starboard Principal Co GP LLC
0000921895-25-002289	4	0001362697	028-14568			Smith Jeffrey C
0000921895-25-002289	1	0001517138	028-14565			Starboard Value GP LLC
0000921895-25-002289	2	0001517139	028-14566			Starboard Principal Co LP
0001140361-25-031224	1	0001473117	028-17367			Yorktown VIII Associates LLC
0001140361-25-031224	2	0001473118	028-17372			Yorktown VIII Co LP
0001172661-25-003461	1	0001456506	028-13417			Alyeska Master Fund, L.P.
0001449434-25-000006	1		28-13441			Apollo Capital Management, L.P.
0001214659-25-012255	1	0001536239	028-14690			Tontine Asset Management, LLC
0001214659-25-012255	2	0001491514	028-19509			Tontine Associates, LLC
0001214659-25-012255	3	0001845441	028-20769			TONTINE CAPITAL ASSOCIATES, L.P.
0001398344-25-015655	1	0000806636			811-04923	LONGLEAF PARTNERS FUNDS TRUST
0001398344-25-015655	3			000314679	801-121444	Greenwood Pine Partners
0000950123-25-008343	7		28-04922			General Re Corp
0000950123-25-008343	8		28-852			GEICO Corp
0000950123-25-008343	9		28-12941			Medical Protective Corp
0000950123-25-008343	10		28-1066			National Fire & Marine Insurance Co
0000950123-25-008343	12		28-5006			National Liability & Fire Insurance Co
0000950123-25-008343	13		28-11222			Nebraska Furniture Mart
0000950123-25-008343	14		28-12947			U.S. Investment Corp
0000950123-25-008343	6		28-06102			Cypress Insurance Co
0000950123-25-008343	5		28-1517			Columbia Insurance Co
0000950123-25-008343	4		28-554			Buffett Warren E
0000950123-25-008343	3		28-14389			BH Finance LLC
0000950123-25-008343	2		28-5678			Berkshire Hathaway Life Insurance Co of Nebraska
0000950123-25-008343	1		28-2226			Berkshire Hathaway Homestate Insurance Co.
0000950123-25-008343	11		28-718			National Indemnity Co
0000950123-25-008345	7		028-25296			HSG Onshore Fund Management, L.P.
0000950123-25-008345	1		028-15812			SNP China Enterprises Ltd
0000950123-25-008345	2		028-15814			SHEN NEIL NANPENG
0000950123-25-008345	3		028-22044			HSG Venture V Management, L.P.
0000950123-25-008345	4		028-20069			HSG Growth V Management, L.P.
0000950123-25-008345	5		028-23059			HSG Growth VI Management, L.P.
0000950123-25-008345	6		028-20070			HSG Growth IV Management, L.P.
0000919574-25-004894	1	0001364411	028-13041			H PARTNERS, LP
0000919574-25-004894	2	0001439712	028-14314			H OFFSHORE FUND, LTD.
0001951757-25-001094	1					Kayne Anderson
0000902664-25-003621	1	0001510589	028-14183	000160896	802-128071	HILLHOUSE INVESTMENT MANAGEMENT, LTD.
0000902664-25-003617	1	0001762304		000166112	802-128070	HHLR ADVISORS, LTD.
0002052595-25-000057	5	0001719180	028-18156			TD Insurance - Meloche Monnex
0002052595-25-000057	6	0002055639	028-25271			Canada Trust Co
0002052595-25-000057	7	0000803012	028-25275			TD SECURITIES (USA) LLC
0002052595-25-000057	1	0001106553	028-11512			TD SECURITIES INC
0002052595-25-000057	2	0001178652	028-11579			TD GLOBAL FINANCE
0002052595-25-000057	3	0001343236	028-11510			Toronto Dominion (New York) LLC
0002052595-25-000057	4	0001584627	028-15608			TORONTO DOMINION (SOUTH EAST ASIA) Ltd
0002052595-25-000057	8	0001771015	028-19614			Cowen Financial Products LLC
0001104659-25-078555	1	0001721695	028-18870			Citadel Securities GP LLC
0000921895-25-002281	1	0001055947	028-06770	000156149	801-73836	BVF PARTNERS L P/IL
0001104659-25-078548	1	0001357610	028-12280			Ridgeback Capital Management LLC
0001104659-25-078548	2	0001358916	028-12277			Ridgeback Capital Investments LLC
0001085146-25-005240	1	0001220336	028-16563			SIMCOE PARTNERS L P
0001104659-25-078542	5	0001599349	028-16053	000294591		D. E. Shaw Adviser, L.L.C.
0001104659-25-078542	4	0001569653	028-15385	000294586		D. E. Shaw Adviser II, L.L.C.
0001104659-25-078542	3	0001518837	028-14492	000295202		D. E. Shaw Heliant Adviser, L.L.C.
0001104659-25-078542	2	0001335794	028-11452	000135284	801-64222	D. E. Shaw Investment Management, L.L.C.
0001104659-25-078542	1	0001009268	028-05394	000108679	801-56171	D. E. SHAW & CO, L.P.
0001140361-25-031206	1	0000919165			028-04120	CHESAPEAKE PARTNERS MANAGEMENT CO INC/MD
0001213900-25-076586	1	0001353362	028-11827			Flynn Management LLC
0001214659-25-012226	1	0001458495				Boathouse Row I, L.P.
0001214659-25-012202	1	0001458762	028-14291			DEKEL PARTNERS, L.P.
0001214659-25-012226	2	0001295594				Boathouse Row II L P
0001214659-25-012226	3	0001316058				BOATHOUSE ROW OFFSHORE MINYAN, LTD.
0001214659-25-012202	2	0001679606	028-17788			Adom Partners, L.P.
0000950123-25-008327	9		028-23060			SC US/E Expansion Fund I Management, L.P.
0000950123-25-008327	8		028-23058			Sequoia Capital Fund Management, L.P.
0000950123-25-008327	7		028-23816			SCGGF III - U.S./India Management, L.P.
0000950123-25-008327	6		028-19324			SCGGF III - Endurance Partners Management, L.P.
0000950123-25-008327	5		028-20068			SC Global Growth II Management, L.P.
0000950123-25-008327	4		028-19322			SCGGF Management, L.P.
0000950123-25-008327	3		028-20900			SC U.S. Growth VIII Management, L.P.
0000950123-25-008327	1		028-19321			SC U.S. Venture XIV Management, L.P.
0000950123-25-008327	2		028-18063			SC U.S. Growth VI Management, L.P.
0000950123-25-008312	11		28-25138			BCLS Fund III Investments GP, LLC
0000950123-25-008312	12		28-25140			BCLS Fund III Investments, LP
0000950123-25-008312	9		28-22968			Bain Capital Life Sciences Opportunities III GP, LLC
0000950123-25-008312	8		28-22979			Bain Capital Life Sciences Fund III, L.P.
0000950123-25-008312	7		28-22975			Bain Capital Life Sciences III General Partner, LLC
0000950123-25-008312	6		28-22978			BCLS II Investco, LP
0000950123-25-008312	10		28-22966			Bain Capital Life Sciences Opportunities III, LP
0000950123-25-008312	1		28-18476			Bain Capital Life Sciences Partners, LP
0000950123-25-008312	2		28-18478			Bain Capital Life Sciences Fund, L.P.
0000950123-25-008312	5		28-22976			BCLS II Investco (GP), LLC
0000950123-25-008312	4		28-20814			Bain Capital Life Sciences Fund II, L.P.
0000950123-25-008312	3		28-20816			Bain Capital Life Sciences Investors II, LLC
0000950123-25-008304	3		028-19988			Noubar Afeyan
0000950123-25-008304	2		028-17238			Flagship Ventures Fund IV General Partner LLC
0000950123-25-008304	1		028-18466			Flagship Ventures Fund V General Partner LLC
0000312069-25-000565	1	0000312070	028-00827			BARCLAYS BANK PLC
0000312069-25-000565	8	0000851376	028-20253			BARCLAYS CAPITAL INC.
0000312069-25-000565	99	0001484215	028-13881			Barclays Investment Solutions Ltd
0000312069-25-000565	20	0001484222	028-13878			Barclays Bank (Suisse) SA
0000312069-25-000565	58	0001505923	028-14040			Barclays Capital Luxembourg SaRL
0000312069-25-000565	9	0001074031	028-07404			BARCLAYS CAPITAL SECURITIES LTD
0000919574-25-004891	1	0001340235	028-21899			SR GLOBAL FUND L P
0000900440-25-000278	1	0001541495	028-14705			Parsow Management LLC
0000950123-25-008300	1				028-3900	UBS Group AG
0000950123-25-008300	2					UBS Asset Management Trust Company
0000950123-25-008300	7				028-10396	UBS Asset Management Switzerland AG
0000950123-25-008300	8				028-05673	UBS Asset Management (UK) Ltd.
0000950123-25-008300	15					UBS Asset Management (Italia) SGR S.p.A.
0000950123-25-008300	10					Unified Global Alternatives, a distinct business unit of UBS Asset Management Americas LLC
0000950123-25-008300	11				028-03702	CIG US, a distict business unit of UBS Asset Management Americas LLC
0000950123-25-008300	13				028-14772	MultiConcept Fund Management S.A.
0000950123-25-008300	14				028-14785	UBS Fund Management (Switzerland) AG
0000950123-25-008300	9				028-05961	UBS Asset Management Life Ltd.
0000929638-25-003031	1		028-22127	000000134	8-201	Cantor Fitzgerald & Co.
0000929638-25-003031	4		028-24492	000285841	8-69863	CF Secured, LLC
0000929638-25-003031	3		028-22129			Cantor Fitzgerald Europe
0000070858-25-000319	1	0001102113	028-10264		812-11442-03	BANK OF AMERICA NA
0000070858-25-000319	2	0000728612	028-00962	000007691	001-15299	MERRILL LYNCH, PIERCE, FENNER & SMITH INC.
0000070858-25-000319	3	0001675365	028-19575	000283942	008-69787	BOFA SECURITIES, INC.
0000070858-25-000319	88	0001803522	028-20099			BofA Securities Europe SA
0000070858-25-000319	6	0001062577	028-07178	000162416		MERRILL LYNCH INTERNATIONAL
0000070858-25-000319	28	0001185372	028-10270			U.S. TRUST Co OF DELAWARE
0000070858-25-000319	43	0001418660	028-12631	000142558		MANAGED ACCOUNT ADVISORS LLC
0000070858-25-000319	5	0001143718	028-14408		001-16683	MERRILL LYNCH CANADA INC.
0000315080-25-000005	1					Bank of Hawaii Corp
0000899140-25-000971	1	0001498545	028-14022	000142994	801-67560	Insight Venture Management, LLC
0000899140-25-000971	15	0002042201	028-24490			IPPE Liquid GP, LLC
0000899140-25-000971	3	0001545169	028-15615			Insight Venture Associates VII, Ltd.
0000899140-25-000971	4	0001745334	028-19043			Insight Venture Associates IX, L.P.
0000899140-25-000971	5	0001745335	028-19042			Insight Venture Associates IX, Ltd.
0000899140-25-000971	6	0001745337	028-19040			Insight Venture Associates Growth-Buyout Coinvestment, L.P.
0000899140-25-000971	7	0001745336	028-19041			Insight Venture Associates Growth-Buyout Coinvestment Ltd.
0000899140-25-000971	8	0001844845	028-20824			Insight Venture Associates X, L.P.
0000899140-25-000971	9	0001803240	028-20825			Insight Venture Associates X, Ltd.
0000899140-25-000971	10	0001871148	028-22223			Insight Associates XI, L.P.
0000899140-25-000971	11	0001871124	028-22224			Insight Associates XI, Ltd.
0000899140-25-000971	12	0001889867	028-22225			Insight Partners Public Equities GP, LLC
0000899140-25-000971	13	0001912017	028-22289			Insight Associates XII, L.P.
0000899140-25-000971	14	0001912092	028-22290			Insight Associates XII, Ltd.
0000899140-25-000971	2	0001545168	028-15614			Insight Venture Associates VII, L.P.
0001771179-25-000008	1	0001907684	028-21941	000312019	801-126112	Sagefield Investment Group, LP
0001583977-25-000007	1	0001599214	028-15950			Chen Bihua
0000315066-25-002231	1	0000035368	028-00450	000108281	801-7884	Fidelity Management & Research Co LLC
0000315066-25-002231	2	0000715091	028-01054			FIDELITY MANAGEMENT TRUST CO
0000315066-25-002231	3	0001026420	028-05421	000104555	801-13243	STRATEGIC ADVISERS LLC
0000315066-25-002231	4	0001601774	028-16240	000168741	801-79266	Impresa Management LLC
0000315066-25-002231	5	0001759275	028-19165			Fidelity Management & Research (Canada) ULC
0000315066-25-002231	11	0001723021	028-18351	000148239	801-69571	Fidelity Management & Research (Japan) Ltd
0000315066-25-002231	7	0001385495	028-12282	000133196	801-63658	FIAM LLC
0000315066-25-002231	8	0001630052	028-16685	000148045	801-69507	Fidelity Management & Research (Hong Kong) Ltd
0000315066-25-002231	9	0001629539	028-16686	000108273	801-28773	FMR Investment Management (UK) Ltd
0000315066-25-002231	10	0001923624	028-23746	000315088	801-122572	Fidelity Diversifying Solutions LLC
0000315066-25-002231	6	0001385494	028-12283			Fidelity Institutional Asset Management Trust Co
0001496201-25-000010	2	0001599855	028-15864			Sphera Global Healthcare GP Ltd.
0001496201-25-000010	1	0001599854	028-15865	000172608	802-127045	Sphera Global Healthcare Management LP
0001725547-25-003671	1		28-16841	000014822	801-71114	GeoWealth Management, LLC
0001455468-25-000003	2		028-16461			Acuitas Investments, LLC
0001455468-25-000003	1		028-13158			Legato Capital Management LLC
0001140361-25-031184	1	0001372696	028-12002			HEITMAN LLC
0001140361-25-031184	3	0001308668	028-10998			GuideStone Capital Management, LLC
0001140361-25-031184	2	0001079879	028-12003			KE I LLC
0000315066-25-002230	9	0001796291	028-19795			FIL (Luxembourg) S.A.
0000315066-25-002230	1	0001796292	028-19793	000110970	801-23620	FIL Investment Advisors (UK) Ltd
0000315066-25-002230	2	0001632421	028-16690			FIL Investment Management (Hong Kong) Ltd
0000315066-25-002230	3	0001632423	028-16691			FIL Investment Management (Singapore) Ltd
0000315066-25-002230	4	0001758149	028-19166	000111103	801-21347	FIL Investment Advisors
0000315066-25-002230	5	0001632425	028-16693			FIL Investments International
0000315066-25-002230	6	0001833560	028-21122			FIL Investment Management (Australia) Ltd
0000315066-25-002230	7	0001632426	028-16692			FIL Investment Services (UK) Ltd
0000315066-25-002230	8	0001899384	028-21980			Fidelity Investments Canada ULC
0001445065-25-000007	3		028-24291	000297750	801-113797	Benjamin F. Edwards Wealth Management, LLC
0001445065-25-000007	2		028-15560	000146936	801-71421	Benjamin F. Edwards & Company, Inc.
0001104659-25-078490	2		028-16892			Bellevue Asset Management AG
0001104659-25-078490	3		028-20408			Bellevue Asset Management (UK) Ltd.
0001104659-25-078490	1		028-06964			BB BIOTECH AG
0000905148-25-002923	1	0001911921	028-22745	000162765	802-75489	Post Oak Energy Capital, LP
0001062993-25-014418	5					Silver Brick Management Pte. Ltd.
0001062993-25-014418	6					SB Global Advisers Limited
0001062993-25-014418	7					Delaware Project 4 L.L.C.
0001062993-25-014418	8					Delaware Project 9 L.L.C.
0001062993-25-014418	9					SVF II Strategic Investments AIV LLC
0001062993-25-014418	10					LY Corporation
0001062993-25-014418	11					Delaware Project 20 L.L.C.
0001062993-25-014418	12					Star Beacon LLC
0001062993-25-014418	3					SBLA Advisers Corp.
0001062993-25-014418	4					SB ENERGY GLOBAL HOLDINGS ONE LIMITED
0001062993-25-014418	1					SoftBank Group Capital Limited
0001062993-25-014418	2					Delaware Project 6 L.L.C.
0000921895-25-002277	2	0001205885	028-14728			MARTIN WILLIAM C
0000921895-25-002277	1	0001443284	028-25302			Singer Eric
0001041062-25-000171	1		028-21012	000293136		Centerbridge Advisors III, LLC
0001041062-25-000171	2		028-13862	000293142		Centerbridge Credit Advisors, L.L.C.
0001041062-25-000171	3		028-22261	000293147		Centerbridge Partners Real Estate Advisors, LLC
0001041062-25-000171	4		028-22262	000311585		Centerbridge Partners Real Estate Advisors II, LLC
0001041062-25-000171	5		028-19382	000293146		Centerbridge Special Credit Advisors III, L.L.C.
0001041062-25-000171	6		028-13858			Aronson Jeffrey
0001041062-25-000171	7		028-13861			Centerbridge Partners Holdings, LLC
0000905148-25-002917	2	0001780738	028-19610			Norinchukin Value Investments Co.,Ltd.
0000905148-25-002917	1	0001502194	028-14029			Norinchukin Zenkyoren Asset Management Co., Ltd.
0002022297-25-000009	5	0002022299	028-24171			Desjardins Investments Inc
0002022297-25-000009	4	0002022283	028-24173			Desjardins Trust Inc.
0002022297-25-000009	3	0002023101	028-24169			Regime de rentes du Mouvement Desjardins
0002022297-25-000009	2	0002022321	028-24164			Desjardins Securities inc.
0002022297-25-000009	6	0002022316	028-24170			Desjardins Capital Management Inc
0002022297-25-000009	8	0002068442	028-25586			Desjardins Financial Security Life Assurance Company
0002022297-25-000009	1	0001563660	028-21533			Desjardins Global Asset Management Inc.
0002022297-25-000009	7	0002068210	028-25585			Desjardins Groupe D'assurances Generales Inc
0001759654-25-000007	1	0001455258	028-13358	000143490	801-67787	Calamos Wealth Management LLC
0000905148-25-002909	7	0002035182	028-24483			Global X (AUS) Pty Ltd
0000905148-25-002909	6	0001569395	028-15178			Mirae Asset Global Investments Co., Ltd.
0000905148-25-002909	5	0001579960	028-18037			GLOBAL X MANAGEMENT COMPANY, INC.
0000905148-25-002909	4	0001573668	028-15459			Global X Investments Canada Inc.
0000905148-25-002909	2	0001974187	028-23209			Global X Management (AUS) Ltd
0000905148-25-002909	1	0001432354	028-14399	000146932	801-69093	Global X Management CO LLC
0000905148-25-002908	8	0001655374	028-17963			Quoniam Asset Management GmbH
0000905148-25-002908	3	0001575710	028-17957			UNION ASSET MANAGEMENT HOLDING AG
0000905148-25-002908	7	0001697554	028-17962			BEA Union Investment Management Ltd.
0000905148-25-002908	6	0001697619	028-17961			Union Investment Privatfonds GmbH
0000905148-25-002908	1	0001694893	028-17955			DZ PRIVATBANK S.A.
0000905148-25-002908	2	0001695960	028-17956			IPConcept (Luxemburg) S.A.
0000905148-25-002908	9	0002036076	028-24487			DZ PRIVATBANK (Schweiz) AG
0000905148-25-002908	5	0001697816	028-17959			Union Investment Institutional GmbH
0001580642-25-005128	3		028-16275			Mariner Independent Advisor Network, LLC
0001580642-25-005128	4		028-15106			Baystate Wealth Management, LLC
0001580642-25-005128	2		028-21357			Mariner Platform Solutions, LLC
0000769993-25-000537	10	0001866894	028-24303			Goldman Sachs Bank Europe SE
0000769993-25-000537	1	0000769993	028-00687	000000361		GOLDMAN SACHS & CO. LLC
0000769993-25-000537	2	0001229262	028-10981	000107738		GOLDMAN SACHS ASSET MANAGEMENT, L.P.
0000769993-25-000537	3	0000908777	028-05109			GOLDMAN SACHS INTERNATIONAL
0000769993-25-000537	4	0001098457	028-05111			GOLDMAN SACHS BANK AG
0000769993-25-000537	5	0001055957	028-06738	000106693		GOLDMAN SACHS WEALTH SERVICES, L.P.
0000769993-25-000537	6	0001379383	028-12021			Goldman Sachs Trust Company, N.A.
0001085146-25-005222	1	0001390110	028-12491			Taconic Capital Advisors UK LLP
0001085146-25-005221	1	0001390110	028-12491			Taconic Capital Advisors UK LLP
0001085146-25-005220	1	0001390110	028-12491			Taconic Capital Advisors UK LLP
0001085146-25-005219	1	0001390110	028-12491			Taconic Capital Advisors UK LLP
0001085146-25-005218	1	0001390110	028-12491			Taconic Capital Advisors UK LLP
0001085146-25-005217	1	0001390110	028-12491			Taconic Capital Advisors UK LLP
0001085146-25-005216	1	0001390110	028-12491			Taconic Capital Advisors UK LLP
0001085146-25-005215	1	0001390110	028-12491			Taconic Capital Advisors UK LLP
0001085146-25-005215	2	0001561248	028-15064			Taconic Capital Advisors (Hong Kong) Ltd
0001085146-25-005214	2	0001561248	028-15064			Taconic Capital Advisors (Hong Kong) Ltd
0001085146-25-005214	1	0001390110	028-12491			Taconic Capital Advisors UK LLP
0001085146-25-005213	1	0001390110	028-12491			Taconic Capital Advisors UK LLP
0001085146-25-005213	2	0001561248	028-15064			Taconic Capital Advisors (Hong Kong) Ltd
0001085146-25-005212	1	0001390110	028-12491			Taconic Capital Advisors UK LLP
0001085146-25-005212	2	0001561248	028-15064			Taconic Capital Advisors (Hong Kong) Ltd
0001085146-25-005211	2	0001561248	028-15064			Taconic Capital Advisors (Hong Kong) Ltd
0001085146-25-005211	1	0001390110	028-12491			Taconic Capital Advisors UK LLP
0001085146-25-005210	1	0001390110	028-12491			Taconic Capital Advisors UK LLP
0000712537-25-000109	1		28-11893			First Commonwealth Bank
0001037792-25-000011	1			000136481	801-64574	Paradigm Funds Advisor LLC
0000950123-25-008264	1		028-21023			Milky Way Investments Group Ltd.
0001420506-25-002146	1		028-20993			SilverArc Capital, LLC
0001085146-25-005200	1	0001389964	028-15748			Salzhauer Henry
0001085146-25-005200	2	0001597920	028-15749			Axel Blair
0000950123-25-008255	1		028-18606			Newton (PTC) Ltd
0000950123-25-008255	2		028-18592			Apoletto Ltd
0000950123-25-008253	1		028-18613			Cardew Services Ltd
0000950123-25-008253	5		028-22615			DST Managers VII Ltd
0000950123-25-008253	4		028-22616			DST Managers VI Ltd
0000950123-25-008253	3		028-22614			DST Managers V Ltd
0000950123-25-008253	2		028-17317			DST Global Advisors Ltd
0001172661-25-003428	1	0001784960				BluePath Finance, Inc.
0001085146-25-005197	2	0001569785	028-15342	000159875	802-74873	BTG Pactual Asset Management S.A. DTVM
0001085146-25-005197	1	0001569595	028-15217	000159871	802-74494	BTG PACTUAL (UK) Ltd
0001172661-25-003427	2	0001673385	028-17446	000108031	801-56896	Morningstar Investment Management LLC
0001172661-25-003427	3	0000908758	028-14511	000105552	801-29198	American Beacon Advisors, Inc.
0001172661-25-003427	4	0001308668	028-10998	000112319	801-60303	GuideStone Capital Management, LLC
0001172661-25-003427	1	0001125816	028-06487	000107027	801-39950	FIRST TRUST ADVISORS LP
0001426196-25-000002	1	0002079905				Capstone Investment Advisors (UK), LLP
0001795594-25-000009	1	0001795785	028-20148	000171671	802-80717	Kirkoswald Capital Partners LLP
0001795594-25-000009	2	0001962150	028-24155	000322811	802-127021	Kirkoswald Global Management Services Ltd.
0001172661-25-003424	9	0001980695	028-25227	000308010	801-126826	PMV Capital Advisers, LLC
0001172661-25-003424	2	0001741001	028-20715	000297521	801-113847	Distillate Capital Partners LLC
0001172661-25-003424	1	0001297376	028-12578	000046727	801-62731	Advisors Asset Management, Inc.
0001172661-25-003424	3	0002056334	028-25494	000284267	801-120103	STANCE CAPITAL LLC
0001172661-25-003424	4	0001856022	028-21235			Blue Trust, Inc.
0001172661-25-003424	5	0002016827	028-24532	000327283	801-128357	REX ADVISERS LLC
0001172661-25-003424	6					HANetf Management Limited
0001172661-25-003424	10			000300807	801-117858	Ridgeline Research, LLC
0001172661-25-003424	8	0002056280	028-25075	000314541	801-122506	Valkyrie Funds LLC
0001172661-25-003424	7	0001114667	028-05775	000110181	801-38826	Brown Advisory LLC
0001017918-25-000041	1	0000790504	028-01678	000110791	801-18656	BARON CAPITAL MANAGEMENT INC /NY/
0001017918-25-000041	2	0001077479	028-04547	000111091	028-04547	VOYA INVESTMENTS, LLC
0000921895-25-002274	1	0001580769	028-16008			Engaged Capital Holdings, LLC
0000921895-25-002274	2	0001580771	028-16006			Welling Glenn W.
0000905148-25-002897	4	0001577010	028-15494			NOMURA GLOBAL FINANCIAL PRODUCTS INC
0000905148-25-002897	1	0000902266	028-04983	000004297	801-72991	NOMURA SECURITIES INTERNATIONAL INC
0000905148-25-002897	2	0001054306	028-04985			NOMURA INTERNATIONAL PLC
0002069324-25-000006	1	0001737410	028-24431	000292183		LMR Partners LLC
0002069324-25-000006	5	0002069324	028-25730			Wabon Partners, L.P.
0002069324-25-000006	2	0002033901	028-24430	000282637		LMR PARTNERS Ltd
0002069324-25-000006	4	0002034017	028-24429	000324092		LMR PARTNERS (DIFC) Ltd
0002069324-25-000006	3	0002034035	028-24428	000316468		LMR PARTNERS AG
0000905148-25-002893	2	0002043010	028-25223			Anchor V Pte. Ltd.
0000905148-25-002893	1	0001993966	028-23448			Anchor IV Pte. Ltd.
0000919574-25-004864	1	0001687806	028-23874			Pilgrim Global ICAV
0001599793-25-000003	1	0001509874	028-20970	000130819	801-63358	Corbin Capital Partners, L.P.
0000950142-25-002185	2	0002019987				HPS Group GP, LLC
0000950142-25-002185	1	0001837859	028-20961			HPS Mezzanine Management III, LLC
0001389932-25-000011	1	0001389932	028-12328	004732394		Fischel Nathan
0001140361-25-031144	21	0001009289	028-05392			CITY NATIONAL ROCHDALE, LLC
0001140361-25-031144	29	0001666157	028-17163			RBC Dominion Securities Global Ltd
0001140361-25-031144	31	0001407543	028-13411			ENVESTNET ASSET MANAGEMENT INC
0001140361-25-031144	32	0001582681	028-20231			Alaska Permanent Fund Corp
0001140361-25-031144	33	0001954243	028-22689			RBC Europe Ltd
0001140361-25-031144	34	0001954056	028-22683			BREWIN DOLPHIN WEALTH MANAGEMENT LTD
0001140361-25-031144	19	0000275216	028-04805			CITY NATIONAL BANK
0001140361-25-031144	16	0001628493	028-16409			RBC GLOBAL ASSET MANAGEMENT (UK) Ltd
0001140361-25-031144	15	0001483254	028-13779			RBC Trust Co (Delaware) Ltd
0001140361-25-031144	11	0001368871	028-13008			RBC TRUSTEES (Jersey) LTD
0001140361-25-031144	9	0001082817	028-11393			ROYAL TRUST CORP OF CANADA/
0001140361-25-031144	8	0001332123	028-11454			RBC Private Counsel (USA) Inc.
0001140361-25-031144	7	0001317823	028-11271			RBC Phillips, Hager & North Investment Counsel Inc.
0001140361-25-031144	5	0001317808	028-11322			RBC Dominion Securities Inc.
0001140361-25-031144	4	0001179454	028-10228			RBC Global Asset Management (U.S.)
0001140361-25-031144	3	0000050916	028-04069			RBC Capital Markets, LLC
0001140361-25-031144	2	0001316278	028-11273			RBC CMA LLC
0001140361-25-031144	1	0001508208	028-14116			RBC Global Asset Management Inc.
0001140361-25-031144	18	0001409526	028-12564			Royal Bank of Canada (Channel Islands) Ltd
0001463931-25-000009	1		28-13533			KKR Investment Management LLC
0001463931-25-000009	2		28-14775	000146629	801-69633	KKR Credit Advisors (US) LLC
0001996109-25-000007	19	0001446578	028-13223			SAL Equity Trading, GP
0001996109-25-000007	20	0001879635	028-21986	000029337		SAL Trading, LLC
0001996244-25-000008	24	0001765923	028-19265			Susquehanna International Securities, Ltd.
0001996244-25-000008	23	0001765924	028-19267			Susquehanna International Group Ltd.
0001996244-25-000008	17	0002011591	028-23823			Susquehanna Pacific Pty Ltd
0000919574-25-004849	5	0001844766	028-20927			Samlyn Long Alpha Master Fund, Ltd.
0000919574-25-004849	6	0001908041	028-22016			Samlyn Portable Alpha, Ltd.
0000919574-25-004849	1	0001393721	028-12828			SAMLYN ONSHORE FUND, LP
0000919574-25-004849	2	0001453676	028-13310			Samlyn Offshore Master Fund, Ltd.
0000919574-25-004849	3	0001446441	028-13210			Samlyn Partners, LLC
0000919574-25-004849	4	0001774696	028-20094			Samlyn Net Neutral Master Fund, Ltd.
0000950123-25-008240	1		028-20932			Mill Road Capital III GP LLC
0001879628-25-000006	22	0002009262	028-23821			SIG Growth Equity Funds Ltd Partnership, LLLP
0001879628-25-000006	16	0001879009	028-22417			Susquehanna Growth Equity Fund V, LLLP
0001879628-25-000006	15	0001906827	028-22416			Susquehanna Growth Equity Fund III, LLLP
0001795705-25-000005	3	0001686343	028-24754			RED CRANE WEALTH MANAGEMENT, LLC
0001795705-25-000005	4	0001764386				Claro Advisors LLC
0001795705-25-000005	1	0001707975	028-18386	000287755	801-110062	Jordan Park Group LLC
0001795705-25-000005	5	0001737109	028-18776			Integrated Wealth Concepts LLC
0001795705-25-000005	6			000322711		 LONETREE WEALTH MANAGEMENT
0001795705-25-000005	7	0001992825	028-23383			Farther Finance Advisors, LLC
0001795705-25-000005	8	0002056340	028-24979			May Hill Capital, LLC
0001795705-25-000005	9			000329186	801-129319	NOLET WEALTH MANAGEMENT, LLC
0001795705-25-000005	10	0000107136				&PARTNERS
0001795705-25-000005	11			000174215	801-121506	PATHWISE WEALTH PARTNERS, LLC
0001795705-25-000005	12	0002042876		000301764	801-115232	Optivise Advisory Services LLC
0001795705-25-000005	13	0002056683	028-25105	000142945	801-120900	Everest Management Corp.
0001795705-25-000005	14	0001803236		000298451	028-20156	Resonant Capital Advisors, LLC
0001795705-25-000005	15			000298277		 MANA FINANCIAL LIFE DESIGN, LLC
0001795705-25-000005	16	0001536755				Commonwealth Financial Services, LLC
0001795705-25-000005	17	0001071061	028-22576	000046047	801-106859	HANTZ FINANCIAL SERVICES, INC.
0001795705-25-000005	18	0001950637				Hibernia Wealth Partners, LLC
0001795705-25-000005	19	0001727599	028-18636	000153377	801-71301	Dynasty Wealth Management, LLC
0001795705-25-000005	20	0002011402				Edge Financial Advisors LLC
0001795705-25-000005	21	0001967844		000305002	801-117324	LUTS & GREENLEIGH GROUP, INC
0001795705-25-000005	22			000305999	801-117566	TSG ADVICE PARTNERS, LLC
0001795705-25-000005	23	0001922684				Paragon Private Wealth Management, LLC
0001795705-25-000005	24	0001956790				FourThought Financial Partners, LLC
0001795705-25-000005	25	0002056653				Helium Advisors LLC
0001795705-25-000005	26	0002056342				Boulay Financial Advisors, LLC
0001795705-25-000005	27	0001964541				DOVER ADVISORS, LLC
0001795705-25-000005	28	0001584086				Horan Capital Advisors, LLC.
0001795705-25-000005	29	0002012065				PROATHLETE WEALTH MANAGEMENT LLC
0001795705-25-000005	30					PROSPERO WEALTH, LLC
0001795705-25-000005	31	0001904154				Stonegate Investment Group, LLC
0001795705-25-000005	32			000334412		DAUNTLESS ADVISORY, LLC
0001795705-25-000005	33	0001633387				RFG Advisory, LLC
0001795705-25-000005	34	0001845251				Bison Wealth, LLC
0001795705-25-000005	35			000326638		GLOBAL IMPACT WEALTH MANAGEMENT
0001795705-25-000005	36			000288701		GRACE FINANCIAL ADVISORS LLC
0001795705-25-000005	37	0001936963				Exponent Wealth Inc.
0001795705-25-000005	38	0002006918				Integrity Wealth Solutions LLC
0001795705-25-000005	39	0001883006				Private Wealth Asset Management, LLC
0001795705-25-000005	40			000159736		THREE BELL CAPITAL LLC
0001795705-25-000005	41	0000874017				CRESCENT CAPITAL INC / DE
0001795705-25-000005	42	0001803005				Wealth Advisors of Iowa, LLC
0001795705-25-000005	43	0001862067				FWG Holdings, LLC
0001795705-25-000005	44	0001777271				Sanctuary Advisors, LLC
0001795705-25-000005	45			000284656		INTEGRATED WEALTH CONCEPTS LLC
0001795705-25-000005	2	0002040515		000172002	801-96180	Wealth Watch Advisors, INC
0001604488-25-000180	1	0001125816	028-06487			FIRST TRUST ADVISORS LP
0001616416-25-000010	1	0001633312				Bardin Hill Investment Partners LP
0000950123-25-008236	1		028-18569			EnCap Partners GP, LLC
0001500605-25-000007	1	0001512538	028-14173			New Vernon Capital Holdings II LLC
0001062993-25-014393	1					Broken Clock Management LLC
0001062993-25-014393	2					Arbiter Partners QP LP
0001859606-25-000019	1					Optiver US LLC
0001859606-25-000019	2					Optiver VOF
0001104659-25-078393	5	0001965163	028-23006			ECP V, LLC
0001104659-25-078393	6	0001965168	028-23003			ECP GP V, LP
0001104659-25-078393	4	0001844921	028-20830			Energy Capital Partners GP IV, LP
0001104659-25-078393	3	0001845291	028-20831			Energy Capital Partners IV, LLC
0001104659-25-078393	1	0001697506	028-17890			Energy Capital Partners GP III, LP
0001104659-25-078393	2	0001621292	028-17889			ENERGY CAPITAL PARTNERS III, LLC
0000950123-25-008233	1		028-18569			EnCap Partners GP, LLC
0001532155-25-000161	1	0001333986	028-19172			Equitable Holdings, Inc.
0000950123-25-008230	1		028-18569			EnCap Partners GP, LLC
0001167376-25-000013	1	0001114634	028-10109			Amalgamated Gadget, L.P.
0001167376-25-000013	2	0001199406	028-10277			RAYNOR GEOFFREY
0000921895-25-002271	2	0001744289	028-18891			GCM, L.L.C.
0000921895-25-002271	1	0001403169	028-18070	000108654	801-54965	GCM Grosvenor L.P.
0000950123-25-008227	1		028-18569			EnCap Partners GP, LLC
0000895345-25-000262	1	0000744455	028-10698			Empower Annuity Insurance Co of America
0001167376-25-000011	3	0001114634	028-10109			Amalgamated Gadget, L.P.
0001167376-25-000011	1	0001469588	028-13620			Q Global Capital Management, L.P.
0001167376-25-000011	2	0001199406	028-10277			RAYNOR GEOFFREY
0000950123-25-008225	1			000138111	801-66002	Balyasny Asset Management L.P.
0001213900-25-076347	1	0001892378	028-22092			MBB PUBLIC MARKETS I LLC
0001214659-25-012141	1	0001697723	028-17779	000282580	801-107319	AE Wealth Management LLC
0001085146-25-005183	1	0000940594	028-04613			ORBIS INVESTMENT MANAGEMENT LTD
0001085146-25-005183	2	0001598147	028-15939			Orbis Investment Management (U.S.), L.P.
0001085146-25-005183	3	0002001530	028-23469			Allan Gray Bermuda Ltd
0000080255-25-000547	6					T. Rowe Price Advisory Services, Inc.
0000080255-25-000547	5					T. Rowe Price Singapore Private Ltd.
0000080255-25-000547	4					T. Rowe Price Australia Limited
0000080255-25-000547	2					T. Rowe Price Hong Kong Limited
0000080255-25-000547	3					T. Rowe Price Japan, Inc.
0000080255-25-000547	1					T. Rowe Price International Ltd
0001166588-25-000035	1	0001197610	028-10283	000015794	8-32682	BNP PARIBAS SECURITIES CORP
0001086416-25-000011	1	0001731593	028-18623			Scoggin GP LLC
0001600064-25-000009	2	0001630806	028-17093		801-73042	Newfound Research LLC
0001600064-25-000009	1	0001632494	028-17968		801-80692	Amplify Investments, LLC
0000919574-25-004830	1	0001832346	028-25178			RPD Opportunity Fund LP
0001446194-25-000024	13	0001839852	028-20869			Darby Financial Products
0001446194-25-000024	11	0001136305	028-16683	000111528		G1 EXECUTION SERVICES, LLC
0001446194-25-000024	2	0001446580	028-13221	000035874		SUSQUEHANNA SECURITIES, LLC
0001446194-25-000024	1	0000918950	028-13224	000033875		SUSQUEHANNA INVESTMENT GROUP
0000919574-25-004828	1	0000019481	028-00085	000106982	801-5995	Virtus Investment Advisers, LLC
0001081698-25-000005	12	0001649553	028-17822			CVI Investments, Inc.
0000919574-25-004823	1	0001664809	028-17315			COATUE OFFSHORE MASTER FUND LP
0000919574-25-004823	10	0001698950	028-20867			COATUE KONA III LP
0000919574-25-004823	9	0001877824	028-21889			Coatue Asia Fund LP
0000919574-25-004823	11	0001735112	028-24152			Coatue CT XXIV LLC
0000919574-25-004823	2	0002010714	028-23809			Coatue Strategic Maple Long Only Fund LP
0000919574-25-004823	3	0001633822	028-16615			Coatue Long Only Offshore Master Fund Ltd
0000919574-25-004823	4	0002010699	028-23808			Coatue F1 LP
0000919574-25-004823	5	0001820111	028-20808			Coatue Smart Transportation Fund I LP
0000919574-25-004823	6	0001909273	028-24491			Coatue Climate Tech Fund II LP
0000919574-25-004823	7	0002018682	028-25217			Coatue Opportunity Fund II LP
0000919574-25-004823	8	0002044660	028-25214			Coatue Cardinal Main Fund LP
0001444949-25-000005	5	0001011712	028-13219			CAPITAL VENTURES INTERNATIONAL
0001444949-25-000005	10	0001628277	028-16682			CVI Opportunities Fund I, LLLP
0001444949-25-000005	18	0001728195	028-18766			Susquehanna Foundation
0000720672-25-000009	2	0001442676	028-13156	000145420	801-69131	EquityCompass Investment Management
0000720672-25-000009	3	0001483835	028-13699	000028218	801-43561	Stifel Independent Advisors, LLC
0000720672-25-000009	4	0001324943	028-11345	000133370	801-63656	1919 Investment Counsel, LLC
0000720672-25-000009	5	0001135986	028-06397			Stifel Trust Company, N.A.
0000720672-25-000009	6	0001592412	028-16086			Stifel Trust Co Delaware, N.A.
0000720672-25-000009	7	0001725950	028-19513	000281511	801-108807	Washington Crossing Advisers LLC
0000720672-25-000009	1	0000948905	028-06972	000000793	801-10746	STIFEL NICOLAUS & CO INC \MO\
0001145443-25-000239	5	0001254859	028-10490	000125142	801-61860	Manulife Investment Management (North America) Ltd
0001145443-25-000239	3	0001073894	028-15079			JOHN HANCOCK LIFE INSURANCE CO USA
0001145443-25-000239	6	0001553998	028-15006			Manulife Investment Management (Hong Kong) Ltd
0001145443-25-000239	1	0001086888	028-11519			MANULIFE FINANCIAL CORP
0001145443-25-000239	9	0001438311	028-13136	000282124	802-107009	CQS (UK) LLP
0001145443-25-000239	10	0001447946	028-13237	000147329	801-69452	CQS (US), LLC
0001145443-25-000239	2	0001343498	028-11524			Manulife Investment Management Ltd
0001145443-25-000239	4	0001034182	028-03673	000106435	801-42023	MANULIFE INVESTMENT MANAGEMENT (US) LLC
0001145443-25-000239	8	0001230788	028-19939	000105790	801-8124	JOHN HANCOCK INVESTMENT MANAGEMENT LLC
0001145443-25-000239	7	0001528732	028-14594			Manulife Investment Management (Europe) Ltd
0001420506-25-002127	1	0001454027	028-13309			Verition Fund Management LLC
0001172661-25-003396	1	0001280346	028-10832			DIKER GP LLC
0001666335-25-000010	1	0001827377	028-20930	000306046	801-119331	Rokos Capital Management (US) LP
0000919574-25-004821	2	0001754305	028-19569			North Square Investments, LLC
0000919574-25-004821	3	0001308668	028-10998			GuideStone Capital Management, LLC
0000919574-25-004821	1	0001163648	028-10064			CI INVESTMENTS INC.
0001398344-25-015491	1	0001821035	028-20951	000305092	801-117445	SevenOneSeven Capital Management
0000872786-25-000027	1	0002010606	028-23778			BNP Paribas (Suisse) S.A.
0000872786-25-000027	2	0002010602	028-23773			BNP Paribas Fortis
0000872786-25-000027	3	0002010597	028-23771			BGL BNP PARIBAS S.A.
0001862664-25-000001	2	0001319111	028-11308	000107346	801-23163	VIRTUS CAPITAL ADVISERS, LLC
0001862664-25-000001	1	0000019481	028-00085	000106982	801-5995	Virtus Investment Advisers, LLC
0001398344-25-015486	1	0001986209	028-23332	000324207	801-127110	ARISTOTLE INVESTMENT SERVICES, LLC
0001951757-25-001091	1					O'Shaughnessy Asset Management/ Canvas Custom Indexing 
0001398344-25-015484	1	0002068799	028-25629			Impact Asset Management GmbH
0001691919-25-000033	4	0002055506	028-25174	000317755	801-128668	Symmetry Investments US LLC
0001691919-25-000033	2	0002056605	028-25184	000314983	802-121607	Symmetry Investments Jersey Ltd
0001691919-25-000033	3	0001691917	028-25175	000171476	802-80045	Symmetry Investments UK LLP
0001691919-25-000033	1	0001691932	028-25180	000171483	802-80047	Symmetry Investments (Hong Kong) Ltd
0001085146-25-005152	5			000306871		Roman Retirement Planning
0001085146-25-005152	6			000312942	801-120723	Redwood Private Wealth
0001085146-25-005152	7	0002025898	028-24249	000329909	801-129742	Taiko Private Wealth, LLC
0001085146-25-005152	1			000325275		Ivanoff Wealth Management
0001085146-25-005152	2			000304639		Concordia Wealth Planning, LLC
0001085146-25-005152	3	0000789995		000018557	801-35642	INVESTMENT PLANNERS, INC.
0001085146-25-005152	4	0000715113	028-20473	000127654	801-63389	MJP ASSOCIATES INC /ADV
0001172661-25-003388	6	0000003520	028-00869	000106750	801-6709	FRED ALGER MANAGEMENT, LLC
0001172661-25-003388	5	0000932859	028-04558	000114310	801-60485	PARAMETRIC PORTFOLIO ASSOCIATES LLC
0001172661-25-003388	4	0001360025		000139684	801-66567	WisdomTree Asset Management Inc
0001172661-25-003388	3	0001305227	028-12016	000108928	801-56972	BlackRock Investment Management, LLC
0001172661-25-003388	2	0001730242	028-19649	000286620	801-110302	55I, LLC
0001172661-25-003388	1	0000874791	028-02903	000107003	801-8825	CAMPBELL NEWMAN ASSET MANAGEMENT INC
0000919574-25-004816	1	0001802726	028-19849			Nucleo Master Fundo De Investimento De Acoes
0000950123-25-008216	3		028-13126			Macquarie Investment Management Global Limited
0000950123-25-008216	1		028-13122			Macquarie Bank Limited
0000950123-25-008216	2					Macquarie Investment Management Advisers
0000950123-25-008216	10		028-17868			ValueInvest Asset Management S.A.
0000950123-25-008216	5		028-05267			Macquarie Investment Management Business Trust
0000950123-25-008216	9					Macquarie Investment Management Australia Limited
0000950123-25-008216	8					Macquarie Investment Management (Europe) Limited
0000950123-25-008216	7		028-14981			Macquarie Investment Management Austria Kapitalanlage AG
0000950123-25-008216	6		028-06487			First Trust Advisors L.P.
0001085146-25-005150	1					GKFO LLC
0000930413-25-002463	1	0001460304				VAN ECK ABSOLUTE RETURN ADVISERS CORP.
0000930413-25-002463	2					VanEck Investments Limited
0000930413-25-002463	3					VanEck Asset Management B.V.
0000919574-25-004815	1	0000907692	028-16475	000105146	801-24593	SEI INVESTMENTS MANAGEMENT CORP
0000919574-25-004815	2	0001966440	028-23268	000324308	802-127935	NATIONAL MUTUAL FUNDS MANAGEMENT LTD
0001085146-25-005142	1	0001048802	028-06550	000109580	801-54360	OSTERWEIS CAPITAL MANAGEMENT LLC/CA
0000902664-25-003596	2	0001511306	028-15285	000295259		TFG Asset Management UK LLP
0000902664-25-003596	1	0001511278	028-15282	000156040	801-74150	TFG Asset Management L.P.
0000902664-25-003596	3	0001511305	028-15284	000295265		TFG Asset Management US LP
0001172661-25-003374	1	0000924898		000113400	801-60345	LNW Wealth Management, LLC
0000950123-25-008196	8					Macquarie Investment Management (Europe) Limited
0000950123-25-008196	7		028-14981			Macquarie Investment Management Austria Kapitalanlage AG
0000950123-25-008196	6		028-06487			First Trust Advisors L.P.
0000950123-25-008196	5		028-05267			Macquarie Investment Management Business Trust
0000950123-25-008196	9					Macquarie Investment Management Australia Limited
0000950123-25-008196	2					Macquarie Investment Management Advisers
0000950123-25-008196	1		028-13122			Macquarie Bank Limited
0000950123-25-008196	10		028-17868			ValueInvest Asset Management S.A.
0000950123-25-008196	3		028-13126			Macquarie Investment Management Global Limited 
0001172661-25-003369	2	0001520194	028-14463	000014023	801-19690	Synovus Securities, Inc.
0001172661-25-003369	1	0000945597	028-04944	000168405	801-78344	SYNOVUS TRUST CO NA
0001068837-25-000033	5		028-16916			Voya Financial, Inc
0001068837-25-000033	1		028-01217		801-9046 	Voya Investment Management Co. LLC
0001068837-25-000033	3		028-04547		801-48282	Voya Investments, LLC
0001068837-25-000033	2		028-10070			Voya Investment Trust Co.
0001172661-25-003363	1	0001910104	028-22481	000167243	801-77960	Lebenthal Diversified Asset Management Inc.
0000072971-25-000214	15	0001417544	028-13118			WELLS FARGO CLEARING SERVICES, LLC
0000072971-25-000214	13	0001418112	028-13117			WELLS FARGO ADVISORS FINANCIAL NETWORK, LLC
0000072971-25-000214	4	0000740906	028-01341			WELLS FARGO BANK N A
0000072971-25-000214	24	0001470801	028-13600			Wells Fargo Securities, LLC
0000072971-25-000214	48	0001467728	028-22080			WELLS FARGO INVESTMENT INSTITUTE, INC.
0000072971-25-000214	17	0001418540	028-12628			WELLS FARGO DELAWARE TRUST CO, N.A.
0001424367-25-000012	5		028-16916			Voya Financial, Inc
0000919574-25-004812	1	0001734681	028-18701			KL Special Opportunities Master Fund Ltd.
0001213900-25-076263	3					Altshuler Shaham Yanshuf Gidur Ltd.
0001213900-25-076263	2					Altshuler Shaham Provident & Pension Funds Ltd.
0001213900-25-076263	5					Portfolio A Gidur Ltd.
0001213900-25-076263	1					Altshuler Shaham Mutual Funds Management Ltd.
0001213900-25-076263	4					Netz Gidur Ltd.
0000950123-25-008173	2		028-10477	000108257	801-25943	Columbia Management Investment Advisers, LLC
0000950123-25-008173	3		028-10458			Ameriprise Trust Co
0000950123-25-008173	23		028-10849			Thames River Capital LLP
0000950123-25-008173	22		028-12261	000160460	801-74649	Columbia Threadneedle (EM) Investments Ltd
0000950123-25-008173	20		028-17429	000105646	801-34270	Pyrford International Ltd
0000950123-25-008173	19		028-10846			Columbia Threadneedle Management Ltd
0000950123-25-008173	18		028-18942			Ameriprise Bank, FSB
0000950123-25-008173	17		028-03639	000111168	801-41391	Columbia Wanger Asset Management, LLC.
0000950123-25-008173	16		028-14918	000006363	801-28543	Ameriprise Financial Services, LLC
0000950123-25-008173	10		028-10644			Threadneedle Asset Management Holdings LTD
0000950123-25-008173	6		028-10460			RiverSource Life Insurance Co of New York
0000950123-25-008173	5		028-00143			RiverSource Life Insurance Co
0000950123-25-008173	4		028-00140			Ameriprise Certificate Co
0001172661-25-003351	1	0001300763	028-13228	000157074	801-72947	DME Advisors, LP
0001172661-25-003351	2	0001449674	028-13259	000157082	801-72948	Greenlight Masters, LLC
0001085146-25-005127	1	0001910444	028-22145	000317017	802-122686	Lynx1 Capital Advisors LLC
0000899140-25-000964	4	0001453226	028-15356			TWO SIGMA HORIZON PORTFOLIO, LLC
0000899140-25-000964	1	0001280134	028-10704			TWO SIGMA EQUITY PORTFOLIO LLC
0000899140-25-000964	2	0001316047	028-11144			TWO SIGMA SPECTRUM PORTFOLIO, LLC
0000899140-25-000964	3	0001600096	028-16011			Two Sigma Futures Portfolio, LLC
0000899140-25-000964	5	0001802995	028-20138			Two Sigma Equity Spectrum Portfolio, LLC
0000899140-25-000964	6	0001965609	028-23019			Two Sigma Blazar Portfolio, LLC
0000899140-25-000964	7	0001965593	028-23021			Two Sigma Navigator Portfolio, LLC
0001178913-25-002923	1	0002081195				F.I.B.I. Holdings Ltd.
0001444864-25-000006	1	0001848237		000286353		SkyView Investment Advisors, LLC
0000919574-25-004804	1	0001453379	028-25161			Ategra Community Financial Institution Fund, LP
0001104659-25-078296	3	0002035614	028-24360			Peak XV Partners Management V Ltd
0001104659-25-078296	2	0001657029				Peak XV Partners Principals Fund V LTD
0001104659-25-078296	1	0001657088				Peak XV Partners V Ltd.
0000943663-25-000230	1	0002057802	028-25422			Talaria Capital Pty Ltd
0000950123-25-008151	1		028-19296	000297181	801-113436	EnerVest Investment Services, L.L.C.
0001123292-25-000364	1	0002055207	028-25083			Gilead Therapeutics A1 Unlimited Co
0000935836-25-000503	1	0001794058		000306987		Valiant Peregrine Management, L.L.C.
0001737109-25-000006	5					Clark Capital Management Group
0001737109-25-000006	4					Capital Research & Management Company
0001737109-25-000006	3					Beacon Capital Management
0001737109-25-000006	2					Abner Herrman and Brock
0001737109-25-000006	1					Alliance Bernstein
0001737109-25-000006	25					Zacks Investment Management
0001737109-25-000006	24					Trillium Asset Management
0001737109-25-000006	23					Santa Barbara Asset Management
0001737109-25-000006	22					Richard Bernstein Adv
0001737109-25-000006	8					Davis Select Advisors
0001737109-25-000006	20					Parametric Portfolio Associates
0001737109-25-000006	19					Oak Ridge Investments
0001737109-25-000006	18					Nuveen
0001737109-25-000006	17					Natixis Multi
0001737109-25-000006	16					Natixis Loomis Sayles
0001737109-25-000006	15					Natixis AIA
0001737109-25-000006	14					Manning & Napier
0001737109-25-000006	13					LPL Research
0001737109-25-000006	12					Loomis Sayles
0001737109-25-000006	11					JP Morgan
0001737109-25-000006	10					Horizon Investments
0001737109-25-000006	9					Federated
0001737109-25-000006	6					Columbia Management Investments
0001737109-25-000006	7					Congress Asset Managemenet
0001737109-25-000006	21					Polen Capital Management
0001085146-25-005104	33	0001133639	028-06325	000109591	801-57396	NEW YORK LIFE INVESTMENT MANAGEMENT LLC
0001085146-25-005104	32	0001308668	028-10998	000112319	801-60303	GuideStone Capital Management, LLC
0001085146-25-005104	31	0001640801	028-16979	000175101	801-81084	Park Avenue Institutional Advisers LLC
0001085146-25-005104	30	0001536185	028-14633	000156933	801-72220	Equitable Investment Management Group, LLC
0001085146-25-005104	16	0001874815	028-21345			Janus Henderson Investors (Jersey) Ltd
0001085146-25-005104	12	0001810753	028-20257			Janus Henderson Investors (Singapore) Ltd
0001085146-25-005104	40	0001966440	028-23268	000107027	802-127935	NATIONAL MUTUAL FUNDS MANAGEMENT LTD
0001085146-25-005104	10	0000812295	028-01343	000104652	801-13991	JANUS HENDERSON INVESTORS US LLC
0001085146-25-005104	11	0001794678	028-20157			Janus Henderson Investors (Australia) Institutional Funds Management Ltd
0001085146-25-005104	4	0001280110	028-10906			JANUS HENDERSON INVESTORS UK Ltd
0001085146-25-005104	39	0001125816	028-06487	000107027	801-39950	FIRST TRUST ADVISORS LP
0001085146-25-005104	37	0000855702	028-18923	000107518	801-35477	Penn Mutual Asset Management
0001085146-25-005104	36	0001499091	028-14003	000105169	801-15057	Pacific Life Fund Advisors LLC
0001085146-25-005104	35	0000073124	028-00290	000007927	801-80781	NORTHERN TRUST CORP
0001085146-25-005104	34	0001097218	028-05161	000109391	801-56370	Nationwide Fund Advisors
0000919574-25-004794	1	0001067768	028-21900			Malta Hedge Fund II, L.P.
0000919574-25-004794	3	0001648022	028-25281			MALTA TITAN FUND, L.P.
0000919574-25-004794	2	0002007214	028-25279			Malta Opportunity Fund LP
0000021175-25-000078	3		028-00387			Continental Casualty Company
0000021175-25-000078	2		028-00172			The Continental Corporation
0000021175-25-000078	1		028-00217			Loews Corporation
0001844640-25-000010	1	0002064465				Squarepoint (DIFC) Ltd
0001844640-25-000010	2	0001647094	028-16942	000137911	802-80087	Squarepoint Capital LLP
0001041062-25-000162	3	0001204692	028-10297			SEI TRUST CO
0001041062-25-000162	4	0001633036	028-16449			SEI Investments Canada Co
0001041062-25-000162	2	0000907692	028-16475	000105146	801-24593	SEI INVESTMENTS MANAGEMENT CORP
0001041062-25-000162	1	0001510989	028-14070	000144908	801-70305	Informed Momentum Co LLC
0001104659-25-078238	5	0001801182	028-22144			Bullfrog Capital GP, Ltd.
0001104659-25-078238	6	0001851168	028-23037			Ribbit Bullfrog GP II, Ltd.
0001104659-25-078238	4	0001697452	028-22185			Ribbit Capital GP IV, Ltd.
0001104659-25-078238	3	0001912617	028-22332			Ribbit Capital GP III, Ltd.
0001104659-25-078238	2	0001912628	028-22331			Ribbit Capital GP II, Ltd.
0001104659-25-078238	1	0001571355	028-23039			Malka Meyer
0000899140-25-000953	2	0001569731	028-15404			TWO SIGMA ACTIVE EXTENSION U.S. ALL CAP EQUITY PORTFOLIO, LLC
0000899140-25-000953	3	0001559804	028-15364			Two Sigma Active Extension U.S. Small Cap Equity Fund, LP
0000899140-25-000953	4	0001667002	028-17346			Two Sigma Equity Risk Premia Portfolio, LLC
0000899140-25-000953	5	0001630305	028-17350			Two Sigma World Core Fund, LP
0000899140-25-000953	1	0001569734	028-15367			TWO SIGMA ABSOLUTE RETURN PORTFOLIO, LLC
0000950123-25-008142	1		28-13926			Meiji Yasuda Life Insurance Company
0001398344-25-015458	1		028-00126			The Glenmede Trust Company, N.A.
0002001900-25-000021	5			000301761	801-116970	VISE AI Advisors
0002001900-25-000021	7	0001345576	028-11543	000112266	801-62058	Advisors Capital Management, LLC
0002001900-25-000021	8	0001703301	028-18017	000171992	801-80178	SpiderRock Advisors, LLC
0002001900-25-000021	11	0001360533	028-11877	000107975	801-57265	Orion Porfolio Solutions, LLC
0002001900-25-000021	12			000131825	801-69664	Greenrock Research, Inc.
0002001900-25-000021	16	0001861558	028-21229	000153062	801-71246	Gitterman Wealth Management, LLC
0002001900-25-000021	3	0001109448	028-10562	000108477	801-56720	ALLIANCEBERNSTEIN L.P.
0002001900-25-000021	2	0001802647	028-20154	000107975	801-57265	Orion Portfolio Solutions
0002001900-25-000021	9	0001364615	028-11964	000111616	801-57184	Aperio Group, LLC
0001085146-25-005087	3	0001387344	028-12418			Fortress Operating Entity I LP
0001085146-25-005087	4	0001245521	028-10806	000129612	801-62982	FIG LLC
0001085146-25-005087	2	0001387345	028-12417			FIG Blue LLC
0001085146-25-005087	12	0002024043	028-24316			Foundation Holdco LP
0001085146-25-005087	11	0002024235	028-24315			FINCO I LLC
0001085146-25-005087	10	0002024037	028-24314			FINCO I Intermediate Holdco LLC
0001085146-25-005087	1	0001380393	028-12421			Fortress Investment Group LLC
0001085146-25-005087	5	0001252267	028-11237	000290786	801-62982	DRAWBRIDGE SPECIAL OPPORTUNITIES ADVISORS LLC
0001085146-25-005087	6	0001521338	028-16784	000290815	801-62982	Fortress Credit Opportunities Advisors LLC
0001085146-25-005087	7	0001633593	028-16785	000290817	801-62982	Fortress Credit Opportunities III Advisors LLC
0001085146-25-005087	8	0002024046	028-24312			FIG Buyer GP, LLC
0001085146-25-005087	9	0002024041	028-24313			FIG Parent, LLC
0000904454-25-000420	2	0001576841	028-15488			Palisades Safety & Insurance Association
0000904454-25-000420	1	0001556246	028-15035			Plymouth Rock Co Inc
0001481986-25-000039	2					DRW Investments, LLC
0001481986-25-000039	9					DRW Europe B.V.
0001481986-25-000039	5					DRW Singapore Pte., Ltd.
0001481986-25-000039	1			000045908	8-51241	DRW Securities LLC
0000919574-25-004789	1	0001946122	028-22661			Kosmin Fund Ltd
0001172661-25-003327	2	0001534288	028-14592			Lakewood Capital Advisors, LLC
0001172661-25-003327	1	0001409705	028-14591			Lakewood Capital Partners, LP
0001357550-25-000027	2	0001298983				BIP GP LLC
0001357550-25-000027	1	0001357643				WEISS ANDREW M
0000902219-25-000356	6		028-16902		801-77318	Wellington Management International Ltd
0000902219-25-000356	7					Wellington Trust Company, NA
0000902219-25-000356	5		028-16901		801-80253	Wellington Management Singapore Pte. Ltd.
0000902219-25-000356	4		028-16900	000165192	801-77317	Wellington Management Japan Pte Ltd
0000902219-25-000356	3		028-16904	000165208	801-77319	Wellington Management Hong Kong Ltd
0000902219-25-000356	2		028-16903	000172386	801-80256	Wellington Managment Canada LLC
0000902219-25-000356	1		028-16899	000106595	801-15908	Wellington Management Company LLP
0000902219-25-000356	10		028-06325	000109591	801-57396	New York Life Investment Management LLC
0000902219-25-000356	9					Wellington Management Europe GmbH
0000902219-25-000356	8					Wellington Management Australia Pty Ltd
0001398344-25-015451	3		028-11035			PITCAIRN FINANCIAL GROUP LLC
0001398344-25-015451	2		028-02426			PITCAIRN TRUST COMPANY LLC
0001357550-25-000026	1	0001357643				WEISS ANDREW M
0001357550-25-000026	2	0001298983				BIP GP LLC
0000919574-25-004780	1	0001448009	028-13775			FRESHFORD PARTNERS, LP
0000919574-25-004780	2	0001722659	028-18484			Long Meadow, L.P.
0001178913-25-002913	1	0001506486	028-14324			Menora Mivtachim Insurance Ltd.
0001178913-25-002913	2	0001506485	028-14326			Menora Mivtachim Pensions & Gemel Ltd.
0001134007-25-000009	1	0001484256	028-15568	000150646	801-70321	RiverPark Advisors, LLC
0001172661-25-003322	1	0001925920	028-22497	000164387	802-76755	Dymon Asia Capital (HK) Ltd
0001140361-25-031075	1		28-20053	000160328	802-75591	Mirabella Financial Services LLP
0001665337-25-000006	5	0001018331				NATIXIS ADVISORS, LLC
0001665337-25-000006	4	0001006364				Hardman Johnston Global Advisors LLC
0001665337-25-000006	6	0001112325				RIVERBRIDGE PARTNERS LLC
0001665337-25-000006	7	0000850529				Fisher Asset Management, LLC
0001665337-25-000006	3	0001171592				HAHN CAPITAL MANAGEMENT LLC
0001665337-25-000006	8	0001016972				ARCADIA INVESTMENT MANAGEMENT CORP/MI
0001665337-25-000006	9	0000945631				EAGLE CAPITAL MANAGEMENT LLC
0001665337-25-000006	2	0001842149				Heron Bay Capital Management
0001665337-25-000006	1	0001562855				Clarkston Capital Partners, LLC
0001665337-25-000006	11	0001207017				LAZARD ASSET MANAGEMENT LLC
0001665337-25-000006	10	0001102578				EARNEST PARTNERS LLC
0000936753-25-000065	2	0000102909	028-06408			VANGUARD GROUP INC
0000936753-25-000065	1	0000884546	028-03128			CHARLES SCHWAB INVESTMENT MANAGEMENT INC
0001178913-25-002909	1	0001709622	028-19105			Noked Capital LTD
0001172661-25-003312	2	0001080371	028-04407			KELLNER MARJORIE GOCHBERG
0001172661-25-003312	1	0001074026	028-07384			BOHRER NATHANIEL
0001172661-25-003310	1	0001364615	028-11964	000111616	801-57184	Aperio Group, LLC
0001172661-25-003310	2	0000932859	028-04558	000114310	801-60485	PARAMETRIC PORTFOLIO ASSOCIATES LLC
0001172661-25-003310	3	0001759654	028-19308	000298733	801-114071	Quantinno Capital Management LP
0001172661-25-003309	1			000139068	801-65865	HighVista Private Capital Management LLC
0001437749-25-026720	1	0001767652	028-19387			Data LLC
0001011438-25-000429	4	0001596724	028-20419	000159198	801-72878	ICQ Management, LLC
0001011438-25-000429	3	0001785120	028-20402			ICONIQ Strategic Partners IV GP, L.P.
0001011438-25-000429	2	0001766963	028-20401	000159198	801-72878	ICONIQ Strategic Partners III GP, L.P.
0001011438-25-000429	1	0001702932	028-20400	000159198	801-72878	ICONIQ Strategic Partners II GP, L.P.
0001011438-25-000429	5	0001825883	028-21232			ICONIQ Strategic Partners V GP, L.P.
0001011438-25-000429	6	0001832801	028-20407			ICQ BB GP, LLC
0001011438-25-000429	8	0001865129	028-22030			ICQ Co-Investment II TT GP, LLC
0001011438-25-000429	12	0001785126	028-20418	000159198	801-72878	ICQ Opportunities GP, L.P.
0001011438-25-000429	11	0001889156	028-22937			ICONIQ Capital Group GP, LLC
0001011438-25-000429	10	0001864748	028-22029			ICONIQ Strategic Partners VI GP, L.P.
0001398344-25-015429	3	0001102578	028-05269		801-56189	EARNEST PARTNERS LLC
0001398344-25-015429	11	0001703301	028-18017		801-80178	SpiderRock Advisors, LLC
0001398344-25-015429	6	0001363391	028-11937		801-21011	J.P. Morgan Investment Management Inc.
0001172661-25-003304	2	0001965543	028-23030			Polar Capital (Switzerland) AG
0001172661-25-003304	1	0001439303	028-13167			Polar Capital LLP
0000945621-25-000765	2	0001274419	028-25196			CREDIT INDUSTRIEL ET COMMERCIAL
0000945621-25-000765	12	0002080396	028-25722			Banque Transatlantique Luxembourg
0000945621-25-000765	6	0002056211	028-25252			Dubly Transatlantique Gestion
0000945621-25-000765	1	0002056094	028-25262			Caisse Federale de Credit Mutuel
0000945621-25-000765	7	0002056097	028-25254			Banque Transatlantique Belgium
0001393825-25-000062	1	0002033916	028-24328			Hudson Bay Capital UK LLP
0000950123-25-008117	2					Calibrium Management Company S.A.
0000950123-25-008117	1					Calibrium AG
0001398344-25-015425	1	0001986209	028-23332	000324207	801-127110	ARISTOTLE INVESTMENT SERVICES, LLC
0001398344-25-015425	2	0001499091	028-14003	000105169	801-15057	Pacific Life Fund Advisors LLC
0000950123-25-008111	1		028-11496			UBS Financial Services Inc
0000950123-25-008111	4		028-11516			Credit Suisse International
0000950123-25-008111	8		028-13460			Credit Suisse Hedging-Griffo Wealth Management S.A.
0000950123-25-008111	30		028-10396			UBS AG
0000950123-25-008111	31		028-21410			UBS Switzerland AG
0000950123-25-008111	34		028-21431			UBS Europe SE
0000950123-25-008111	35		028-22388			UBS Bank (Canada)
0000950123-25-008111	39		028-21440			UBS La Maison de Gestion
0000950123-25-008111	40		028-21410			UBS Securities LLC
0000950123-25-008111	43		028-21429			UBS Brasil Administradora de Valores Mobiliarios Ltda
0000950123-25-008111	44		028-22657			UBS (Monaco) S.A.
0000950123-25-008111	61		028-25092			UBS SuMi TRUST Wealth Management Co., Ltd.
0001104659-25-078162	1	0001125816	028-06487	000107027	801-39950	FIRST TRUST ADVISORS LP
0001277372-25-000002	2	0000019481	028-00085	000106982	801-5995	Virtus Investment Advisers, LLC
0001277372-25-000002	1	0001277372	028-11493	000135955	801-73214	WESTCHESTER CAPITAL PARTNERS, LLC
0001420506-25-002011	1	0001979670	028-23350	000302116	801-116833	PICKERING ENERGY PARTNERS LP
0000919574-25-004749	1	0001737513	028-18883			Redwood Capital Management Holdings, LP
0001172661-25-003279	1	0001535978		000160679	801-73131	Adage Capital Management, L.P.
0001085146-25-005065	1	0001380126	028-14774			683 Capital Partners, LP
0001398344-25-015416	1	0001986209	028-23332	000324207	801-127110	ARISTOTLE INVESTMENT SERVICES, LLC
0001398344-25-015409	1	0001869028	028-21338			DC Funds, LP
0001398344-25-015402	1		028-12230	000134340	801-67135	ALPS ADVISORS INC
0001398344-25-015402	2	0001986209	028-23332	000324207	801-127110	ARISTOTLE INVESTMENT SERVICES, LLC
0000950123-25-008091	1		028-21985			EBBEL MATTHEW
0001172661-25-003276	1	0001430089	028-15564			Selkirk Partners, LP
0001172661-25-003259	1	0001965939	028-23103	000307934	801-123028	ISAM (USA) LLC
0000898427-25-000018	7	0001577619	028-18431	000309494	802-119059	AXA Investment Managers Paris
0000898427-25-000018	12	0001972748	028-23243			AXA Investment Managers Select Indonesia PT
0000898427-25-000018	13	0001767329	028-21566	000159408	801-73383	W Capital Management, LLC
0000898427-25-000018	11	0001920120	028-22489	000113608	801-60374	AXA Investment Managers US Inc.
0000898427-25-000018	10	0001828039	028-20829	000282641	802-107315	AXA Real Estate Investment Managers SGP
0000898427-25-000018	8	0001536140	028-18429	000319562	802-125804	AXA INVESTMENT MANAGERS UK Ltd
0000950157-25-000672	3	0001900825	028-22067			Groom Simon
0000950157-25-000672	2	0001901768	028-22068			Hill James W.
0000950157-25-000672	1	0001900899	028-22066			Global Media & Entertainment Investments Trust
0001420506-25-001999	1	0002058194	028-25591	000328190	801-128870	2Xideas US Inc.
0001172661-25-003254	1	0001744347	028-19675	000286622	801-114538	Vident Advisory, LLC
0001214659-25-012042	1	0001501577	028-16772			Richmond Hill Investment Co., LP
0000950123-25-008060	3		028-25150			Forbion Growth Management II B.V.
0000950123-25-008060	2		028-24010			Forbion IV Management B.V.
0000950123-25-008060	1		028-24009			Forbion Growth Management B.V.
0001213900-25-076053	1	0001697865	028-17898			E-L Financial Corp Ltd
0000897101-25-000467	1	0001053046	028-19972	000108271	801-55201	SIT FIXED INCOME ADVISORS II LLC /ADV
0000093751-25-000521	8		028-11330			STATE STREET GLOBAL ADVISORS, AUSTRALIA, LIMITED
0000093751-25-000521	11		028-18493			STATE STREET GLOBAL ADVISORS SINGAPORE LIMITED
0000093751-25-000521	10		028-11332			STATE STREET GLOBAL ADVISORS (JAPAN) CO., LTD.
0000093751-25-000521	19		028-14459			STATE STREET GLOBAL ADVISORS EUROPE LIMITED
0000093751-25-000521	12		028-11331			STATE STREET GLOBAL ADVISORS ASIA LIMITED
0000093751-25-000521	6		028-11327			STATE STREET GLOBAL ADVISORS, LTD.
0000093751-25-000521	5		028-11326			STATE STREET GLOBAL ADVISORS LIMITED
0000093751-25-000521	2		028-11338	000111242	801-60103	SSGA FUNDS MANAGEMENT, INC.
0000093751-25-000521	1		028-00733			STATE STREET BANK AND TRUST COMPANY
0000093751-25-000521	20		028-18135			STATE STREET GLOBAL ADVISORS TRUST COMPANY
0000093751-25-000521	299		028-23253			STATE STREET SAUDI ARABIA FINANCIAL SOLUTIONS CO
0001172661-25-003247	1	0001767558	028-19374	000132210	801-63787	London & Capital Wealth Advisers Ltd
0001481045-25-000007	1	0001513151	028-14429			Daiwa Asset Management Co. Ltd
0001481045-25-000007	4	0001512777	028-14427			Daiwa America Strategic Advisors Corp
0001481045-25-000007	3	0001512694	028-14428			Daiwa Capital Markets America Holdings Inc.
0001481045-25-000007	2	0001545860	028-14945			Daiwa International Holdings Inc.
0000950123-25-008034	14		28-21915			BCPE Eagle Investor, LP
0000950123-25-008034	15		28-25289			BCPE Derby Investor, LP
0000950123-25-008034	16		28-25283			BCPE Derby (DE) SPV, LP
0000950123-25-008034	17		28-18474			BCPE Seminole GP LLC
0000950123-25-008034	18		28-18475			BCPE Seminole Holdings LP
0000950123-25-008034	19		28-22965			BCPE Seminole Holdings IV, L.P.
0000950123-25-008034	20		28-22974			BCPE Seminole GP II LLC
0000950123-25-008034	21		28-22973			BCPE Seminole GP III LLC
0000950123-25-008034	22		28-22977			BCPE Seminole Holdings II Intermediate LP
0000950123-25-008034	23		28-22967			BCPE Seminole Holdings III, L.P.
0000950123-25-008034	1		28-20812			Bain Capital Partners XII, LLC
0000950123-25-008034	13		28-25291			BCPE Derby (DE) SPV (GP), LLC
0000950123-25-008034	12		28-25287			BCPE Derby GP, LLC
0000950123-25-008034	11		28-22026			BCPE Eagle GP, LLC
0000950123-25-008034	2		28-20813			Bain Capital Fund XII, L.P.
0000950123-25-008034	9		28-21922			Bain Capital Partners XI, L.P.
0000950123-25-008034	10		28-16158			Bain Capital Fund XI, L.P.
0000950123-25-008034	8		28-25284			BCPE Nucleon (DE) SPV, LP
0000950123-25-008034	7		28-25285			BCPE Nucleon (DE) SPV (GP), LLC
0000950123-25-008034	6		28-25286			BCPE Nucleon Investors, LP
0000950123-25-008034	5		28-25288			BCPE Nucleon Investors (GP), LLC
0000950123-25-008034	4		28-20815			BC Perception Holdings, LP
0000950123-25-008034	3		28-20811			BCPE Perception GP, LLC
0001104659-25-078065	1					Hal Mintz
0000950123-25-007999	4		028-12592			The Bank of New York Mellon Corporation
0000950123-25-007999	3		028-00127			BNY Mellon Investment Adviser, Inc.
0000950123-25-007999	2		028-05074			Sarofim International Management Co
0000950123-25-007999	1		028-00960			Sarofim Trust Co
0000950123-25-007996	3		28-25130			Bain Capital Venture Coinvestment II Investors, LLC
0000950123-25-007996	4		28-25131			Bain Capital Venture Coinvestment Fund II, L.P.
0000950123-25-007996	1		28-21920			Bain Capital Venture Investors 2019, LLC
0000950123-25-007996	2		28-21929			Bain Capital Venture Fund 2019, L.P.
0000950123-25-007990	1		028-14193			Power Corp of Canada
0000950123-25-007990	2		028-22607			GrayHawk Investment Strategies Inc.
0000950123-25-007983	2		028-21910			Indigo Denver Management LLC
0000950123-25-007983	1		028-16995			Indigo Latam Management LLC
0000950123-25-007978	1		028-21280			SPT Invest Management Sarl
0000950123-25-007978	2		028-23102			SIEMENS AG
0001861244-25-000006	1	0002023273		000328093		Cederberg Capital Asia Ltd
0001104659-25-078012	3	0001570769	028-15595		028-15595	1922 Trust
0001104659-25-078012	2	0001584304	028-15596		028-15596	1922 Investments GP LLC
0001104659-25-078012	1	0001584306	028-15594		028-15594	1922 Investments Holdings Partners LP
0000950103-25-010284	1	0001393014	028-18537			Angelakis Michael J
0000950123-25-007960	1		028-02405			Cohen & Steers Capital Management Inc
0000950123-25-007960	2		028-15583			Cohen & Steers UK Ltd
0001641172-25-023683	1	0001870063	028-23848			Permira V G.P. Ltd
0001641172-25-023683	3	0001884421	028-23841			Permira VII GP S.a r.l.
0001641172-25-023683	2	0002011266	028-23843			Permira Growth Opportunities II GP S.A.R.L.
0001104659-25-077983	1	0001228754	028-22528			PLATINUM EQUITY, LLC
0000950103-25-010281	2	0001671176	028-23365			Atairos Partners GP, Inc.
0000950103-25-010281	3	0001393014	028-18537			Angelakis Michael J
0000950103-25-010281	1	0001671185	028-18540			Atairos Partners, L.P.
0001641172-25-023674	1	0001730859	028-18611	000286323	801-108927	SB INVESTMENT ADVISERS (US) INC.
0001104659-25-077958	21	0001512449	028-14163			Tembusu Capital Pte. Ltd.
0001104659-25-077958	22	0001841292	028-20817			Birchtree Fund Investments Private Ltd
0001104659-25-077958	23	0002053372	028-25122			Hong Lim Fund Investments Pte Ltd
0001104659-25-077958	24	0001568353	028-15193			Fullerton Fund Investments Pte Ltd
0001104659-25-077958	25	0002053398	028-25119			Robson Investments Pte. Ltd.
0001104659-25-077958	26	0002053304	028-25117			Alsek Investments Pte. Ltd.
0001104659-25-077958	27	0002053341	028-25123			Whitecap Investments Pte. Ltd.
0001104659-25-077958	28	0002053227	028-25121			Waddington Investments Pte. Ltd.
0001104659-25-077958	29	0002053326	028-25118			Antero Investments Pte. Ltd.
0001104659-25-077958	30	0002053370	028-25120			Temasek Capital (Americas) Holdings Pte. Ltd.
0001104659-25-077958	20	0001599334	028-15912			Esta Investments Pte. Ltd.
0001104659-25-077958	19	0001568354	028-15195			Thomson Capital Pte. Ltd.
0001104659-25-077958	18	0001767731	028-19221			Anderson Investments Pte. Ltd.
0001104659-25-077958	17	0001568351	028-15196			Dahlia Investments Pte. Ltd.
0001104659-25-077958	16	0001735865	028-19228			Bartley Investments Pte. Ltd.
0001104659-25-077958	15	0001766188	028-19227			Ellington Investments Pte. Ltd.
0001104659-25-077958	14	0001379348	028-13103			Fullerton Management Pte Ltd
0001104659-25-077958	13	0001666721	028-17256			Ixora Investments Pte. Ltd.
0001104659-25-077958	12	0001434871	028-13098			Canhill Investments Pte. Ltd.
0001104659-25-077958	11	0001512375	028-15904			Munday Investments Pte. Ltd.
0001104659-25-077958	10	0001379349	028-15907			Temasek Life Sciences Private Ltd
0001104659-25-077958	9	0001379350	028-15905			V-Sciences Investments Pte Ltd
0001104659-25-077958	8	0001673754	028-19223			TLS Beta Pte. Ltd.
0001104659-25-077958	7	0001810114	028-20818			Hotham Investments Pte. Ltd.
0001104659-25-077958	6	0001810133	028-20819			Ossa Investments Pte. Ltd.
0001104659-25-077958	5	0001434866	028-13090			Temasek Capital (Private) Ltd
0001104659-25-077958	4	0001666149	028-17259			Evans Investments Pte. Ltd.
0001104659-25-077958	3	0001434867	028-13095			Seletar Investments Pte Ltd
0001104659-25-077958	2	0001962781	028-22962			Alberta Investments Pte. Ltd.
0001104659-25-077958	1	0001666144	028-17255			Aranda Investments Pte. Ltd.
0001612063-25-000010	1	0001456098	028-13467			Winton Capital Management Ltd
0001104659-25-077896	1	0001623510	028-16288			Fidelidade-Companhia de Seguros, S.A.
0001104659-25-077829	1	0001275991	028-12555			HAMBLIN WATSA INVESTMENT COUNSEL LTD
0001104659-25-077829	2	0000938869	028-12556			WATSA V PREM ET AL
0000919574-25-004649	2	0002035751	028-24477	000141488	801-69009	Shepherd Kaplan, LLC
0001560717-25-000006	1		028-15741	000137945	028-15741	FOUNDERS FINANCIAL SECURITIES LLC
0000919574-25-004667	1	0001278386	028-13770			BROADWOOD PARTNERS, L.P.
0000919574-25-004664	1	0000890847	028-11515			NEEDHAM EMERGING GROWTH PARTNERS LP
0000919574-25-004664	2	0001310572	028-11514			NEEDHAM GROWTH FUND
0000919574-25-004664	3	0001539485	028-14743			Needham Small Cap Growth Fund
0000919574-25-004664	4	0001539484	028-14744			Needham Aggressive Growth Fund
0001626116-25-000004	1			000111616	801-57184	APERIO GROUP, LLC
0001626116-25-000004	3			000124982	801-61786	BOSTON PARTNERS
0001626116-25-000004	4			000162492	801-74578	BRAMSHILL INVESTMENTS, LLC
0001626116-25-000004	7			000121942	801-61559	GW&K INVESTMENT MANAGEMENT, LLC
0001626116-25-000004	8			000148267	801-71099	LYRICAL ASSET MANAGEMENT LP
0001626116-25-000004	9			000114310	801-60485	PARAMETRIC PORTFOLIO ASSOCIATES
0001086763-25-000012	1	0001512978	028-14438			Brookmont Capital Management
0001086763-25-000012	2	0001758552			025-04210	FIRST FOUNDATION BANK
0000919574-25-004699	1	0001597786	028-16056			Berkshire Partners Holdings LLC
0000919574-25-004699	2	0001597787	028-16060			BPSP, L.P.
0000919574-25-004676	1	0001722657	028-18174			BrandyTrust Global Partners, LP
0000919574-25-004676	2	0000922437	028-06287			ABANCO INVESTORS LTD., LLC
0000919574-25-004676	3	0001966553	028-23262			RDZ Family, LLC
0000919574-25-004639	1	0001511880	028-14311			Theleme Master Fund Ltd
0000919574-25-004639	2	0001805802	028-22495			Theleme Special Purpose Fund I LP
0000919574-25-004627	1	0000937073	028-10572			COBALT PARTNERS, L.P.
0000919574-25-004687	1	0001598751	028-15855			LANSDOWNE DEVELOPED MARKETS LONG ONLY MASTER FUND LTD
0000919574-25-004687	2	0001598759	028-15856			LANSDOWNE DM LONG ONLY CAYMAN MASTER LP
0000919574-25-004687	3	0001644532	028-17196			LANSDOWNE DMLO DAVIES STREET LP
0001140361-25-030927	1	0001698221	028-17953			Fiduciary Trust Co of New England
0001635409-25-000005	1	0001638266	028-17229			HARBOR SPRING MASTER FUND, LP
0000919574-25-004660	1	0001665975	028-20105			EDENBROOK LONG ONLY VALUE FUND, LP
0000919574-25-004663	1	0001269119	028-10748	000000249	801-887	OPPENHEIMER ASSET MANAGEMENT INC.
0000919574-25-004693	1	0001566718	028-15273			RIVULET CAPITAL MASTER FUND, LTD.
0001759004-25-000002	2	0001796861	028-20020			Maven Investment Partners US Ltd
0001759004-25-000002	1	0001759004	028-18941			Maven Investment Partners Ltd
0000919574-25-004645	1	0001844084	028-20800			140 Summer Partners Master Fund LP
0001389958-25-000020	1	0001756111	028-18926			PEAK6 Investments LLC
0001389958-25-000020	2	0001389956	028-12348	000043773	8-50422	PEAK6 Capital Management LLC
0001389958-25-000020	3	0001389957	028-12352			PEAK6 Group LLC
0001389958-25-000020	4	0000278331	028-17307	000013071	8-23522	APEX CLEARING CORPORATION
0001802695-25-000007	1	0001975752				Perseverance Asset Management International (Singapore) Pte. Ltd.
0001600636-25-000003	1		028-02635			Gardner Russo & Quinn LLC
0000919574-25-004636	1	0000763311	028-11691			MARATHON PARTNERS L.P.
0000919574-25-004629	1	0001844792	028-21825			Stoneleigh Partners, LP
0000919574-25-004697	1	0001597786	028-16056			Berkshire Partners Holdings LLC
0000919574-25-004697	2	0001597787	028-16060			BPSP, L.P.
0000919574-25-004679	1	0001567982	028-15960			Simcah Management LLC
0000919574-25-004671	1	0000914699	028-13190			Southport Management Limited Partnership
0001772715-25-000006	1	0001569366		000162995	802-75210	PARAMETRICA ASSET MANAGEMENT LTD.
0001772715-25-000006	2	0001088084		000283221	801-107633	GOLDMAN SACHS ASSET MANAGEMENT/
0001626116-25-000004	11			000110631	801-20841	PINNACLE ASSOCIATES, LTD.
0001626116-25-000004	13			000144594	801-68177	O'SHAUGHNESSY ASSET MANAGEMENT, LLC
0001626116-25-000004	14			000171992	801-80178	SPIDERROCK ADVISORS, LLC
0001275218-25-000004	1		028-129569			North Square Investments, LLC 
0000919574-25-004649	1	0001710524	028-18093	000141488	801-69009	Peak Capital Management LLC
0001951757-25-001086	1					Dimensional Fund Advisors
0001832158-25-000005	1		028-21173			VectorGlobal IAG, Inc.
0000949509-25-000005	1	0001001085	028-14349			BROOKFIELD Corp /ON/
0000949509-25-000005	2	0001790787	028-20007			Oaktree Capital Holdings, LLC
0001172661-25-003216	2	0001589122				Exor N.V.
0001172661-25-003216	1	0002014862				Giovanni Agnelli B.V.
0000919574-25-004622	1	0001350877	028-11626			INDUS PARTNERS, LLC
0000949509-25-000004	1	0001001085	028-14349			BROOKFIELD Corp /ON/
0000949509-25-000004	2	0001790787	028-20007			Oaktree Capital Holdings, LLC
0001085146-25-005034	4	0001542162	028-14797	000106375	801-47290	Signature Financial Management, Inc.
0001085146-25-005034	3	0001742040	028-18857	000168985	801-80609	Brown Advisory Ltd
0001085146-25-005034	5	0001133639	028-06325	000109591	801-57396	NEW YORK LIFE INVESTMENT MANAGEMENT LLC
0001085146-25-005034	2	0001114667	028-05775	000110181	801-38826	Brown Advisory LLC
0001085146-25-005034	1	0001079817	028-04859			BROWN INVESTMENT ADVISORY & TRUST CO
0001172661-25-003210	8	0001482818	028-13721			Amundi Japan Ltd.
0001172661-25-003210	5	0001732769	028-18672			Amundi Czech Republic Asset Management, a.s.
0001172661-25-003210	10	0001330434	028-11415			CPR Asset Management
0001172661-25-003210	11	0001482820	028-13717			SOCIETE GENERALE GESTION
0001172661-25-003210	12	0001410251	028-13048			KBI Global Investors Ltd
0001172661-25-003210	13	0001463879	028-13513			KBI Global Investors (North America) Ltd
0001172661-25-003210	18	0001730946	028-18643			Sabadell Asset Management, S.A S.G.I.I.C
0001172661-25-003210	47	0001905668	028-22103			Amundi Singapore Ltd
0001172661-25-003210	48	0001768066	028-19402			Amundi Ireland Ltd
0001172661-25-003210	49	0001932771	028-22635			Amundi SGR S.p.A.
0001172661-25-003210	50	0001935237	028-22633			Amundi (UK) Ltd
0001172661-25-003210	51	0001935264	028-22632			Amundi Czech Republic Investicni Spolecnost, a.s.
0001172661-25-003210	52	0001362200	028-12915			BFT Investment Managers
0001172661-25-003210	9	0001941328	028-22634			Amundi Taiwan Ltd.
0001172661-25-003210	6	0001731532	028-18597			Amundi Deutschland GmbH
0001172661-25-003210	4	0001696432	028-17736			AMUNDI AUSTRIA GMBH
0001172661-25-003210	1	0001280690	028-11419			Amundi Asset Management
0001172661-25-003210	7	0001696433	028-17737			AMUNDI HONG KONG LTD
0000919574-25-004616	1	0001599225	028-15965			HENGISTBURY MASTER FUND LTD
0001691304-25-000005	1	0000064978				MERCK SHARP & DOHME LLC
0001172661-25-003195	2	0001452938	028-13290			VALINOR CAPITAL PARTNERS OFFSHORE MASTER FUND, L.P.
0001172661-25-003195	1	0001401387	028-12749			VALINOR CAPITAL PARTNERS, L.P.
0001172661-25-003192	1	0001633019	028-17204	000157589	801-73189	Capula Investment US LP
0001172661-25-003192	2	0001351450	028-17757	000163364	802-75433	Capula Investment Management LLP
0001172661-25-003192	3	0002054478	028-25019	000164564	802-76916	CAPULA INVESTMENT MANAGEMENT ASIA Ltd
0001719087-25-000007	1		028-18525	004509844		Thakore Nainoor
0001569638-25-000006	1	0001730083	028-18427			M Financial Asset Management, Inc.
0001318757-25-000034	1	0001325091	028-11377	000135902	801-70586	Marshall Wace North America L.P.
0001318757-25-000034	4	0002048047	028-25069	000334846	802-132066	Marshall Wace Middle East Ltd
0001318757-25-000034	3	0001980016	028-25074	000322296	802-126606	MARSHALL WACE SINGAPORE PTE LTD
0001318757-25-000034	2	0001519964	028-14472	000157501	802-110603	MARSHALL WACE ASIA Ltd
0001172661-25-003170	2	0000947263	028-11527			TORONTO DOMINION BANK
0001172661-25-003170	1	0001133639	028-06325	000109591	801-57396	NEW YORK LIFE INVESTMENT MANAGEMENT LLC
0001083831-25-000011	1	0000810972	028-01911	000008158	801-7571	BAIRD ROBERT W & CO INC /WI/
0001083831-25-000011	2	0001083831	028-24304			BAIRD FINANCIAL CORP
0001083831-25-000011	5	0001744347	028-19675	000286622	801-114538	Vident Advisory, LLC
0001083831-25-000011	4	0001442181	028-13162			BAIRD TRUST Co
0001083831-25-000011	3	0001728280	028-23367	000172000	801-113292	Strategas Asset Management, LLC
0001172661-25-003157	1	0001846313	028-20948			DCL Adviser, LLC
0001172661-25-003157	4	0001910907	028-22035			DigitalBridge Liquid Accounts Adviser, LLC
0001172661-25-003157	3	0001862308	028-21230	000175506	801-96214	COLONY CAPITAL INVESTMENT ADVISORS, LLC
0001172661-25-003157	2	0001861561	028-21231			DC Liquid Strategies Adviser, LLC
0001415889-25-021647	1	0001644978	028-17853	000159541	801-107412	Foundry Group, LLC
0000905148-25-002856	1	0001831304	028-20373			Jump Trading Holdings, LLC
0000905148-25-002856	2	0001127998	028-14529	000106124	008-52989	JUMP TRADING, LLC
0000905148-25-002856	3	0001831307	028-20370			Leap GP LLC
0000905148-25-002856	8	0001846757	028-25716	000313060	008-70668	JUMP EXECUTION, LLC
0000905148-25-002856	6	0001893777	028-24320			Leap Simplicity Master Fund Ltd.
0000905148-25-002856	7	0002033911	028-24480			Jump Trading Credit Ltd.
0000905148-25-002856	4	0001779672	028-19573	000315943		Leap Investments LP
0001632813-25-000003	2		028-16153			CMT Global Holdings LLC
0001632813-25-000003	1		028-19536			CMT GmbH Holdings LLC
0001766904-25-000003	238	0001082917				GW&K Investment Management, LLC
0001766904-25-000003	115	0000860644				Aristotle Capital Management, LLC
0001766904-25-000003	120	0000812295				JANUS HENDERSON INVESTORS US LLC
0001766904-25-000003	130	0001027817				ATLANTA CAPITAL MANAGEMENT CO L L C
0001766904-25-000003	137	0000949012				BERKSHIRE ASSET MANAGEMENT LLC/PA
0001766904-25-000003	138	0002012383				BlackRock, Inc.
0001766904-25-000003	140	0001386060				Boston Partners
0001766904-25-000003	150	0000732812				Capital Group Companies, Inc.
0001766904-25-000003	187	0001541743				Copeland Capital Management, LLC
0001766904-25-000003	207	0001206792				DEARBORN PARTNERS LLC
0001766904-25-000003	208	0001463225				Dimensional Fund Advisors Ltd.
0001766904-25-000003	222	0001076598				EATON VANCE MANAGEMENT
0001766904-25-000003	234	0000019617				JPMORGAN CHASE & CO
0001766904-25-000003	455	0001767306				Vanguard Personalized Indexing Management, LLC
0001766904-25-000003	240	0001056288				FEDERATED HERMES, INC.
0001766904-25-000003	260	0001229262				GOLDMAN SACHS ASSET MANAGEMENT, L.P.
0001766904-25-000003	265	0001080369				GW HENSSLER & ASSOCIATES LTD
0001766904-25-000003	291	0001451068				Natixis Global Asset Management Participations 1
0001766904-25-000003	295	0001797174				Madison Investments LLC
0001766904-25-000003	297	0001465109				Neuberger Berman Group LLC
0001766904-25-000003	308	0001521019				Nuveen Asset Management, LLC
0001766904-25-000003	314	0000932859				PARAMETRIC PORTFOLIO ASSOCIATES LLC
0001766904-25-000003	330	0000769734				PRINCIPAL GLOBAL INVESTORS
0001766904-25-000003	333	0001499094				ClearBridge Investments Ltd
0001766904-25-000003	350	0001766156				Salomon & Ludwin, LLC
0001766904-25-000003	360	0001056593				SCHAFER CULLEN CAPITAL MANAGEMENT INC
0001766904-25-000003	371	0001315059				Suncoast Equity Management
0001766904-25-000003	422	0000860643				GARDNER RUSSO & QUINN LLC
0000814375-25-000046	1	0001697103		000285701	801-108718	Donald Smith, L.P.
0001628280-25-040153	1		028-18621			METLIFE INC
0000913760-25-000177	1	0001650393	028-17766			StoneX Advisors Inc.
0000913760-25-000177	3	0000926106	028-24975			TRUST ADVISORY GROUP LTD
0000913760-25-000177	2	0001070092	028-21283			STONEX FINANCIAL INC.
0001628280-25-040147	1		028-18621			METLIFE INC
0001427119-25-000011	1	0001547584	028-14947			MWG GP LLC
0001628280-25-040146	1		028-18621			METLIFE INC
0001719165-25-000009	1		028-16153			CMT Global Holdings LLC
0001104659-25-077566	1		028-19314			Natixis Investment Managers SA
0001104659-25-077563	2	0001166767	028-10092			Natixis Investment Managers International
0001104659-25-077563	1	0001535815	028-19314			Natixis Investment Managers SA
0001104659-25-077560	1	0001535815	028-19314			Natixis Investment Managers SA
0001012975-25-000440	2	0001752847	028-20631			Pivotal bioVenture Partners Fund I U.G.P. Ltd
0001012975-25-000440	1	0001844645	028-20630	000287988	802-110211	Pivotal bioVenture Partners Investment Advisor LLC
0001104659-25-077550	1	0001535815				Natixis Investment Managers SA
0001580642-25-005096	2			000108893	801-45536	LOGAN CAPITAL MANAGEMENT, INC.
0001580642-25-005096	1			000310096	801-123458	WEALTH MANAGEMENT CPAS, LLC
0001104659-25-077548	1	0001535815	028-19314			Natixis Investment Managers SA
0001104659-25-077547	1		028-19314			Natixis Investment Managers SA
0001012975-25-000438	1	0001752847	028-20631			Pivotal bioVenture Partners Fund I U.G.P. Ltd
0001398344-25-015278	2					UBS Asset Management Americas Inc
0001398344-25-015278	1					Virtus Investment Advisors, LLC
0000040729-25-000022	1	0001527685	028-14536			Ally Insurance Holdings Inc.
0000040729-25-000022	2	0001527661	028-14535			Motors Insurance Corp.
0001475045-25-000006	10	0001845445				CARY STREET PARTNERS ASSET MANAGEMENT LLC
0001475045-25-000006	1	0001766904				CARY STREET PARTNERS INVESTMENT ADVISORY LLC
0001415889-25-021634	1	0001897270	028-22172			Invik S.A.
0001085146-25-005026	1	0001426919	028-12890	000139390	801-66273	Longview Partners LLP
0000921895-25-002194	2	0001922405	028-22860			Senkypl Dusan
0000921895-25-002194	3	0002055254	028-25070			Pale Fire Capital investicni spolecnost a.s.
0000921895-25-002194	1	0001892479	028-22859			Barta Jan
0000921895-25-002193	3	0001812551	028-24068			Gorzynski Michael
0000921895-25-002193	1	0001663139	028-24067			Continental Insurance Group, Ltd.
0000921895-25-002193	2	0001872137	028-24066			Continental General Holdings LLC
0001085146-25-005021	1	0001754305	028-19569	000294355		North Square Investments, LLC
0001085146-25-005011	5	0001904831	028-21785			Scotia Administradora General De Fondos Chile S.A.
0001085146-25-005011	1	0001697694	028-17829			SCOTIA CAPITAL (USA) INC
0001085146-25-005011	3	0001614987	028-16220			Profuturo AFP S.A.
0001085146-25-005011	4	0001614992	028-16218			Bank of Nova Scotia Trust Co (Bahamas) Ltd
0001085146-25-005011	2	0001698322	028-18067			Scotia Fondos, S.A. de C.V., Sociedad Operadora de Fondos de Inversion, Grupo Financiero Scotiabank Inverlat
0000926171-25-000011	4	0002027699				NATIONAL BANK TRUST INC.
0000926171-25-000011	2	0000835587				NATIONAL BANK OF CANADA FINANCIAL INC.
0000926171-25-000011	3	0002030060				NBC Global Finance Ltd
0000926171-25-000011	1	0002028017				National Bank Financial Inc.
0001172661-25-003149	1	0001538853	028-20053	000160328	802-75591	MIRABELLA FINANCIAL SERVICES LLP
0001256484-25-000028	16	0000729056	028-00536			STATE FARM INVESTMENT MANAGEMENT CORP
0001256484-25-000028	15	0001167711	028-10206			MASON STREET ADVISORS, LLC
0001256484-25-000028	14	0002056192	028-25143			Northern Trust Co of Hong Kong Ltd
0001256484-25-000028	13	0002054683	028-25142			Northern Trust Asset Management Australia Pty Ltd
0001256484-25-000028	12	0002056253	028-25145			NT Global Advisors, Inc
0001256484-25-000028	1	0000919972	028-10495			NORTHERN TRUST CO
0001256484-25-000028	8	0001256909	028-10487	000105780	801-33358	Northern Trust Investments, Inc
0001256484-25-000028	9	0001145619	028-10549	000111900	801-60152	NORTHERN TRUST GLOBAL INVESTMENTS LTD
0001256484-25-000028	11	0002054533	028-25144			Northern Trust Global Investments Japan, KK
0001256484-25-000028	17	0001179124	028-10249			DWS INVESTMENT MANAGEMENT AMERICAS, INC
0001256484-25-000028	19	0001491252	028-24809			Green Century Capital Management, Inc.
0001018331-25-000006	7		028-06808			Natixis Investment Managers, L.P.
0001018331-25-000006	6		028-04698			MFS Investment Management, L.P.
0001018331-25-000006	5		028-05840			Vaughan Nelson Investment Managment, L.P.
0001018331-25-000006	4		028-00398			Loomis Sayles & Company, L.P.
0001018331-25-000006	2		028-05229			Great Lakes Advisors, Inc
0001018331-25-000006	3		028-04434			Harding Loevner, L.P.
0001018331-25-000006	1		028-05267			Delaware Management, L.P.
0001044797-25-000004	4	0000948905				STIFEL NICOLAUS & CO INC \MO\
0000312069-25-000558	58	0001505923	028-14040			Barclays Capital Luxembourg SaRL
0000312069-25-000558	99	0001484215	028-13881			Barclays Investment Solutions Ltd
0000312069-25-000558	20	0001484222	028-13878			Barclays Bank (Suisse) SA
0000312069-25-000558	9	0001074031	028-07404			BARCLAYS CAPITAL SECURITIES LTD
0000312069-25-000558	8	0000851376	028-20253			BARCLAYS CAPITAL INC.
0000312069-25-000558	1	0000312070	028-00827			BARCLAYS BANK PLC
0001593387-25-000006	1	0001688539				CABANA LLC
0001593387-25-000006	2	0001666788				Kalos Management, Inc.
0001283072-25-000004	3		28-12837	000137432	801-66786	Guggenheim Partners Investment Management, LLC
0001283072-25-000004	5		28-11097	000129288	801-62515	GUGGENHEIM FUNDS INVESTMENT ADVISORS, LLC
0001283072-25-000004	1		28-12550	000039805	801-54810	GUGGENHEIM FUNDS DISTRIBUTORS, LLC
0001283072-25-000004	2		28-01689	000105477	801-8008	SECURITY INVESTORS LLC
0000913760-25-000176	1	0001650393	028-17766			StoneX Advisors Inc.
0000913760-25-000176	2	0001070092	028-21283			STONEX FINANCIAL INC.
0000913760-25-000176	3	0000926106	028-24975			TRUST ADVISORY GROUP LTD
0002058915-25-000004	3					Brinker
0002058915-25-000004	4					AssetMark
0002058915-25-000004	1					SEI
0002058915-25-000004	2					Integrated Capital Management
0001172661-25-003141	1	0001758720	028-18937	000161413	801-113731	Walleye Capital LLC
0000914208-25-000341	16		028-22512			Invesco Asset Management Singapore Ltd.
0000914208-25-000341	15		028-11936	000125601		Invesco Capital Management LLC
0000914208-25-000341	9		028-20391			Invesco Management S.A.
0000914208-25-000341	20		028-23723	000154461		Invesco Managed Accounts, LLC
0000914208-25-000341	14		028-11365 	000104885		Invesco Investment Advisers LLC
0000914208-25-000341	13		028-20390	000145813		Invesco Australia Ltd
0000914208-25-000341	11		028-20389	000107155		Invesco Asset Management (Japan) Limited
0000914208-25-000341	10		028-22513			Invesco Taiwan Ltd
0000914208-25-000341	1		028-00255	000105360		Invesco Advisers, Inc.
0000914208-25-000341	2		028-06137	000126572		Invesco Canada Ltd.
0000914208-25-000341	3		028-16163			Invesco Trust Co
0000914208-25-000341	4		028-20392	000109923		Invesco Hong Kong Limited
0000914208-25-000341	5		028-20393	000143238		Invesco Asset Management Deutschland GmbH
0000914208-25-000341	6		028-05683	000109985		Invesco Asset Management Limited
0001807270-25-000004	1			000309553	801-129988	WEALTHSPAN INVESTMENT MANAGEMENT, LLC
0000913760-25-000175	3	0000926106	028-24975			TRUST ADVISORY GROUP LTD
0000913760-25-000175	2	0001070092	028-21283			STONEX FINANCIAL INC.
0000913760-25-000175	1	0001650393	028-17766			StoneX Advisors Inc.
0001445546-25-005500	4	0001367441	028-22691	000134017		STONEBRIDGE ADVISORS LLC
0001445546-25-005500	3	0001639668	028-17169	000148152		SkyBridge Capital II, LLC
0001445546-25-005500	2	0001560717	028-15165	000109552		Horizon Investments, LLC
0001445546-25-005500	1	0001469751	028-13577	000146221		RiverFront Investment Group, LLC
0000913760-25-000174	1	0001650393	028-17766			StoneX Advisors Inc.
0000913760-25-000174	2	0001070092	028-21283			STONEX FINANCIAL INC.
0000913760-25-000174	3	0000926106	028-24975			TRUST ADVISORY GROUP LTD
0002033266-25-000005	1			000311034	801-129056	Sound Capital Solutions LLC
0000913760-25-000173	2	0001070092	028-21283			STONEX FINANCIAL INC.
0000913760-25-000173	1	0001650393	028-17766			StoneX Advisors Inc.
0000913760-25-000173	3	0000926106	028-24975			TRUST ADVISORY GROUP LTD
0001710537-25-000006	1	0001905417		000282792	801-118944	BMSS Wesson Wealth Solutions, LLC
0001710537-25-000006	2	0002012167		000149313	801-113307	Christy Capital Management
0000950123-25-007808	3		028-20906			SC Equities LLC
0000950123-25-007808	2		028-20913			Haim Saban
0000950123-25-007808	1		028-20914			Cheryl Saban
0001123292-25-000359	2	0001884407	028-25233			Bitfury Top HoldCo B.V.
0001123292-25-000359	1	0001887872	028-25234			Bitfury Group Ltd
0001623632-25-000972	8	0001279010	028-10899			FEDERATED ADVISORY SERVICES CO
0001623632-25-000972	2	0001086433	028-04377			FEDERATED INVESTMENT MANAGEMENT CO
0001623632-25-000972	22	0001056508	028-06902			FEDERATED MDTA LLC
0001623632-25-000972	9	0001279012	028-10900			FEDERATED EQUITY MANAGEMENT CO OF PENNSYLVANIA
0001623632-25-000972	23	0001013143	028-10437			HERMES INVESTMENT MANAGEMENT LTD
0001623632-25-000972	1	0000819684	028-01454			FEDERATED INVESTMENT COUNSELING
0001623632-25-000972	21	0001086431	028-04379			FEDERATED GLOBAL INVESTMENT MANAGEMENT CORP
0000913760-25-000172	1	0001650393	028-17766			StoneX Advisors Inc.
0000913760-25-000172	2	0001070092	028-21283			STONEX FINANCIAL INC.
0000913760-25-000171	1	0001650393	028-17766			StoneX Advisors Inc.
0000913760-25-000171	2	0001070092	028-21283			STONEX FINANCIAL INC.
0000929638-25-003005	1		028-15049	000155317	801-69739	Bollard Group LLC
0000929638-25-003005	2		028-18223	000292304		Spinnaker Capital LLC
0000929638-25-003004	1		028-15050	005879630		Parafestas Anastasios
0000913760-25-000170	2	0001070092	028-21283			STONEX FINANCIAL INC.
0000913760-25-000170	1	0001650393	028-17766			StoneX Advisors Inc.
0000913760-25-000169	1	0001650393	028-17766			StoneX Advisors Inc.
0000913760-25-000169	2	0001070092	028-21283			STONEX FINANCIAL INC.
0001951757-25-001085	1					DSM Capital Management
0001606720-25-000004	1	0001133639	028-06325		801-57396	NEW YORK LIFE INVESTMENT MANAGEMENT LLC
0001951757-25-001083	1					Aristotle
0001951757-25-001083	2					CAM
0001951757-25-001083	4					VanHulzen
0001951757-25-001083	3					Capital Group
0002079921-25-000002	1	0000019481	028-00085	000106982	801-5995	Virtus Investment Advisers, LLC
0000898432-25-000599	1	0000948518	028-06348			Dai-ichi Life Holdings, Inc.
0000919574-25-004558	4	0001962773	028-22955			Maplelane 2 Fund, LP
0000919574-25-004558	3	0001793647	028-19620			Maplelane Master Fund, Ltd.
0000919574-25-004558	2	0001512653	028-14132			NET RETURN ASSET MANAGEMENT, LLC
0000919574-25-004558	1	0001510686	028-14131			NRMA, LLC
0001402828-25-000008	1	0001402828				ARROWSTREET CAPITAL HOLDING LLC
0000950123-25-007797	1		028-03980			Manufacturers & Traders Trust Company
0000950123-25-007797	3		028-10909			Wilmington Trust Investment Advisors, Inc.
0000950123-25-007797	7		028-14686			Wilmington Trust National Association
0000950123-25-007797	9		028-03742			Wilmington Trust Company
0000950123-25-007797	13		028-06601			Wilmington Funds Management Corp
0000950123-25-007797	14		028-12629			Wilmington Trust Investment Management, LLC
0000950123-25-007797	16		028-23418			Wilmington Trust Asset Management, LLC
0001041062-25-000152	1		028-24478			Brandes Investment Partners (Asia) Pte. Ltd.
0001041062-25-000152	2		028-14898			Brandes Investment Partners & Co.
0001041062-25-000152	3		028-18793			Brandes Investment Partners (Europe) Ltd.
0000919574-25-004555	2	0001731051	028-18461			Tekne Long Only Master Fund, L.P.
0000919574-25-004555	1	0001557567	028-17304			Tekne Master Fund, L.P.
0001140361-25-030741	1	0001512948	028-14390	000128093	801-60314	Robotti & Co Advisors, LLC
0001677044-25-000015	7	0001682267	028-17514	000171070	801-80075	Osaic Advisory Services, LLC
0001677044-25-000015	4	0000914904	028-23275	000035371	801-67242	OSAIC INSTITUTIONS, INC.
0001677044-25-000015	2	0001483964	028-13809	000108604	801-54909	LADENBURG THALMANN ASSET MANAGEMENT
0001677044-25-000015	1	0000837933	028-24468	000023131	801-54859	OSAIC WEALTH, INC.
0001085936-25-000028	1	0001004434	028-04975		001-13459	AFFILIATED MANAGERS GROUP, INC.
0001085936-25-000028	2	0000895421	028-03432	000149777	001-39943	MORGAN STANLEY
0000945621-25-000757	3	0002055872	028-25241			Credit Mutuel Asset Management
0000945621-25-000757	1	0002056094	028-25262			Caisse Federale de Credit Mutuel
0000945621-25-000757	4	0002055865	028-25243			Credit Mutuel Gestion
0000945621-25-000757	11	0002047346	028-25163			CIGOGNE MANAGEMENT SA
0000945621-25-000752	1	0002056094	028-25262			Caisse Federale de Credit Mutuel
0000945621-25-000752	5	0002056265	028-25260			Assurances du Credit Mutuel Vie SA
0001879898-25-000006	1	0001788597	028-22370			Atlas Capital Resources GP III LLC
0001879898-25-000006	2	0001788552	028-22369			Atlas Capital GP III LP
0001879898-25-000006	4	0001917278	028-23704			Atlas Capital GP IV LP
0001879898-25-000006	3	0001917749	028-23707			Atlas Capital Resources GP IV LLC
0000900973-25-000008	1	0001871926	028-25561			Nuveen, LLC
0000900973-25-000008	2	0001133639	028-06325	000109591	801-57396	NEW YORK LIFE INVESTMENT MANAGEMENT LLC
0000900973-25-000008	3	0000315038	028-00331			TEACHERS INSURANCE & ANNUITY ASSOCIATION OF AMERICA
0001454502-25-000004	1	0001387292	028-13332			Hawk Hill Capital Partners LP
0000913760-25-000168	1	0001650393	028-17766			StoneX Advisors Inc.
0000913760-25-000168	2	0001070092	028-21283			STONEX FINANCIAL INC.
0000913760-25-000167	1	0001650393	028-17766			StoneX Advisors Inc.
0000913760-25-000167	2	0001070092	028-21283			STONEX FINANCIAL INC.
0000913760-25-000166	2	0001070092	028-21283			STONEX FINANCIAL INC.
0000913760-25-000166	1	0001650393	028-17766			StoneX Advisors Inc.
0000926171-25-000010	4	0002027699				NATIONAL BANK TRUST INC.
0000926171-25-000010	1	0002028017				National Bank Financial Inc.
0000926171-25-000010	2	0000835587				NATIONAL BANK OF CANADA FINANCIAL INC.
0000926171-25-000010	3	0002030060				NBC Global Finance Ltd
0001597857-25-000006	1		028-05050			Oaktree Capital Management
0000913760-25-000165	2	0001070092	028-21283			STONEX FINANCIAL INC.
0000913760-25-000165	1	0001650393	028-17766			StoneX Advisors Inc.
0001642044-25-000006	1					SG Capital Management
0000913760-25-000164	2	0001070092	028-21283			STONEX FINANCIAL INC.
0000913760-25-000164	1	0001650393	028-17766			StoneX Advisors Inc.
0000913760-25-000163	1	0001650393	028-17766			StoneX Advisors Inc.
0000913760-25-000163	2	0001070092	028-21283			STONEX FINANCIAL INC.
0000913760-25-000162	1	0001650393	028-17766			StoneX Advisors Inc.
0000913760-25-000162	2	0001070092	028-21283			STONEX FINANCIAL INC.
0001587281-25-000011	1	0000019481	028-00085	000106982	801-5995	Virtus Investment Advisers, LLC
0001587281-25-000011	2	0001319111	028-11308	000107346	801-23163	VIRTUS CAPITAL ADVISERS, LLC
0000913760-25-000161	1	0001650393	028-17766			StoneX Advisors Inc.
0000913760-25-000161	2	0001070092	028-21283			STONEX FINANCIAL INC.
0000897069-25-001318	1	0001627553	028-24744			WC PARTNERS EXECUTIVE IV, L.P.
0000913760-25-000160	2	0001070092	028-21283			STONEX FINANCIAL INC.
0000913760-25-000160	1	0001650393	028-17766			StoneX Advisors Inc.
0000950123-25-007781	2		28-06321			Edward Jones Trust Company
0000950123-25-007781	1		28-14284			Edward D. Jones & Co., L.P.
0001398344-25-015216	1	0001538853	028-20053	000160328	802-75591	MIRABELLA FINANCIAL SERVICES LLP
0000913760-25-000159	2	0001070092	028-21283			STONEX FINANCIAL INC.
0000913760-25-000159	1	0001650393	028-17766			StoneX Advisors Inc.
0001104659-25-077368	1	0001381133	028-12046			SUN LIFE CAPITAL MANAGEMENT (U.S.) LLC
0001104659-25-077368	3	0001513857	028-15882			Crescent Capital Group LP
0001104659-25-077368	2	0001381352	028-12047			Sun Life Assurance Co of Canada
0000913760-25-000158	2	0001070092	028-21283			STONEX FINANCIAL INC.
0000913760-25-000158	1	0001650393	028-17766			StoneX Advisors Inc.
0000913760-25-000157	2	0001070092	028-21283			STONEX FINANCIAL INC.
0000913760-25-000157	1	0001650393	028-17766			StoneX Advisors Inc.
0000913760-25-000156	2	0001070092	028-21283			STONEX FINANCIAL INC.
0000913760-25-000156	1	0001650393	028-17766			StoneX Advisors Inc.
0000913760-25-000155	2	0001070092	028-21283			STONEX FINANCIAL INC.
0000913760-25-000155	1	0001650393	028-17766			StoneX Advisors Inc.
0000929638-25-002988	1	0001814011	028-23731			Abu Dhabi Investment Council Co P.J.S.C
0000898432-25-000591	1	0001846368	028-20937	000309535	801-119255	Simplify Asset Management Inc.
0000950123-25-007775	1		028-04637	000105926	801-18759	PINEBRIDGE INVESTMENTS LLC 
0000950123-25-007775	3					PINEBRIDGE INVESTMENTS JAPAN COMPANY LIMITED
0000950123-25-007775	2			000160816	802-74181	PINEBRIDGE INVESTMENTS ASIA LIMITED
0000913760-25-000154	1	0001650393	028-17766			StoneX Advisors Inc.
0000913760-25-000154	2	0001070092	028-21283			STONEX FINANCIAL INC.
0000929638-25-002987	1	0001814011	028-23731			Abu Dhabi Investment Council Co P.J.S.C
0002005369-25-000020	1	0001460840	028-15028			Stichting Administratiekantoor Westend
0002005369-25-000020	2	0001283968	028-15029			Westend S.A.
0002005369-25-000020	5	0002048403	028-25146			Artal Participations S.a r.l.
0002005369-25-000020	4	0001218180	028-15033			Artal International S.C.A.
0002005369-25-000020	3	0001522131	028-15031			Artal International Management S.A.
0001422848-25-000151	2		028-00157	000110885	801-8055	CAPITAL RESEARCH & MANAGEMENT CO
0001422848-25-000151	1		028-00218			CAPITAL GROUP COMPANIES INC 
0001422848-25-000149	2		028-00157	000110885	801-8055	CAPITAL RESEARCH & MANAGEMENT CO
0001422848-25-000149	1		028-00218			CAPITAL GROUP COMPANIES INC 
0000913760-25-000153	1	0001650393	028-17766			StoneX Advisors Inc.
0000913760-25-000153	2	0001070092	028-21283			STONEX FINANCIAL INC.
0001422848-25-000148	3		028-00157	000110885	801-8055	CAPITAL RESEARCH & MANAGEMENT CO
0001422848-25-000148	2		028-05044			CAPITAL GROUP INTERNATIONAL INC 
0001422848-25-000148	1		028-00218			CAPITAL GROUP COMPANIES INC 
0001422848-25-000147	1		028-00218			CAPITAL GROUP COMPANIES INC 
0001422848-25-000147	2		028-05044			CAPITAL GROUP INTERNATIONAL INC 
0001422848-25-000147	3		028-00157	000110885	801-8055	CAPITAL RESEARCH & MANAGEMENT CO
0001422848-25-000146	3		028-00157	000110885	801-8055	CAPITAL RESEARCH & MANAGEMENT CO
0001422848-25-000146	2		028-05044			CAPITAL GROUP INTERNATIONAL INC 
0001422848-25-000146	1		028-00218			CAPITAL GROUP COMPANIES INC 
0001422848-25-000145	2		028-00157	000110885	801-8055	CAPITAL RESEARCH & MANAGEMENT CO
0001422848-25-000145	1		028-00218			CAPITAL GROUP COMPANIES INC 
0001422848-25-000144	2		028-05044			CAPITAL GROUP INTERNATIONAL INC 
0001422848-25-000144	3		028-00157	000110885	801-8055	CAPITAL RESEARCH & MANAGEMENT CO
0001422848-25-000144	1		028-00218			CAPITAL GROUP COMPANIES INC 
0000919574-25-004520	1	0001458862	028-18769			Contrarian Emerging Markets, L.P.
0001993888-25-000015	1	0001361570				PICTET ASSET MANAGEMENT SA
0001993888-25-000015	5	0001774669				Pictet Asset Management (Japan) Ltd.
0001993888-25-000015	4	0001808517				Pictet Asset Management (Hong Kong) Ltd
0001993888-25-000015	3	0001291274				PICTET ASSET MANAGEMENT LTD
0001993888-25-000015	2	0001856615				Pictet Asset Management (Europe) S.A.
0001993888-25-000015	6	0001965477				PICTET ASSET MANAGEMENT (SINGAPORE) PTE LTD
0001422848-25-000143	2		028-05044			CAPITAL GROUP INTERNATIONAL INC 
0001422848-25-000143	1		028-00218			CAPITAL GROUP COMPANIES INC 
0001422848-25-000143	3		028-00157	000110885	801-8055	CAPITAL RESEARCH & MANAGEMENT CO
0001040188-25-000057	4	0001071039	028-05167			Brighthouse Investment Advisers, LLC
0001040188-25-000057	5	0001280690	028-11419			Amundi Asset Management
0001040188-25-000057	7	0001731532	028-18597			Amundi Deutschland GmbH
0001040188-25-000057	8	0001482820	028-13717			SOCIETE GENERALE GESTION
0001040188-25-000057	9	0001730946	028-18643			Sabadell Asset Management, S.A S.G.I.I.C
0001040188-25-000057	3	0001164772	028-06761			JACKSON NATIONAL ASSET MANAGEMENT LLC
0001040188-25-000057	2	0001256909				Northern Trust Investments, Inc
0001040188-25-000057	1	0001077479	028-04547			VOYA INVESTMENTS, LLC
0001040188-25-000057	6	0001932771	028-22635			Amundi SGR S.p.A.
0001172661-25-003117	2	0001592828	028-17729			Empowered Funds, LLC
0001172661-25-003117	1	0001600064	028-19397	000164201	801-76857	Tidal Investments LLC
0000913760-25-000152	2	0001070092	028-21283			STONEX FINANCIAL INC.
0000913760-25-000152	1	0001650393	028-17766			StoneX Advisors Inc.
0000913760-25-000151	1	0001650393	028-17766			StoneX Advisors Inc.
0000913760-25-000151	2	0001070092	028-21283			STONEX FINANCIAL INC.
0000913760-25-000150	2	0001070092	028-21283			STONEX FINANCIAL INC.
0000913760-25-000150	1	0001650393	028-17766			StoneX Advisors Inc.
0002052594-25-000006	1	0002056094	028-25262			Caisse Federale de Credit Mutuel
0002052594-25-000006	2	0001274419	028-25196			CREDIT INDUSTRIEL ET COMMERCIAL
0002052594-25-000006	8	0002055344	028-25248			Banque de Luxembourg S.A.
0000913760-25-000149	2	0001070092	028-21283			STONEX FINANCIAL INC.
0000913760-25-000149	1	0001650393	028-17766			StoneX Advisors Inc.
0001172661-25-003111	2	0002023262	028-24168	000322488	801-126779	IDB Lido Wealth, LLC
0001172661-25-003111	3			000122448	801-61413	FIFTH AVENUE FAMILY OFFICE
0001172661-25-003111	1	0001777127	028-19560			Enterprise Trust & Investment Co
0002005369-25-000014	1	0001802978	028-19938			Invus Financial Advisors, LLC
0002005369-25-000014	2	0002044445	028-24462			Invus Group, LLC
0001700286-25-000013	1	0002080831		000169236	801-78692	Algebris Investments (US) Inc.
0001172661-25-003105	1					Tema Global Ltd.
0000913760-25-000148	1	0001650393	028-17766			StoneX Advisors Inc.
0000913760-25-000148	2	0001070092	028-21283			STONEX FINANCIAL INC.
0001172661-25-003103	1	0001964205	028-22840			Fidante Partners Ltd
0001172661-25-003102	1	0001964205	028-22840			Fidante Partners Ltd
0001624758-25-000006	1	0000059546	028-21251	000000519		LINCOLN INVESTMENT PLANNING, LLC
0001398344-25-015198	2	0001280965	028-11123	000123711	801-6162	TORTOISE CAPITAL ADVISORS, L.L.C.
0001398344-25-015198	1	0001767714	028-19398			RWC Partners Ltd
0001172661-25-003101	1	0001441888	028-13245	000112528	801-60282	Tributary Capital Management, LLC
0001951757-25-001077	1					Raymond James & Associates, Inc
0001140361-25-030720	9	0000865597		000106585	801-37163	SCHRODER INVESTMENT MANAGEMENT NORTH AMERICAN LTD /ADV
0001140361-25-030720	10			000289151	801-110948	Schroder Wealth Management (US) Limited
0001140361-25-030720	11					Schroders (C.I.) Limited
0001140361-25-030720	12					Schroders IS Limited
0001140361-25-030720	13	0001966440		000324308	802-127935	NATIONAL MUTUAL FUNDS MANAGEMENT LTD
0001140361-25-030720	14	0001133639	028-06325	000109591	801-57396	NEW YORK LIFE INVESTMENT MANAGEMENT LLC
0001140361-25-030720	8	0001105005		000105820	801-15834	SCHRODER INVESTMENT MANAGEMENT NORTH AMERICA INC/ DE
0001140361-25-030720	7					Schroder Investment Management Limited
0001140361-25-030720	6					Schroder Investment Management (Taiwan) Limited
0001140361-25-030720	5	0001080250				SCHRODER INVESTMENT MANAGEMENT SINGAPORE LTD
0001140361-25-030720	4	0001080249				SCHRODER INVESTMENT MANAGEMENT HONG KONG LTD
0001140361-25-030720	3			000299812	802-1149151	Schroder Investment Management (Europe) S.A
0001140361-25-030720	2					Schroder & Co. Limited
0001140361-25-030720	1					Schroder & Co Bank AG
0001172661-25-003097	1	0000707605				AMERISERV FINANCIAL INC /PA/
0000312348-25-000028	2	0001435066	028-13087			LOOMIS SAYLES TRUST COMPANY, LLC
0001534653-25-000009	1	0001667108	028-17381			SEB Investment Management AB
0001415889-25-021537	4	0001497372	028-13985			Neuberger Berman Trust Co N.A.
0001415889-25-021537	5	0001497476	028-13986			Neuberger Berman Trust Co of Delaware N.A.
0001415889-25-021537	6	0001531987	028-15258	000284803	801-108509	Neuberger Berman Canada ULC
0001415889-25-021537	7	0001944468	028-22653			Neuberger Berman Taiwan (SITE) Ltd
0001415889-25-021537	3	0001640762	028-16869	000154286	801-71669	Neuberger Berman Asia Ltd
0001415889-25-021537	2	0001230440	028-17085	000124687	801-61757	Neuberger Berman Investment Advisers LLC
0001415889-25-021537	1	0001469000	028-13575	000149822	801-70009	NB Alternatives Advisers LLC
0001587281-25-000005	1	0000019481	028-00085	000106982	801-5995	Virtus Investment Advisers, LLC
0001587281-25-000005	2	0001319111	028-11308	000107346	801-23163	VIRTUS CAPITAL ADVISERS, LLC
0001587281-25-000003	1	0001319111	028-11308	000107346	801-23163	VIRTUS CAPITAL ADVISERS, LLC
0001587281-25-000003	2	0000019481	028-00085	000106982	801-5995	Virtus Investment Advisers, LLC
0001834499-25-000010	1	0002041800	028-24644			Wingate Wealth Advisors, Inc.
0001085146-25-004980	1	0000009631	028-11475			BANK OF NOVA SCOTIA
0001172661-25-003093	1	0001623378	028-16283	000161962	802-76240	Paradice Investment Management Pty Ltd
0001085146-25-004978	1	0000009631	028-11475			BANK OF NOVA SCOTIA
0000950123-25-007744	3		028-24957			Knaster Alexander M
0000950123-25-007744	2		028-24958			Halsted John C.
0000950123-25-007744	1		028-24956			Pamplona PE Investments Malta Ltd
0001752724-25-186512	2	0001280690	028-11419			Amundi Asset Management
0001752724-25-186512	1	0001426748	028-13010			Lazard Freres Gestion S.A.S.
0000892712-25-000092	2	0001682139	028-17498	000125557	801-61862	Johnson Wealth Inc.
0000892712-25-000092	1	0000902143	028-13748			JOHNSON BANK
0001085146-25-004965	1	0001731358	028-18618	000286683	801-109958	All Terrain Financial Advisors, LLC
0001651424-25-000010	1	0002045083		000332328		Quadrature US Inc.
0001104659-25-077249	1					IA Venture Strategies II Side Fund, LP
0000873630-25-000007	11	0001732101	028-18663			HSBC GLOBAL ASSET MANAGEMENT (MEXICO), SA DE CV, SOCIEDAD OPERADORA DE FONDOS DE INVERSION, GRUPO FINANCIERO HSBC
0000873630-25-000007	12	0001581450	028-15547			HSBC GLOBAL ASSET MANAGEMENT (DEUTSCHLAND) GMBH
0000873630-25-000007	13	0001092524	028-17084			HSBC SECURITIES USA INC
0000873630-25-000007	14	0001578695	028-15531			HSBC GLOBAL ASSET MANAGEMENT (SINGAPORE) Ltd
0000873630-25-000007	15	0001581175	028-15544			HSBC Bank Bermuda Ltd
0000873630-25-000007	1	0001582152	028-15552			HSBC Bank USA, N.A.
0000873630-25-000007	2	0001455270	028-15530			HSBC Global Asset Management (Hong Kong) Ltd
0000873630-25-000007	3	0001578984	028-15532			HSBC International Trustee Ltd.
0000873630-25-000007	4	0001580862	028-15540			HSBC Global Asset Management (UK) Ltd
0000873630-25-000007	5	0001581251	028-15545			HSBC GLOBAL ASSET MANAGEMENT (FRANCE)
0000873630-25-000007	6	0001581449	028-15546			HSBC Trinkaus & Burkhardt AG, Germany
0000873630-25-000007	7	0001706499	028-18048			Hang Seng Investment Management Ltd
0000873630-25-000007	8	0001581771	028-15555			HSBC PRIVATE BANK (SUISSE) LTD
0000873630-25-000007	9	0001600216	028-15975			Hongkong & Shanghai Banking Corp Ltd / ASP
0000873630-25-000007	10	0001140465	028-15563			HSBC BANK PLC
0002032331-25-000009	1	0002032332	028-25356	000331922	802-131095	Arrowpoint Investment Partners (Hong Kong) Ltd
0000950123-25-007728	52		028-14100	000151480	801-70661	Sanders Capital, LLC
0000950123-25-007728	51		028-01096			Russell Investments Trust Company
0000950123-25-007728	54		028-04557	000106595	801-15908	Wellington Management Company LLP
0000950123-25-007728	55		028-16902			Wellington Management International Limited
0000950123-25-007728	56		028-17022			William Blair Investment Management, LLC
0000950123-25-007728	1		028-05990	000106609	801-28078	Acadian Asset Management LLC
0000950123-25-007728	2		028-05049	000113013	801-60263	Advent Capital Management, LLC
0000950123-25-007728	3		028-06538	000108633	801-53421	AEW Capital Management, L.P.
0000950123-25-007728	4		028-10860	000125523	801-61878	Algert Global LLC
0000950123-25-007728	5		028-16348	000329119	801-129474	Alken Asset Management Ltd
0000950123-25-007728	6		028-10005	000111298	801-56633	Arrowstreet Capital, Limited Partnership
0000950123-25-007728	7		028-05615	000109605	801-56651	Axiom Investors LLC
0000950123-25-007728	8		028-04825	000304197	802-116796	Baillie Gifford & Co
0000950123-25-007728	9		028-16289			Baring Asset Management Limited
0000950123-25-007728	10		028-00060	000106006	801-241	Barings LLC
0000950123-25-007728	11		028-01006	000105519	801-31237	Barrow, Hanley, Mewhinney & Strauss, LLC
0000950123-25-007728	12		028-12484	000124982	801-61786	Boston Partners Global Investors, Inc.
0000950123-25-007728	13		028-02204	000110783	801-27797	Brandywine Global Investment Management, LLC
0000950123-25-007728	14		028-11166	000105758	801-29688	Calamos Advisors LLC
0000950123-25-007728	15		028-02405	000106266	801-27721	Cohen & Steers Capital Management, Inc.
0000950123-25-007728	16		028-14668	000135822	801-68586	Copeland Capital Management, LLC
0000950123-25-007728	17		028-05268	000112099	801-48779	DePrince, Race & Zollo, Inc.
0000950123-25-007728	18		028-01420	000107296	801-14813	DUFF & PHELPS INVESTMENT MANAGEMENT CO.
0000950123-25-007728	19		028-19504	000299607	801-114563	Easterly Investment Partners LLC
0000950123-25-007728	20		028-14036	000154966	801-71885	Fiera Capital Corporation
0000950123-25-007728	21		028-17876	000283720	801-107734	GQG Partners LLC
0000950123-25-007728	22		028-17007	000173527	801-80523	Hosking Partners LLP
0000950123-25-007728	23		028-13410	000143247	801-67631	IMPAX ASSET MANAGEMENT LIMITED
0000950123-25-007728	24		028-17109	000175312	801-110745	Intermede Investment Partners Limited
0000950123-25-007728	25		028-03059	000107022	801-28257	Jacobs Levy Equity Management, Inc.
0000950123-25-007728	26		028-04383	000155958	802-80483	Jupiter Investment Management Limited
0000950123-25-007728	27		028-14858	000160593	801-76775	Keywise Capital Management (HK) Limited
0000950123-25-007728	28		028-15794	000168625	801-78514	Kopernik Global Investors LLC
0000950123-25-007728	29		028-06588	000122836	801-61701	Lazard Asset Management LLC
0000950123-25-007728	30		028-13243	000144906	801-68369	Mar Vista Investment Partners, LLC
0000950123-25-007728	31		028-20101	000300152	801-114631	Mirova US LLC
0000950123-25-007728	32		028-11866	000110353	801-15757	Morgan Stanley Investment Management Inc.
0000950123-25-007728	33		028-11946	000131684	801-63276	Numeric Investors LLC
0000950123-25-007728	34		028-05050	000106793	801-48923	Oaktree Capital Management, L.P.
0000950123-25-007728	35		028-21340	000290193	801-112570	Oaktree Fund Advisors, LLC
0000950123-25-007728	36		028-23078	000317431	801-122764	PineStone Asset Management Inc.
0000950123-25-007728	37		028-11073	000106278	801-43216	Polaris Capital Management, LLC
0000950123-25-007728	38		028-03791	000106847	801-50838	Pzena Investment Management, LLC
0000950123-25-007728	39		028-16409 	000168551	801-78436	RBC Global Asset Management (UK) Limited
0000950123-25-007728	40		028-16205	000142409	801-67600	Resolution Capital Limited
0000950123-25-007728	41		028-04760	000109596	801-55209	RREEF America L.L.C.
0000950123-25-007728	42		028-17598			Russell Investment Group Limited
0000950123-25-007728	43		028-05701			Russell Investment Management Limited
0000950123-25-007728	44		028-25011	000105734	801-17141	Russell Investment Management, LLC
0000950123-25-007728	45		028-25008			Russell Investments Canada Limited
0000950123-25-007728	46		028-25009	000037550	801-56576	Russell Investments Capital, LLC
0000950123-25-007728	47		028-25010	000000329	801-60335	Russell Investments Implementation Services, LLC
0000950123-25-007728	48		028-05105			Russell Investments Ireland Limited
0000950123-25-007728	49		028-05099			Russell Investments Japan Co., LTD.
0000950123-25-007728	50		028-25012			Russell Investments Limited
0000950123-25-007728	53		028-00115	000105496	801-856	T. Rowe Price Associates, Inc.
0001104659-25-077112	1	0002035126	028-25030			Fintech Partners Ltd
0001104659-25-077112	2	0002053283	028-25031			Baring Ventures Fund V Managers Ltd
0000950123-25-007716	2		028-18312			Acorn Advisory Capital L.P.
0000950123-25-007716	1		028-15442			Delphi Capital Management, Inc.
0000950123-25-007705	1		028-17800			Sumitomo Mitsui Banking Corporation
0000950123-25-007705	2		028-18879			SMBC Trust Bank Ltd.
0000950123-25-007705	3		028-20371			SMBC Nikko Securities Inc.
0000950123-25-007705	4		028-20372			Sumitomo Mitsui Card Company, Limited
0001104659-25-077064	1	0002025162	028-25025			Asia Equity Partners Ltd
0001104659-25-077064	2	0002053301	028-25026			Baring Fintech Nexus Ltd
0001104659-25-077064	4	0002053282	028-25028			Baring Fintech Fund III (GP) LP
0001104659-25-077064	3	0002053300	028-25027			Baring Fintech Private Equity Fund III L.P.1
0001214659-25-011890	2	0001642420	028-20128			Optika Master Portfolio Ltd
0001214659-25-011890	1	0001568986	028-16711			Atika Capital Partners LP
0001214659-25-011877	4			000314435	802-122479	Cavalry Fund I Management, LLC
0001104659-25-077002	1	0000859804	028-05973	000021923	801-31746	WEDGEWOOD PARTNERS INC
0001104659-25-077002	2	0001134007	028-06277	000108978	801-56049	NEXT CENTURY GROWTH INVESTORS LLC
0001104659-25-077002	3	0001770024	028-21210			Crossingbridge Advisors, LLC
0000919574-25-004493	1	0001734681	028-18701			KL Special Opportunities Master Fund Ltd.
0000919574-25-004495	1	0002054039	028-24679			Silphium Equity Event Driven Master Fund Ltd
0000919574-25-004495	2	0002053460	028-24680			Silphium World Equity Hedged Master Fund Ltd
0001845849-25-000003	1	0001629271	028-16378			PALLADIEM, LLC
0001634255-25-000006	1	0001889719	028-21400	000316420	802-122343	CLC Global Management Pte. Ltd.
0002045258-25-000004	2		028-6831574			Troy Robertson
0002045258-25-000004	3		028-1259742			Dave Magee
0002045258-25-000004	4		028-7112320			Phil Denstad
0002045258-25-000004	5		028-7478037			Kent Hulse
0002045258-25-000004	6		028-7343599			Scott Zardenetta
0002045258-25-000004	7		028-6071470			Matthew Klein
0001214659-25-011877	3			000285470		North Lion Capital Management LLC
0001214659-25-011877	2			000305137		Midwest Advisors LLC
0001214659-25-011877	1			000163103	802-76633	Cobia Capital Management, LP
0001104659-25-076952	10					PATRIOT FINANCIAL MANAGER, LLC
0001104659-25-076952	9					PATRIOT FREEDOM GP, LLC
0001104659-25-076952	8					PATRIOT FREEDOM GP, LP
0001104659-25-076952	7					PATRIOT FINANCIAL PARTNERS GP IV, LLC
0001104659-25-076952	6					PATRIOT FINANCIAL PARTNERS GP IV, LP
0001104659-25-076952	5					PATRIOT FINANCIAL PARTNERS GP III, LLC
0001104659-25-076952	4					PATRIOT FINANCIAL PARTNERS GP III, LP
0001104659-25-076952	3					PATRIOT FINANCIAL PARTNERS GP II, LLC
0001104659-25-076952	1					PATRIOT FINANCIAL PARTNERS GP II, LP
0001104659-25-076952	2					PATRIOT FINANCIAL PARTNERS GP, LLC
0001140361-25-030609	1		028-25327			CITY BANK
0000950123-25-007655	1		028-24496			Prosus N.V.
0001739728-25-000004	2			000143421	801-113559	Wise Wealth, LLC
0001739728-25-000004	1	0001482579		000152974	801-78158	CREATIVEONE SECURITIES, LLC
0001739728-25-000004	3	0001593387		000148222	801-71114	GeoWealth Management, LLC
0001546531-25-000008	1	0001535984	028-14632			Vitol Holding SARL
0001104659-25-076893	1	0001813887	028-24869	000173440	801-117461	Steelhead Capital Management, LLC
0000752798-25-000014	1		028-18945			PROTECTIVE LIFE CORP
0000752798-25-000014	2		028-06348			DAI-ICHI LIFE HOLDINGS, INC.
0000752798-25-000014	4		028-23255			DAI-ICHI LIFE INTERNATIONAL HOLDINGS LLC
0000752798-25-000014	3		028-23254			DAI-ICHI LIFE INTERNATIONAL LTD
0001546531-25-000006	3	0001546085	028-14939			Teilinger Investments SA
0001546531-25-000006	2	0001535984	028-14632			Vitol Holding SARL
0001546531-25-000006	1	0001546531	028-14937			Vitol Holding B.V.
0002017259-25-000014	2	0001900409	028-21471	000155049	801-115003	Agate Pass Investment Management, LLC
0001828301-25-000027	2	0001747035	028-19981			XTX Holdings Ltd
0001828301-25-000027	3	0001828298	028-21221			XTX Holdings LLC
0001828301-25-000027	4	0001828300	028-21219			XTX Midco Ltd
0001828301-25-000027	5	0001715650	028-19979	000289846		XTX MARKETS LLC
0001828301-25-000027	1	0001812830	028-23780	000309266		XTX EXECUTION SERVICES LLC
0001828301-25-000027	6	0001828299	028-22623			XTX Capital Ltd
0000947871-25-000740	6	0001536596	028-18940			Edmond de Rothschild (France)
0000947871-25-000740	5	0001689918	028-17574			EDMOND DE ROTHSCHILD (MONACO)
0000947871-25-000740	4	0001667654	028-17393			EDMOND DE ROTHSCHILD ASSET MANAGEMENT (LUXEMBOURG)
0000947871-25-000740	3	0001649592	028-16959			EDMOND DE ROTHSCHILD ASSET MANAGEMENT (FRANCE)
0000947871-25-000740	2	0001536550	028-16963			Edmond de Rothschild (Europe)
0000947871-25-000740	1	0001650162	028-16957			EDMOND DE ROTHSCHILD (SUISSE) S.A.
0001172661-25-003078	1	0000811447	028-01974	000011085	801-22856	ATALANTA SOSNOFF MANAGEMENT, LLC
0001104659-25-076833	1		028-23937			Castle Creek Capital VI LLC
0000007789-25-000121	1		028-20327			Associated Trust Company, National Association
0000921895-25-002157	1	0001427289	028-15517			Bylinsky Gregory
0000921895-25-002157	2	0001427290	028-15518			Gramm Jefferson
0002000324-25-002709	1	0001744347	028-19675	000286622	801-114538	Vident Advisory, LLC
0001097833-25-000012	2	0000045403	028-24961			HANOVER INSURANCE CO, THE
0001097833-25-000012	1	0000944695	028-05460			HANOVER INSURANCE GROUP, INC.
0000050863-25-000117	2		028-14935			Middlefield Ventures, Inc.
0000050863-25-000117	1		028-06331			Intel Capital Corporation
0000846797-25-000004	2	0001455468	028-13367			Dean Capital Management
0001889539-25-000055	2			000150088	801-70159	Corebridge Institutional Investments (U.S.), LLC
0001889539-25-000055	1			000107338	801-19813	SunAmerica Asset Management, LLC
0001388443-25-000005	2	0001767306				Vanguard Personalized Indexing Management, LLC
0001388443-25-000005	1	0001364615				Aperio Group, LLC
0001085146-25-004936	2	0002010835	028-23929			Willow Street Trust Co of Wyoming, LLC
0001085146-25-004936	3	0001511137	028-14122			PATHSTONE FAMILY OFFICE, LLC
0001085146-25-004936	1	0001954015	028-22684	000321633	801-125744	ADVISOR PARTNERS II, LLC
0000919574-25-004475	1	0000801444	028-10558			TOCQUEVILLE TRUST
0000948046-25-000112	287	0001506281	028-18169	000154558	801-71808	DBX Advisors LLC
0000948046-25-000112	402	0001844950	028-20858			Deutsche Bank S.p.A
0000948046-25-000112	483	0001767611	028-19304	000105075	801-20289	DWS International GmbH
0000948046-25-000112	562	0001767578	028-19293			DB UK Bank Ltd
0000948046-25-000112	602	0001910395	028-21816			Deutsche Bank Luxembourg S.A.
0000948046-25-000112	33	0001498187	028-13988			DWS Investments UK Ltd
0000948046-25-000112	28	0001759113	028-19530			Deutsche Oppenheim Family Office AG
0000948046-25-000112	23	0001370965	028-12000			DEUTSCHE BANK TRUST COMPANY, NATIONAL ASSOCIATION
0000948046-25-000112	21	0001370961	028-11998			Deutsche Bank Trust Co Delaware
0000948046-25-000112	20	0001020242	028-11997			DEUTSCHE BANK NATIONAL TRUST Co
0000948046-25-000112	19	0001342720	028-11509			Deutsche Bank (Suisse) SA
0000948046-25-000112	11	0000938772	028-04760	000109596	801-55209	RREEF AMERICA LLC
0000948046-25-000112	10	0001179124	028-10249	000104518	801-252	DWS INVESTMENT MANAGEMENT AMERICAS, INC
0000948046-25-000112	6	0001167717	028-10155			DWS Investment GmbH
0000948046-25-000112	2	0000898380	028-05033	000002525		Deutsche Bank Securities Inc\
0000948046-25-000112	1	0001173854	028-13777			Deutsche Bank Trust Co Americas
0000948046-25-000112	422	0001767587	028-19303	000139666	801-66285	DWS Investments Hong Kong Ltd
0001085146-25-004924	8	0001985043	028-23447			Jefferies Investment Advisers LLC
0001085146-25-004924	7	0001665591	028-23353			Jefferies International Ltd
0001085146-25-004924	9	0002056956	028-25382			Jefferies Capital Services, LLC
0001085146-25-004924	5	0001681904	028-17499			Jefferies Financial Services, Inc.
0001085146-25-004924	4	0001492224	028-13965			Leucadia Asset Management LLC
0001085146-25-004924	1	0001265287	028-13184			JEFFERIES LLC
0001085146-25-004918	1	0001098490	028-11539	000112493	801-56399	ELLINGTON MANAGEMENT GROUP LLC
0001085146-25-004917	1	0001403438	028-12526			LPL Financial LLC
0001085146-25-004915	1	0001257165	028-12637			ORIX Corp Europe N.V.
0001085146-25-004915	2	0001418773	028-12635			Robeco Institutional Asset Management B.V.
0001085146-25-004915	4	0001070304	028-18337			ORIX CORP
0001085146-25-004915	3	0001491216	028-13904			Boston Partners Trust Co
0002054129-25-000004	1	0001794467		000170196		Blueprint Investment Partners LLC
0001055980-25-000004	1	0001076598				EATON VANCE MANAGEMENT
0001172661-25-003074	1	0001876826	028-21343			Covalis (Gibraltar) Ltd
0001085146-25-004910	1	0000052388	028-01091	000105778	801-8174	AMERICAN CENTURY INVESTMENT MANAGEMENT INC
0001085146-25-004910	2	0001966440	028-23268	000324308	802-127935	NATIONAL MUTUAL FUNDS MANAGEMENT LTD
0000315032-25-000065	4	0001121603	028-23967			STATE FARM LIFE & ACCIDENT ASSURANCE CO
0000315032-25-000065	5	0000900390	028-23858			STATE FARM FIRE & CASUALTY CO
0000315032-25-000065	33	0002011492	028-23855			State Farm Insurance Companies Employee Retirement Trust
0000315032-25-000065	2	0000900389	028-23966			STATE FARM LIFE INSURANCE CO
0000315032-25-000065	10	0000729056	028-00536			STATE FARM INVESTMENT MANAGEMENT CORP
0000919574-25-004471	2	0001799240	028-24991			LANDSCAPE OFFSHORE HL FUND LTD.
0000919574-25-004471	1	0001545055	028-24988			Landscape High Leverage Fund, LP
0001811513-25-000033	1		028-17231			Symetra Financial Corporation
0001085146-25-004908	1	0000073076	028-00229			NORTHWESTERN MUTUAL LIFE INSURANCE CO
0002055810-25-000003	3	0001928502	028-22911	000031531	801-126268	Eisler Capital (US) LLC
0002055810-25-000003	1	0002011846	028-23796	000327295	802-128938	Eisler Capital (MT) Ltd
0002055810-25-000003	2	0001849486	028-21333	000028298	802-110716	Eisler Capital (UK) Ltd.
0001137774-25-000126	18	0001666044	028-17205			PGIM SECURITIES INVESTMENT TRUST ENTERPRISE
0001137774-25-000126	14	0001316541	028-11173	000129752		PGIM Quantitative Solutions LLC
0001137774-25-000126	26	0001038001	028-19510	000105670		PGIM INVESTMENTS LLC
0001137774-25-000126	16	0001455701	028-13416			Prudential Trust Co
0001137774-25-000126	3	0000946754	028-04217	000105676		PGIM, Inc.
0001137774-25-000126	22	0001730802	028-18406			PRUDENTIAL LIFE INSURANCE COMPANY, LTD.
0001137774-25-000126	20	0001666188	028-17206			PRUDENTIAL GIBRALTAR FINANCIAL LIFE INSURANCE CO., LTD.
0000950123-25-007628	1					RockCreek (Canada) Adviser, Inc.
0000009015-25-000015	4	0001803230				Baring SICE (Taiwan) LTD
0000009015-25-000015	3	0001606779	028-16289			BARING ASSET MANAGEMENT Ltd
0000009015-25-000015	2	0001606780				Baring Asset Management Korea Ltd
0000009015-25-000015	1	0001624302	028-16290			BARING ASSET MANAGEMENT (ASIA) Ltd
0000009015-25-000015	5	0001568131	028-15112			Baring International Investment Ltd
0001483870-25-000005	2	0001484052	028-13831			Turtle Creek Trust Company, LTA
0001483870-25-000005	1	0001423841	028-12874			Turtle Creek Management, LLC
0001941040-25-000478	1	0001582681	028-20231			Alaska Permanent Fund Corp
0001172661-25-003069	1	0001169486	028-14109			TOKIO MARINE HOLDINGS, INC.
0001512020-25-000010	1	1512014				Kepos Partners LLC
0001740837-25-000009	1	0001442641	028-13158	000131704	801-64653	Legato Capital Management LLC
0001387303-25-000003	1					Moon John W
0001387303-25-000003	2					JWM Capital LLC
0001172661-25-003065	1	0000354204	028-01186			DIMENSIONAL FUND ADVISORS LP
0001163648-25-000009	1	0001523847	028-14509	000156752	801-72494	CI Global Investments Inc.
0000930413-25-002413	5		028-00331			Teachers Insurance & Annuity Association Of America
0000930413-25-002413	3		028-03194	000107168	801-38029	TIAA-CREF Investment Management, LLC
0000930413-25-002413	2		028-11710	000104626	801-14147	Nuveen Fund Advisors, LLC
0000930413-25-002413	1		028-14498	000155584	801-71957	Nuveen Asset Management, LLC
0000930413-25-002413	4		028-04800	000107157	801-46887	Teachers Advisors, LLC
0000354204-25-001097	4	0001939738				Dimensional Ireland Ltd
0000354204-25-001097	3	0001767761				Dimensional Fund Advisors Pte. Ltd.
0000354204-25-001097	2	0001463464	028-13500			DFA Australia Ltd.
0000354204-25-001097	1	0001463225	028-13501			Dimensional Fund Advisors Ltd.
0001752724-25-186359	1	0001789219	028-19636			Charles Schwab Trust Co
0001214659-25-011840	1	0001765285	028-19109			Apexium Financial, LP
0001025835-25-000129	1		028-13646			ENTERPRISE BANK & TRUST
0001434819-25-000009	2	0001434820	028-13073			APG Group
0001434819-25-000009	1	0000918509	028-04817			STICHTING PENSIOENFONDS ABP
0001323255-25-000026	1	0000918509	028-04817			STICHTING PENSIOENFONDS ABP
0001323255-25-000026	3	0001434819	028-13074			APG Asset Management N.V.
0001323255-25-000026	2	0001434820	028-13073			APG Group
0001213900-25-074785	4	0001907675	028-21645			Magma Venture Capital Management II L.P.
0001213900-25-074785	3	0001907635	028-21646			Magma Venture Capital Management IV L.P.
0001213900-25-074785	1	0001907618	028-21648			Zilka Yahal
0001213900-25-074785	2	0001907627	028-21647			Rosen Modi
0001725296-25-000047	5	0001390777				Bank of New York Mellon Corp
0001725296-25-000047	2	0001696076	028-17771			Apollo Real Estate Fund Adviser, LLC
0001725296-25-000047	3	0000813905	028-02009			BANK OF NEW YORK MELLON
0001725296-25-000047	4	0000030163	028-00127			BNY Mellon Investment Adviser, Inc.
0000919574-25-004464	1	0001966271	028-23853			Coalescence Global Opportunities Fund, LP
0000009634-25-000005	1	0001977483	028-23269	000110774	801-60138	CAVANAL HILL INVESTMENT MANAGEMENT, INC.
0001795705-25-000004	13			000284656		INTEGRATED WEALTH CONCEPTS LLC
0001795705-25-000004	1	0001707975				Jordan Park Group LLC
0001795705-25-000004	2	0002040515				Wealth Watch Advisors, INC
0001795705-25-000004	3	0001686343				RED CRANE WEALTH MANAGEMENT, LLC
0001795705-25-000004	4	0001764386				Claro Advisors LLC
0001795705-25-000004	5	0001737109				Integrated Wealth Concepts LLC
0001795705-25-000004	6			000322711		LONETREE WEALTH MANAGEMENT
0001795705-25-000004	7	0001992825				Farther Finance Advisors, LLC
0001795705-25-000004	8	0002056340				May Hill Capital, LLC
0001795705-25-000004	9			000329186		NOLET WEALTH MANAGEMENT, LLC
0001795705-25-000004	10	0000107136				&PARTNERS
0001795705-25-000004	11			000174215		PATHWISE WEALTH PARTNERS, LLC
0001795705-25-000004	12	0002042876				Optivise Advisory Services LLC
0001795705-25-000004	14	0002056683				Everest Management Corp.
0001795705-25-000004	15	0001803236				Resonant Capital Advisors, LLC
0001795705-25-000004	16			000298277		MANA FINANCIAL LIFE DESIGN, LLC
0001795705-25-000004	17	0001536755				Commonwealth Financial Services, LLC
0001795705-25-000004	18	0001071061				HANTZ FINANCIAL SERVICES, INC.
0001795705-25-000004	19	0001950637				Hibernia Wealth Partners, LLC
0001795705-25-000004	20	0001727599				Dynasty Wealth Management, LLC
0001795705-25-000004	21	0002011402				Edge Financial Advisors LLC
0001795705-25-000004	22	0001967844				LUTS & GREENLEIGH GROUP, INC
0001795705-25-000004	23			000305999		TSG ADVICE PARTNERS, LLC
0001795705-25-000004	24	0001922684				Paragon Private Wealth Management, LLC
0001795705-25-000004	25	0001956790				FourThought Financial Partners, LLC
0001795705-25-000004	26	0002056653				Helium Advisors LLC
0001795705-25-000004	27	0002056342				Boulay Financial Advisors, LLC
0001795705-25-000004	28	0001964541				DOVER ADVISORS, LLC
0001795705-25-000004	29	0001584086				Horan Capital Advisors, LLC.
0001795705-25-000004	30	0002012065				PROATHLETE WEALTH MANAGEMENT LLC
0001795705-25-000004	31			000289966		PROSPERO WEALTH, LLC
0001795705-25-000004	32	0001904154				Stonegate Investment Group, LLC
0001795705-25-000004	33			000334412		DAUNTLESS ADVISORY, LLC
0001795705-25-000004	34	0001633387				RFG Advisory, LLC
0001795705-25-000004	35	0001845251				Bison Wealth, LLC
0001795705-25-000004	36			000326638		GLOBAL IMPACT WEALTH MANAGEMENT
0001795705-25-000004	37			000288701		GRACE FINANCIAL ADVISORS LLC
0001795705-25-000004	38	0001936963				Exponent Wealth Inc.
0001795705-25-000004	39	0002006918				Integrity Wealth Solutions LLC
0001795705-25-000004	40	0001883006				Private Wealth Asset Management, LLC
0001795705-25-000004	41			000159736		THREE BELL CAPITAL LLC
0001795705-25-000004	42	0000874017				CRESCENT CAPITAL INC / DE
0001795705-25-000004	43	0001803005				Wealth Advisors of Iowa, LLC
0001795705-25-000004	44	0001862067				FWG Holdings, LLC
0001795705-25-000004	45	0001777271				Sanctuary Advisors, LLC
0001006378-25-000014	1	0001133639	028-06325	000109591		NEW YORK LIFE INVESTMENT MANAGEMENT LLC
0000950123-25-007601	1		028-20879			Hellman & Friedman Investors VIII, L.P.
0000950123-25-007596	1					Hellman & Friedman Investors IX, L.P.
0000950123-25-007590	1		028-22526			Hellman & Friedman Investors X, L.P.
0001951757-25-001064	2					Orion Portfolio Solutions, LLC
0001951757-25-001064	1					Polen Capital Management
0001832158-25-000004	1	0001845843	028-21173			VectorGlobal IAG, Inc.
0001062993-25-014128	1		028-20231			Alaska Permanent Fund Corp
0001172661-25-003053	1	0001697110	028-17692	000158369	801-72707	GenTrust, LLC
0000950123-25-007582	1		028-23902			CVC Capital Partners VI Ltd
0000313028-25-000050	4	0000908758	028-14511			American Beacon Advisors, Inc.
0000313028-25-000050	1	0001647273	028-18148			Perpetual Ltd
0001348883-25-000013	1	0001132702	028-06143	000111364	801-58185	FRANKLIN TEMPLETON INVESTMENTS CORP
0001104659-25-076650	1					Capricorn-Libra Partners, LLC
0001104659-25-076650	2					TIF Partners, LLC
0001104659-25-076650	4					SIF Partners, LLC
0001104659-25-076650	3					TIGF Partners, LLC
0000764068-25-000101	3	0001495115	028-13969			Legal & General Investment Management Ltd
0000764068-25-000101	2	0001559265	028-15066	000149156		Legal & General Investment Management America Inc
0000764068-25-000101	1	0002000219	028-23959			LGIM Singapore PTE Ltd
0001094499-25-000007	2	0001034882	028-06256	000139012	801-65715	MARTIN CURRIE INVESTMENT MANAGEMENT LTD
0001094499-25-000007	1	0001034883	028-06254	000110909	801-14261	MARTIN CURRIE INC
0001060021-25-000120	24	0001003283	028-05116			BlackRock Group LTD
0001060021-25-000120	25	0001388402	028-12195			BlackRock Fund Managers Ltd.
0001060021-25-000120	26	0001388401	028-12194	000162379	802-76129	BlackRock Investment Management (UK) Ltd.
0001060021-25-000120	28	0001388399	028-12198			BlackRock (Netherlands) B.V.
0001060021-25-000120	29	0001426459	028-12736	000106843	801-51087	BlackRock International, Ltd.
0001060021-25-000120	30	0001503309	028-14028			BlackRock Asset Management Ireland Ltd
0001060021-25-000120	31	0001034551	028-06128	000162380	802-76133	BlackRock Advisors (UK) Ltd
0001060021-25-000120	32	0001415064	028-12608			BlackRock Asset Management Deutschland AG
0001060021-25-000120	34	0001426606	028-13739			BlackRock (Luxembourg) S.A.
0001060021-25-000120	35	0001512562	028-14240			Ishares(DE) InvAG mit Teilgesellschaftsvermogen
0001060021-25-000120	36	0001549649	028-14948			BlackRock Life Ltd
0001060021-25-000120	37	0001559920	028-15054			BLACKROCK FUND MANAGEMENT CO. S.A.
0001060021-25-000120	40	0001654470	028-17023	000161987	801-78476	BlackRock Asset Management Schweiz AG
0001060021-25-000120	42	0001169553	028-11240	000113203	801-60384	TENNENBAUM CAPITAL PARTNERS LLC
0001060021-25-000120	43	0001364615	028-11964	000111616	801-57184	Aperio Group, LLC
0001060021-25-000120	44	0001717705	028-19078	000290336	801-112118	BlackRock Capital Investment Advisors, LLC
0001060021-25-000120	46	0001912613	028-22320	000288041	801-110250	Global Energy & Power Infrastructure II Advisors, LLC
0001060021-25-000120	47	0001703301	028-18017	000171992	801-80178	SpiderRock Advisors, LLC
0001060021-25-000120	18	0001305227	028-12016	000108928	801-56972	BlackRock Investment Management, LLC
0001060021-25-000120	16	0001579408	028-15558			BlackRock Brasil Gestora de Investimentos Ltd.
0001060021-25-000120	15	0001579409	028-15566	000165482	801-77343	BlackRock Asset Management North Asia Ltd
0001060021-25-000120	13	0001559921	028-15053	000164594	801-76926	BLACKROCK (SINGAPORE) LTD.
0001060021-25-000120	7	0001050459	028-06608	000162262	802-76230	BlackRock Asset Management Canada Ltd
0001060021-25-000120	4	0001461626	028-13496			BlackRock Investment Management (Australia) Ltd
0001060021-25-000120	3	0001512561	028-14241			BlackRock Investment Management (Taiwan) Ltd
0001060021-25-000120	2	0001086363	028-04293	000107105	801-48433	BLACKROCK FINANCIAL MANAGEMENT INC/DE
0001060021-25-000120	19	0001086364	028-04295	000106614	801-47710	BLACKROCK ADVISORS LLC
0001060021-25-000120	22	0000913414	028-03946			BlackRock Institutional Trust Company, N.A.
0001060021-25-000120	23	0001085635	028-04109			BlackRock Japan Co. Ltd
0001060021-25-000120	21	0001006249	028-13359	000105247	801-22609	BlackRock Fund Advisors
0001060021-25-000120	20	0001173486	028-10210	000108069	801-57038	BLACKROCK CAPITAL MANAGEMENT INC
0001581811-25-000007	1	0001939232	028-22583	000297738	801-113876	Egerton Capital (US), LP
0001909316-25-000005	2	0001730456			801-76539	CAPITAL WEALTH MANAGEMENT, LLC
0001909316-25-000005	3				801-74578	BRAMSHILL INVESTMENTS, LLC
0001909316-25-000005	4	0001569886			801-72141	Risk Paradigm Group, LLC
0001909316-25-000005	5	0001230440			801-61757	Neuberger Berman Investment Advisers LLC
0001909316-25-000005	6				801-60485	PARAMETRIC PORTFOLIO ASSOCIATES
0001909316-25-000005	7				801-55543	AQR CAPITAL MANAGEMENT, LLC
0001909316-25-000005	1	0001703301			801-80178	SpiderRock Advisors, LLC
0001909316-25-000005	9	0000354204				DIMENSIONAL FUND ADVISORS LP
0001909316-25-000005	10	0001385494			801-116860	Fidelity Institutional Asset Management Trust Co
0001909316-25-000005	11	0001780570			801-107290	Ethic Inc.
0001909316-25-000005	12				801-120019	CARRICK LANE LLC
0001909316-25-000005	13				801-67829	ADHESION WEALTH ADVISOR SOLUTIONS
0001909316-25-000005	8	0000020430			801-33949	Invesco Advisers, Inc.
0000038777-25-000153	1	0000941407	028-03877			FIDUCIARY TRUST CO INTERNATIONAL
0000038777-25-000153	2	0001560808	028-15057			Fiduciary Trust Co International of Pennsylvania
0000038777-25-000153	3	0001689636	028-17561			FIDUCIARY TRUST Co OF CANADA
0000038777-25-000153	4	0002067500	028-25569			Fiduciary Trust International of California
0000038777-25-000153	5	0002067532	028-25570			Fiduciary Trust International of the South
0000038777-25-000153	6	0001424480	028-13852	000124062	801-62001	FIDUCIARY TRUST INTERNATIONAL LLC
0000038777-25-000153	7	0000898420	028-03578	000104517	801-26292	FRANKLIN ADVISERS INC
0000038777-25-000153	8	0001027814	028-05930	000111361	801-51967	FRANKLIN ADVISORY SERVICES LLC
0000038777-25-000153	9	0001987159	028-23344	000325732	801-127676	Franklin Managed Options Strategies, LLC
0000038777-25-000153	10	0001023875	028-06154	000111376	801-53068	FRANKLIN MUTUAL ADVISERS LLC
0000038777-25-000153	11	0001909646	028-21845			Franklin Templeton Asset Management Mexico, S.A. de C.V., Sociedad Operadora de Fondos de Inversion
0000038777-25-000153	12	0001910379	028-21841			Franklin Templeton Australia Ltd
0000038777-25-000153	13	0001368427	028-12310	000117384	801-60684	Franklin Templeton Institutional, LLC
0000038777-25-000153	14	0001766900	028-19123			Franklin Templeton International Services S.a r.l
0000038777-25-000153	15	0001200138	028-11761	000111360	801-55170	FRANKLIN TEMPLETON INVESTMENT MANAGEMENT LTD
0000038777-25-000153	16	0001132702	028-06143	000111364	801-58185	FRANKLIN TEMPLETON INVESTMENTS CORP
0000038777-25-000153	17	0000081273	028-00090	000106629	801-7974	PUTNAM INVESTMENT MANAGEMENT LLC
0000038777-25-000153	18	0001039348	028-11763	000111382	801-46997	TEMPLETON ASSET MANAGEMENT LTD
0000038777-25-000153	19	0001014885	028-05454	000111383	801-42343	TEMPLETON GLOBAL ADVISORS LTD
0000038777-25-000153	20	0000315282	028-01074	000111370	801-15125	TEMPLETON INVESTMENT COUNSEL LLC
0000038777-25-000153	21	0000081238	028-00092	000106631	801-5097	PUTNAM ADVISORY CO LLC
0001533964-25-000007	5		28-15626			Virtu Americas LLC
0001533964-25-000007	2		28-13648			Virtu Financial BD LLC
0001533964-25-000007	1		28-12744			VIRTU FINANCIAL CAPITAL MARKETS
0001999371-25-011103	2	0001542292	028-14796			Contrarius Investment Management (Bermuda) Ltd
0001999371-25-011103	3	0002054799	028-24890			Contrarius Holdings Ltd
0001999371-25-011103	1	0001483738	028-13714			Contrarius Investment Management Ltd
0001437749-25-026065	1	0002058589	028-25528			First National Bank, Ames, Iowa
0001298088-25-000014	2	0001607902				CIBC National Trust Co
0001298088-25-000014	1	0001179157				CIBC Private Wealth Advisors, Inc.
0001298088-25-000014	3	0002013607				CIBC Delaware Trust Co
0001589176-25-000004	1	0001894749				SPX Capital Management LLC
0001172661-25-003041	1	0001376113	028-12230			ALPS ADVISORS INC
0002052710-25-000004	1	0001229262	028-10981			GOLDMAN SACHS ASSET MANAGEMENT, L.P.
0001140361-25-030523	1		28-25691			Midwest Trust
0000919185-25-000009	6	0001373636	028-12006			J.P. Morgan Securities plc
0000919185-25-000009	8	0001362941	028-11947			JPMorgan Asset Management (UK) Ltd
0000919185-25-000009	10	0001548249	028-14957			JPMorgan Asset Management (Canada) Inc.
0000919185-25-000009	11	0001503764	028-16931			J.P. Morgan Private Investments Inc.
0000919185-25-000009	13	0001657983	028-17025			J.P. Morgan (Suisse) SA
0000919185-25-000009	15	0001657968	028-17029			JPMorgan Asset Management (Asia Pacific) Ltd
0000919185-25-000009	16	0001549547	028-14958			JPMorgan Asset Management (Japan) Ltd
0000919185-25-000009	18	0001657967	028-17031			JPMorgan Asset Management (Taiwan) Ltd
0000919185-25-000009	22	0001068829	028-07312			SECURITY CAPITAL RESEARCH & MANAGEMENT INC
0000919185-25-000009	23	0001730242	028-19649			55I, LLC
0000919185-25-000009	24	0001980365	028-23287			J.P. Morgan SE
0000919185-25-000009	25	0002009356	028-23694			J.P. Morgan Markets Ltd
0000919185-25-000009	27	0002052902	028-24651			J.P. MORGAN MANSART MANAGEMENT Ltd
0000919185-25-000009	5	0001362244	028-11925			J.P. Morgan Securities LLC
0000919185-25-000009	4	0001363391	028-11937			J.P. Morgan Investment Management Inc.
0000919185-25-000009	2	0000835271	028-00123			JPMorgan Chase Bank, N.A.
0000919185-25-000009	1	0001387526	028-12125			J.P. Morgan Trust Co of Delaware
0000912282-25-000858	1	0002033785	028-24446			DNB FUND
0001104659-25-076542	1	0001702082				Magnetar Asset Management LLC
0000950123-25-007561	1		028-23454	000159014	801-72845	Sixth Street Advisers, LLC
0001674020-25-000006	1	0001576762		000158282		Advisory Alpha, LLC
0001677501-25-000008	63	0001600435				Wakefield Asset Management LLLP
0001677501-25-000008	19	0001409108				FRANKLIN TEMPLETON PRIVATE PORTFOLIO GROUP, LLC
0001677501-25-000008	20	0001284812				COHEN & STEERS, INC.
0001677501-25-000008	21	0001233991				COLUMBIA MANAGEMENT INVESTMENT ADVISERS, LLC
0001677501-25-000008	22	0000897378				CONGRESS ASSET MANAGEMENT CO
0001677501-25-000008	23	0001541743				Copeland Capital Management, LLC
0001677501-25-000008	24	0001217541				DIAMOND HILL CAPITAL MANAGEMENT INC
0001677501-25-000008	25	0001376772				Dorsey Wright & Associates
0001677501-25-000008	26	0001214639				DSM CAPITAL PARTNERS LLC
0001677501-25-000008	27	0001102578				EARNEST PARTNERS LLC
0001677501-25-000008	28	0001125816				FIRST TRUST ADVISORS LP
0001677501-25-000008	29	0001542266				Granite Investment Partners, LLC
0001677501-25-000008	30	0001082917				GW&K Investment Management, LLC
0001677501-25-000008	31	0001624729				GYROSCOPE CAPITAL MANAGEMENT GROUP, LLC
0001677501-25-000008	32	0000928196				HARDING LOEVNER LP
0001677501-25-000008	33	0001750423				Henry James International Management Inc.
0001677501-25-000008	34	0001314620				Hillman Capital Management, Inc.
0001677501-25-000008	36	0000053417				JENNISON ASSOCIATES LLC
0001677501-25-000008	37	0001363391				J.P. Morgan Investment Management Inc.
0001677501-25-000008	38	0001207017				LAZARD ASSET MANAGEMENT LLC
0001677501-25-000008	39	0001967205				Leading Edge Financial Planning LLC
0001677501-25-000008	40	0000312348				LOOMIS SAYLES & CO L P
0001677501-25-000008	41	0000903947				MILLER HOWARD INVESTMENTS INC /NY
0001677501-25-000008	42	0001317724				Mondrian Investment Partners LTD
0001677501-25-000008	43	0001475940				MONTRUSCO BOLTON INVESTMENTS INC.
0001677501-25-000008	44	0001230440				Neuberger Berman Investment Advisers LLC
0001677501-25-000008	45	0000932859				PARAMETRIC PORTFOLIO ASSOCIATES LLC
0001677501-25-000008	46	0000948669				PARNASSUS INVESTMENTS, LLC
0001677501-25-000008	1	0000825313				ALLIANCEBERNSTEIN HOLDING L.P.
0001677501-25-000008	2	0001046187				AEW CAPITAL MANAGEMENT L P
0001677501-25-000008	3	0000003520				FRED ALGER MANAGEMENT, LLC
0001677501-25-000008	4	0000860644				Aristotle Capital Management, LLC
0001677501-25-000008	5	0001579984				Ark Investment Management LLC
0001677501-25-000008	6	0001414549				AthenaInvest, Inc.
0001677501-25-000008	7	0001027817				ATLANTA CAPITAL MANAGEMENT CO L L C
0001677501-25-000008	8	0000872259				BAHL & GAYNOR INC
0001677501-25-000008	9	0001352764				Beaumont Financial Partners, LLC
0001677501-25-000008	10	0000949012				BERKSHIRE ASSET MANAGEMENT LLC/PA
0001677501-25-000008	11	0001599763				BMO ASSET MANAGEMENT CORP.
0001677501-25-000008	13	0001512978				Brookmont Capital Management
0001677501-25-000008	14	0000823621				CAMBIAR INVESTORS LLC
0001677501-25-000008	15	0000732812				Capital Group Companies, Inc.
0001677501-25-000008	17	0001165797				CAUSEWAY CAPITAL MANAGEMENT LLC
0001677501-25-000008	47	0000764529				PEREGRINE CAPITAL MANAGEMENT LLC
0001677501-25-000008	48	0001582968				Polaris Wealth Advisory Group, LLC
0001677501-25-000008	49	0001034524				POLEN CAPITAL MANAGEMENT LLC
0001677501-25-000008	50	0000769734				PRINCIPAL GLOBAL INVESTORS
0001677501-25-000008	51	0001005942				PUTNAM FUNDS TRUST
0001677501-25-000008	52	0001229262				GOLDMAN SACHS ASSET MANAGEMENT, L.P.
0001677501-25-000008	53	0001056593				SCHAFER CULLEN CAPITAL MANAGEMENT INC
0001677501-25-000008	54	0001427008				Smead Capital Management, Inc.
0001677501-25-000008	55	0001089755				SOUTHERNSUN ASSET MANAGEMENT, LLC
0001677501-25-000008	56	0001703301				SpiderRock Advisors, LLC
0001677501-25-000008	58	0001290668				Sustainable Growth Advisers, LP
0001677501-25-000008	59	0001259887				LONDON CO OF VIRGINIA
0001677501-25-000008	60	0000816153				THORNBURG INVESTMENT TRUST
0001677501-25-000008	61	0001008322				THOMPSON SIEGEL & WALMSLEY LLC
0001677501-25-000008	62	0001702435				Donoghue Forlines LLC
0001677501-25-000008	64	0001061186				WCM INVESTMENT MANAGEMENT, LLC
0001677501-25-000008	18	0001352187				Clark Capital Management Group, Inc.
0001770632-25-000011	4	0002011557	028-23832			Quilter Cheviot International Ltd
0001770632-25-000011	3	0001749851	028-18984			Quilter Investors LTD
0001770632-25-000011	2	0001802282	028-19932			Quilter Cheviot Ltd
0001770632-25-000011	1	0001802942	028-19930			Quilter Cheviot Europe Ltd
0001178913-25-002759	2	0001632511	028-16400			Clal Pension & Provident Funds Ltd.
0001178913-25-002759	1	0001632510	028-16399			Clal Insurance Co Ltd.
0001178913-25-002759	3	0001632025	028-16401			Atudot Pension Fund For Employees & Independents Ltd.
0000898419-25-000012	3	0001697766	028-17672			Eastspring Asset Management Korea Co. Ltd.
0000898419-25-000012	5	0001512287	028-14135			EASTSPRING INVESTMENTS (SINGAPORE) LTD
0000898419-25-000012	2	0001789152	028-19588			Eastspring Asset Management (Thailand) Co. Ltd.
0001632574-25-000011	1	0001632572	028-16552			WFM ASIA (HK) Ltd
0001104659-25-076298	2	0001759068	028-18948			Cumberland Investment Counsel Inc.
0001104659-25-076298	1	0001432671	028-15542			Cumberland Private Wealth Management Inc.
0000950123-25-007490	2		28-18822			Allianz Fund Investments, Inc.
0000898419-25-000012	8	0001512285	028-17684			Eastspring Securities Investment Trust Co. Ltd
0001754960-25-000568	1	0001423442	028-12966			O'SHAUGHNESSY ASSET MANAGEMENT, LLC
0000950123-25-007490	1		28-18818			Allianz Life Insurance Company of North America
0001140361-25-030255	1	0001376209		000141037	801-67089	KA Fund Advisors LLC
0001356513-25-000006	1	0000073124	028-00290			NORTHERN TRUST CORP
0000898417-25-000008	1	0001822993	028-21420			Jackson Financial Inc.
0000919574-25-004431	1	0002073656	028-25640			Teleios Global Opportunities Master Fund, Ltd.
0001667731-25-001085	1	0001761755	028-19141	000288576	801-110591	TOWNSQUARE CAPITAL LLC
0001172661-25-003016	1	0001670139	028-18624	000171988	801-108947	Inspire Investing, LLC
0002052595-25-000038	1	0000947263	028-11527			TORONTO DOMINION BANK
0000950123-25-007459	4		028-20554	000304569	801-117013	Thrivent Advisor Network, LLC
0000950123-25-007459	3		028-14970			Thrivent Trust Company
0000950123-25-007459	1		028-11983	000137751	801-64988	Thrivent Asset Management, LLC
0000950123-25-007459	2		028-10230	000018387	801-29618	Thrivent Investment Management Inc
0001172661-25-003012	1	0001593324	028-17117	000159042	801-80466	Penserra Capital Management LLC
0000947871-25-000732	1	0001847785	028-21097			Metzler Asset Management GmbH
0001592828-25-000009	16		028-17745			Alpha Architect, LLC
0001592828-25-000009	24		028-11066			Suncoast Equity Management, LLC
0001592828-25-000009	23		028-05690			Matrix Asset Advisors, Inc.
0001592828-25-000009	22		028-21017			Castellan Group, LLC
0001592828-25-000009	21		028-00858			ARS Investment Partners, LLC
0001592828-25-000009	20		028-18631			Smart Money Group, LLC
0001592828-25-000009	19		028-13780			The Rock Creek Group, LP
0001592828-25-000009	18		028-17008			Cambria Investment Management
0001592828-25-000009	17		028-24404			MarketDesk Indices, LLC
0001592828-25-000009	15		028-05750			Keating Investment Counselors, Inc.
0001592828-25-000009	14		028-15611			Carlson Capital Management
0001592828-25-000009	13		028-23787			Arin Risk Advisors, LLC
0001592828-25-000009	12		028-19152			Sepio Capital LP
0001592828-25-000009	11		028-22555			Astoria Portfolio Advisors, LLC
0001592828-25-000009	10		028-04852			The Burney Company
0001592828-25-000009	9		028-22677			Strive Asset Management, LLC
0001592828-25-000009	8		028-21688			Orcam Financial Group, LLC
0001592828-25-000009	7		028-06620			Morgan Dempsey Capital Management, LLC
0001592828-25-000009	6		028-21202			Gadsden, LLC
0001592828-25-000009	5		028-18282			Freedom Day Solutions, LLC
0001592828-25-000009	4		028-15847			Euclidean Technologies Management, LLC
0001592828-25-000009	3		028-05563			Bridgeway Capital Management, LLC
0001592828-25-000009	1		028-22595			Altrius Capital Management, Inc.
0001592828-25-000009	2		028-05933			Argent Capital Management, LLC
0001752724-25-185843	3	0000947529	028-16887	000106715	801-49601	VANGUARD ADVISERS INC
0001752724-25-185843	6	0001680208	028-20272	000282598	801-107653	 VANGUARD ASSET MANAGEMENT, Ltd
0001752724-25-185843	2	0001550100	028-14986	000282933	801-107761	Vanguard Investments Australia, Ltd.
0001752724-25-185843	1	0000933478	028-11554			VANGUARD FIDUCIARY TRUST CO
0001752724-25-185843	4	0001811242	028-20273	000164593	801-76825	Vanguard Global Advisers, LLC
0001752724-25-185843	5	0001984256	028-23299			Vanguard National Trust Co
0001372312-25-000005	1	0001372312	028-13541			United Capital Financial Partners, LLC
0000930413-25-002405	1		028-19154		801-28179	TIAA Kaspick, LLC
0000717538-25-000082	2	0000902882				ARROW BANK NATIONAL ASSOCIATION
0000950123-25-007440	1			000282575	801-107232	Blue Owl Credit Advisors LLC
0000950123-25-007440	4			000315228		Blue Owl GPSC IV Advisors LLC
0000950123-25-007440	3			000297497	801-113628	Blue Owl Technology Credit Advisors LLC
0000950123-25-007440	5			000297506	801-113629	Blue Owl Credit Private Fund Advisors LLC
0000950123-25-007440	6			000329382		Blue Owl Healthcare Opportunities Advisors LLC
0000950123-25-007440	7			000333241		Blue Owl Alternative Credit Advisors LLC
0000950123-25-007440	2			000293945	801-120706	Blue Owl GPSC Advisors LLC
0000950123-25-007440	8			000331318	801-130383	Blue Owl Insurance Advisors LLC
0001172661-25-003009	1	0001694685	028-18420			Bluescape Resources GP Holdings LLC
0001172661-25-003009	2	0001629304	028-18421			Wilder John C Jr
0000905148-25-002801	3	0002067711	028-25563			Renaissance Investment Holdings Ltd.
0000905148-25-002801	1	0001614034	028-25508			RenaissanceRe Ventures Ltd.
0000905148-25-002801	2	0001614037	028-25529		001-36537	Renaissance Other Investments Holdings II Ltd.
0001508236-25-000007	1	0002011601	028-23739			Hauser Phillip Johannes
0000923338-25-000005	1	0002027344				Koch, Inc.
0001909846-25-000005	1					Darlington Capital Management
0001140361-25-030107	1	0001475365	028-14527			Sumitomo Mitsui Trust Group, Inc.
0001140361-25-030107	2	0001425864	028-12975			Nikko Asset Management Co., Ltd.
0001397424-25-000008	1	0001449088	028-16338	000147298	801-71128	MILLINGTON SECURITIES, LLC
0001062993-25-014027	34		028-17754	000151559	801-70719	CERITY PARTNERS LLC
0001062993-25-014027	35		028-16961	000154718	801-71802	UNIPLAN INVESTMENT COUSEL
0001062993-25-014027	36		028-04621	000000793	801-10746	STIFEL FINANCIAL CORP
0001062993-25-014027	37		028-02956	000110757	801-16937	GREAT LAKES ADVISORS
0001062993-25-014027	38		028-00290	000007927	801-80781	NORTHERN TRUST
0001062993-25-014027	39		028-07806	000112215	801-60185	BESSEMER GROUP INC
0001062993-25-014027	40		028-17407	000168219	801-78284	ORGEL WEALTH MANAGEMENT, LLC
0001062993-25-014027	1		028-07342	000110351	801-2731	MAIRS AND POWER, INC.
0001062993-25-014027	2		028-01911	000008158	801-7571	BAIRD ROBERT W & CO INC
0001062993-25-014027	3		028-17249	000173347	801-80681	CLARIUS GROUP, LLC
0001062993-25-014027	4		028-13894	000145711	801-69073	FREESTONE CAPITAL HOLDINGS, LLC
0001062993-25-014027	5		028-04879	000106432	801-40278	REINHART PARTNERS, INC.
0001062993-25-014027	6		028-10562	000108477	801-56720	ALLIANCEBERNSTEIN L.P.
0001062993-25-014027	7		028-01707	000110550	801-8562	BAILARD, INC.
0001062993-25-014027	8		028-01822	000110489	801-11781	BECKER CAPITAL MANAGEMENT INC
0001062993-25-014027	9		028-03143	000140444	801-13545	FOLGER NOLAN FLEMING DOUGLAS CAPITAL
0001062993-25-014027	10		028-07602	000000199	801-45761	DAVIDSON DA & CO
0001062993-25-014027	11		028-10663	000119278	801-60945	HAMLIN CAPITAL MANAGEMENT, LLC
0001062993-25-014027	12		028-14122	000151736	801-70776	PATHSTONE FAMILY OFFICE, LLC
0001062993-25-014027	13		028-22724	000311492	801-120488	CREATIVE CAPITAL MANAGEMENT INVESTMENTS LLC 
0001062993-25-014027	14		028-00158	000007691	801-14235	BANK OF AMERICA CORP
0001062993-25-014027	15		028-03434	000105161	801-23386	CONGRESS ASSET MANAGEMENT CO
0001062993-25-014027	16		028-10981	000000361	801-16048	GOLDMAN SACHS ASSET MANAGEMENT
0001062993-25-014027	17		028-11873	000149777	801-70103	MORGAN STANLEY & CO. LLC
0001062993-25-014027	18		028-04069	000031194	801-13059	RBC CAPITAL MARKETS, LLC
0001062993-25-014027	19		028-19305	000288566	801-110753	CRESSET ASSET MANAGEMENT, LLC
0001062993-25-014027	20		028-12988	000006681	801-66192	FIRST WASHINGTON
0001062993-25-014027	21		028-11925	000000079	801-3702	JP MORGAN SECURITIES PLC
0001062993-25-014027	22		028-04558	000114310	801-60485	PARAMETIC PORTFOLIO ASSOCIATES LLC
0001062993-25-014027	23		028-03125	000110901	801-17958	TRILLIUM ASSET MANAGEMENT, LLC
0001062993-25-014027	24		028-18042	000125101	801-79223	JOHNSON FINANCIAL GROUP, LLC
0001062993-25-014027	25		028-11964	000111616	801-57184	APERIO GROUP, LLC
0001062993-25-014027	26		028-00551	000017868	801-68122	US BANCORP
0001062993-25-014027	27		028-16612	000008174	801-7163	UBS GROUP AG
0001062993-25-014027	28		028-02825	000016139	801-36951	BAHL & GAYNOR INC
0001062993-25-014027	29		028-06408	000105958	801-11953	VANGUARD GROUP INC
0001062993-25-014027	30		028-03692	000015800	801-28170	MILLER HOWARD INVESTMENTS INC /NY
0001062993-25-014027	31		028-04819	000159289	801-72862	FOCUS PARTNERS WEALTH
0001062993-25-014027	32		028-13117	000011025	801-57434	WELLS FARGO ADVISORS FINANCIAL NETWORK, LLC
0001062993-25-014027	33		028-18349	000106720	801-48820	FIDUCIENT ADVISORS LLC
0001062993-25-014027	41		028-19634	000147384	801-69248	SCHWARZ DYGOS WHEELER INVESTMENT ADVISORS LLC
0001062993-25-014027	42		028-13510	000145323	801-69625	BEL AIR INVESTMENT ADVISORS
0001062993-25-014027	43		028-16217	000151043	801-70472	GARDE CAPITAL, INC.
0001062993-25-014027	44		028-20451	000107148	801-38507	FOSTER GROUP, INC
0001062993-25-014027	45		028-12526	000006413	801-10970	LPL FINANCIAL LLC
0001062993-25-014027	46		028-20564	000283682	801-107852	BOND & DEVICK FINANCIAL NETWORK, INC.
0001062993-25-014027	47		028-05098	000107823	801-32238	COMPASS CAPITAL MANAGEMENT, INC
0001062993-25-014027	48		028-05837	000108893	801-45536	LOGAN CAPITAL MANAGEMENT INC
0001062993-25-014027	49		028-04587	000110897	801-40592	ZACKS INVESTMENT MANAGEMENT
0001062993-25-014027	50		028-22356	000104540	801-21230	LAKESIDE ADVISORS, INC.
0001062993-25-014027	51		028-04434	000104543	801-36845	HARDING LOEVNER LP
0001062993-25-014027	52		028-00139	000006363	801-28543	AMERIPRISE FINANCIAL INC
0001062993-25-014027	53		028-11310	000108680	801-56993	DOUGLAS WINTHROP ADVISORS, LLC
0001062993-25-014027	54		028-16347	000121863	801-69518	EISNERAMPER WEALTH MANAGEMENT CORPORATE BENEFITS, LLC
0001062993-25-014027	55		028-00400	000104596	801-1895	DODGE & COX
0001062993-25-014027	56		028-02602	000106647	801-9970	EDGEWOOD MANAGEMENT LLC
0001062993-25-014027	57		028-19468	000147363	801-69271	MERCER GLOBAL ADVISORS INC /ADV
0001062993-25-014027	58		028-16385	000107784	801-56071	NORTHSIDE CAPITAL MANAGEMENT, LLC
0001398344-25-014903	1	0001767867	028-19401			RWC (US) LLC
0001398344-25-014903	2	0001767714	028-19398			RWC Partners Ltd
0001398344-25-014895	2	0001469751	028-13577	000146221	801-68810	RiverFront Investment Group, LLC
0001398344-25-014895	3	0001512920	028-14703	000159263	801-72899	SPROTT INC.
0001398344-25-014895	1	0001673385	028-17446	000108031	801-56896	Morningstar Investment Management LLC
0001085146-25-004774	1	0001535090	028-14605	000162995	802-75210	Parametrica Asset Management Ltd
0001104659-25-076039	3	0001977663	028-23255			Dai-ichi Life International Holdings LLC
0001104659-25-076039	2	0001977662	028-23254			Dai-ichi Life International Ltd
0001104659-25-076039	1	0000948518	028-06348			Dai-ichi Life Holdings, Inc.
0000936944-25-000008	4	0000350894	028-16454			SEI INVESTMENTS CO
0000740913-25-000010	1	0001587281	028-17301			VIRTUS ADVISERS, LLC
0001398344-25-014888	1			000310008	801-119410	Williams Financial Group, LLC
0001140361-25-030078	2	0001591068	028-17877			VIRTUS ALTERNATIVE INVESTMENT ADVISERS, LLC
0001140361-25-030078	1	0000019481	028-00085			Virtus Investment Advisers, LLC
0001104659-25-076007	1	0001960353				Dorset Partners LLC
0001140361-25-030017	4	0001672271	028-17455			Nomura Islamic Asset Management Sdn. Bhd.
0001140361-25-030017	3	0001831764	028-20377			Nomura Asset Management Europe KVG mbH
0001140361-25-030017	2	0001332826	028-11455	000110815	801-25922	Nomura Asset Management U.K. Ltd
0001140361-25-030017	1	0001568445	028-15407			Nomura Asset Management Malaysia Sdn. Bhd.
0001140361-25-030017	5	0001674607	028-17454			Nomura Asset Management Taiwan Ltd.
0000831001-25-000145	4	0001080104	028-04349			Citicorp Banking Corp
0000831001-25-000145	3	0001336397	028-11520			Citicorp LLC
0000831001-25-000145	6	0001426918	028-12977			Citicorp Trust South Dakota
0000831001-25-000145	5	0001389388	028-12382			Citicorp Trust Delaware, National Association
0000831001-25-000145	2	0000036684	028-04287			Citibank, N.A.
0000831001-25-000145	1	0000799632	028-04289			Citibank (Switzerland) AG
0000831001-25-000145	7	0000700691	028-01114			Citigroup Financial Products Inc.
0000831001-25-000145	8	0001279224	028-10817			Citigroup Global Markets Europe AG
0000831001-25-000145	9	0001765064	028-19110			Citigroup Global Markets Holdings Bahamas Ltd
0000831001-25-000145	10	0000200245	028-01109			Citigroup Global Markets Holdings Inc.
0000831001-25-000145	11	0000315030	028-00541	000007059	801-3387	Citigroup Global Markets Inc.
0000831001-25-000145	12	0001012467	028-04309			Citigroup Global Markets Ltd
0002044885-25-000006	1	0001887931				Raiffeisen Mandatory & Voluntary Pension Funds Management Co Plc
0002044885-25-000006	5	0002055341				Raiffeisen FUTURE a.d. Beograd DUDPF
0002044885-25-000006	4	0002055921				Raiffeisen investicni spolecnost a.s.
0002044885-25-000006	3	0002055977				Raiffeisen Invest JSC
0002044885-25-000006	2	0002055548				Raiffeisen Kapitalanlage-Gesellschaft m.b.H.
0002044885-25-000006	6	0002056899				Limited Liability Co Raiffeisen Capital Management Co
0001213900-25-073920	2	0001803169	028-22971			Viola Growth Management Fund 2 Ltd.
0001213900-25-073920	3	0001997365				Viola Ventures 4, L.P.
0001213900-25-073920	1	0001965212	028-22972			Viola Ventures GP 3 Ltd.
0002057170-25-000008	3	0002056687	028-25404			Universal-Investment Ireland Fund Management Ltd.
0002057170-25-000008	2	0002056307	028-25403			Universal-Investment-Luxembourg S.A.
0002057170-25-000008	1	0001557184	028-25402			Universal-Investment-Gesellschaft mbH
0002057170-25-000008	4	0002057123	028-25405			UI BVK Kapitalverwaltungsgesellschaft mbH
0001178913-25-002720	1	0002005938	028-24274			More Provident Funds & Pension Ltd.
0001178913-25-002720	2	0002028930	028-24275			More Mutual Funds Management (2013) Ltd.
0001178913-25-002720	3	0002028929	028-24276			More Investment House Portfolio Management Ltd
0002056052-25-000003	2		028-25172	000331527	801-130477	Diadema Partners LP
0002056052-25-000003	1			000305473	801-120135	8 Knots Management LLC
0002056052-25-000003	3		028-20329	000292364	801-132498	L1 Capital Pty Ltd
0002056052-25-000003	4		028-25513			PMC FIG Opportunities LLC
0002056052-25-000003	5					Auspice Investment Management Limited
0002056052-25-000003	6					WaterValley Capital Management (HK) Limited
0002056052-25-000003	7					Lexington Capital Management, LP
0001104659-25-075856	3		028-18733			BT Funds Management (NZ) Limited
0001104659-25-075856	4		028-19619			Westpac Financial Services Limited
0001178913-25-002712	2	0001600084	028-15917			Keren Hgimlaot Hmerkazit Histadrut Central Pension Fund Ltd. - Under Special Management
0001178913-25-002712	1	0001599721	028-15916			Kerren Makefet Pension & Provident Center - Cooperative Society Ltd. (Under Special Management)
0001890149-25-000005	1					Just Invest (Vanguard)
0000950123-25-007379	1		028-22088			John Schreiber
0001594417-25-000005	1	0001539204	028-18152			Crossmark Global Holdings, Inc.
0001594417-25-000005	2	0000354204	028-01186			DIMENSIONAL FUND ADVISORS LP
0001683168-25-005819	1	0001741736	028-18797			Financial Gravity Asset Management, Inc.
0000898432-25-000576	1	0001527166	028-15025	000111128	801-52462	Carlyle Group Inc.
0000898432-25-000575	3	0001555793	028-15024	000114795		CIM Global, L.L.C.
0000898432-25-000575	2	0001354120	028-12429	000111128	801-52462	Carlyle Investment Management LLC
0000898432-25-000575	1	0001397144	028-14285	000163213	802-75741	Abingworth LLP
0001062993-25-013989	1	0001326234	028-11378			Allen Investment Management, LLC
0001062993-25-013989	2	0001363391	028-11937			J.P. Morgan Investment Management Inc.
0001999371-25-010989	1	0002055944	028-25088			2774719 Ontario Ltd
0000005272-25-000095	1	0001417296	028-23996			AIG Capital Corp
0001910660-25-000003	1	0001018331	028-05788	000106800	801-48408	NATIXIS ADVISORS, LLC
0001292814-25-002988	1	0001541597	028-14678			Itau USA Asset Management Inc.
0001791965-25-000005	1	0001593324				Penserra Capital Management LLC
0001104659-25-075702	1	0000937875	028-04686			TRAVELERS INDEMNITY CO
0000759944-25-000112	2	0001766347	028-19418	000106743	801-40835	Clarfeld Financial Advisors, LLC
0000759944-25-000112	1	0001663813	028-17246			Citizens  Bank, National Association
0000950123-25-007363	7		028-21869			Silver Lake West VoteCo, L.L.C.
0000950123-25-007363	6		028-21419			Silver Lake Alpine Associates, L.P.
0000950123-25-007363	5		028-18876			Silver Lake Technology Associates V, L.P.
0000950123-25-007363	4		028-18777			Silver Lake Technology Associates V Marquee, L.P.
0000950123-25-007363	3		028-18593			Silver Lake Technology Associates IV, L.P.
0000950123-25-007363	2		028-16315			Silver Lake Technology Associates III Cayman, L.P.
0000950123-25-007363	1		028-14670			Silver Lake Technology Associates III, L.P.
0001085146-25-004757	1	0001966440	028-23268			NATIONAL MUTUAL FUNDS MANAGEMENT LTD
0000950123-25-007360	1		028-25072			Botein Matthew B.
0000950123-25-007360	2		028-25071			Sachs Lewis A.
0001062993-25-013943	1	0002011783		000160437	801-74255	Lgt Capital Partners (USA) Inc.
0001062993-25-013943	2	0002014044		000175492	802-96269	LGT Capital Partners (Asia-Pacific) Ltd
0001739439-25-000015	2	0000866998	028-02772			ROCKEFELLER TRUST COMPANY, N.A.
0001739439-25-000015	1	0000315123	028-00926			ROCKEFELLER & CO. LLC
0001739439-25-000015	4	0001723502	028-19121			ROCKEFELLER FINANCIAL LLC
0001739439-25-000015	3	0001292819	028-11086			Rockefeller Trust Co (Delaware)
0001085146-25-004748	2	0000949471	028-05046			WESTWOOD MANAGEMENT CORP /TX
0001085146-25-004748	5	0001297254	028-10977			Westwood Advisors, L.L.C.
0001085146-25-004748	4	0001607760	028-16988			Westwood Trust
0001085146-25-004748	6	0001095952	028-06435			BROADMARK ASSET MANAGEMENT LLC
0001540235-25-000006	1	0001977052	028-23240			CREATIVE PLANNING TRUST Co LLC
0001085146-25-004733	3	0002007082	028-24186	000319561	801-124718	Oxford Wealth Group, LLC
0001085146-25-004733	4	0001964722	028-22816	000310441	801-120519	MILESTONE ASSET MANAGEMENT, LLC
0001085146-25-004733	1	0001950607	028-22663	000319618	801-124695	Axim Planning & Wealth
0001085146-25-004733	2	0002011849	028-23835	000318592	801-129053	Mosley Wealth Management
0001290668-25-000003	1	0001376113	028-12230			ALPS ADVISORS INC
0001290668-25-000003	2	0001319111	028-11308			VIRTUS CAPITAL ADVISERS, LLC
0001290668-25-000003	3	0000019481	028-00085			Virtus Investment Advisers, LLC
0001398344-25-014823	1	0001269754	028-11517			PROSPECTOR PARTNERS FUND, L.P.
0000912938-25-000121	1		028-13173	000107144	801-46433	MFS Institutional Advisors, Inc.
0000912938-25-000121	2		028-13180			MFS Investment Management Company (LUX) S.a r.l.
0000912938-25-000121	8		028-18051			MFS International Australia Pty Ltd
0000912938-25-000121	3		028-16137			MFS International Singapore Pte. Ltd.
0000912938-25-000121	7		028-06597			MFS Investment Management Canada Limited
0000912938-25-000121	6		028-13175			MFS Heritage Trust Company
0000912938-25-000121	5		028-13177			MFS Investment Management K.K.
0000912938-25-000121	4		028-13178			MFS International (U.K.) Limited
0000912938-25-000121	9		028-06325	000109591	801-57396	New York Life Investment Management LLC
0001085146-25-004730	1	0000907692	028-16475			SEI INVESTMENTS MANAGEMENT CORP
0000950123-25-007343	4					BBVA FIDUCIARIA
0000950123-25-007343	5					BBVA MEXICO SA INSTITUCION DE BANCA MULTIPLE GRUPO
0000950123-25-007343	6					BBVA SEGUROS MEXICO SA DE CV GRUPO FINANCIERO BBVA
0000950123-25-007343	7					BILBAO VIZCAYA INVESTMENTS SA UNIPERSONAL
0000950123-25-007343	8					Garanti Asset Management
0000950123-25-007343	9					PROPEL VENTURE PARTNERS GLOBAL US, LP
0000950123-25-007343	10					PROPEL VENTURE PARTNERS US FUND I, L.P.
0000950123-25-007343	11					BBVA Asset Management Continental
0000950123-25-007343	1				1-10110	BANCO BILBAO VIZCAYA ARGENTARIA SA
0000950123-25-007343	2					BBVA ASSET MANAGEMENT S.A. SGIIC
0000950123-25-007343	3					BBVA Asset Management Mexico
0001140361-25-029792	1	0001213066	028-10307			TRUSTCO BANK
0001085146-25-004729	1	0000769734	028-01549	000109002	801-55959	PRINCIPAL GLOBAL INVESTORS
0001085146-25-004729	2	0001218333	028-10400	000109008	801-55618	PRINCIPAL REAL ESTATE INVESTORS LLC
0001085146-25-004729	3	0000009712	028-00793			PRINCIPAL LIFE INSURANCE CO
0001085146-25-004729	4	0001094589	028-10107			PRINCIPAL FINANCIAL SERVICES INC
0001085146-25-004729	5	0001280529	028-22671			DELAWARE CHARTER GUARANTEE & TRUST CO
0001989672-25-000005	1	0000354204		000106482	801-16283	DIMENSIONAL FUND ADVISORS LP
0001989672-25-000005	2	0000932859		000114310	801-60485	PARAMETRIC PORTFOLIO ASSOCIATES LLC
0001085146-25-004708	1	0001767306	028-20247	000285366	801-114487	Vanguard Personalized Indexing Management, LLC
0001085146-25-004708	2	0001125816	028-06487	000107027	801-39950	FIRST TRUST ADVISORS LP
0001224608-25-000049	1	0001689637	028-17556			40|86 Advisors, Inc.
0001085146-25-004702	2	0001928090	028-22511	000137637	801-64878	Fiera Capital (UK) Ltd
0001085146-25-004702	1	0000945425	028-04930	000113638	801-8948	Fiera Capital Inc.
0000950123-25-007335	3		028-24947			Allianz ZB Mandatory & Voluntary Pension Funds Management Co Ltd.
0000950123-25-007335	2		028-24944			ALLIANZ MEXICO, S.A. COMPANIA DE SEGUROS
0000950123-25-007335	5		028-24965			INVESTITORI SGR S.p.A.
0000950123-25-007335	4		028-24955			POD Allianz Bulgaria
0000950123-25-007335	1		028-24967			Allianz Investments III Luxembourg S.A.
0001085146-25-004701	1	0001169683				OAKLAND FINANCIAL CORP
0001085146-25-004699	2	0001418204	028-12624	000105108	801-71759	J.P. Morgan Private Wealth Advisors LLC
0001085146-25-004699	1			000149777	801-70103	Morgan Stanley
0001085146-25-004699	3			000105058		Prio Wealth
0001085146-25-004698	1	0001133639	028-06325			NEW YORK LIFE INVESTMENT MANAGEMENT LLC
0001749768-25-000049	3	0001127990				IMPAX ASSET MANAGEMENT LLC
0001749768-25-000049	1	0001428948				Impax Asset Management LTD
0001749768-25-000049	4	0001964205				Fidante Partners Ltd
0001085146-25-004696	1	0001014892	028-05476			First State Trust Co
0001085146-25-004696	2	0000861177	028-02682	000106838	801-34910	UBS AM, a distinct business unit of UBS ASSET MANAGEMENT AMERICAS LLC
0002040686-25-000004	6	0000312348	028-00398			LOOMIS SAYLES & CO L P
0002040686-25-000004	5	0001633863	028-16899	000106595		Wellington Management Co LLP
0002040686-25-000004	3	0000073124			801-36609	NORTHERN TRUST CORP
0002040686-25-000004	2	0001390777	028-12592	000105764	801-19785	Bank of New York Mellon Corp
0002040686-25-000004	1	0001086363	028-04293	000107105	801-48433	BLACKROCK FINANCIAL MANAGEMENT INC/DE
0002040686-25-000004	7	0001086888		000106435	801-42023	MANULIFE FINANCIAL CORP
0002080520-25-000001	1					ABN AMRO BANK N.V.
0001214717-25-000012	1	0002026754	028-24283			GEODE CAPITAL MANAGEMENT TRUST COMPANY, LLC
0000945621-25-000681	2	0002050635	028-24683			ABC ARBITRAGE ASSET MANAGEMENT ASIA PTE LTD
0000945621-25-000681	1	0001593032	028-24682			ABC ARBITRAGE ASSET MANAGEMENT
0000929638-25-002941	1	0001597865	028-15700			Zenkyoren Asset Management of America Inc.
0001951757-25-001055	1					Atria Investments
0001951757-25-001055	2					55i, LLC
0000950123-25-007308	4		028-16415	000129052		PNC Investments LLC
0000950123-25-007308	1		028-5284			PNC Bank, National Association
0000950123-25-007308	2		028-13663			PNC Delaware Trust Company
0000950123-25-007308	3		028-24032			PNC Ohio Trust Company
0001104659-25-075491	1	0001579053	028-15642			Crosby Advisors LLC
0000950123-25-007299	1		028-03513			 M&G Investment Management Limited
0000950123-25-007299	2		028-24108			M&G Investments (USA) Inc.
0000950123-25-007296	1					KBC Bank NV
0000950123-25-007296	2					KBC Asset Management NV
0000950123-25-007296	3					KBC Fund Management Ltd.
0000950123-25-007296	4					CSOB Asset Management a.s.
0000950123-25-007295	2		028-19510			PGIM Investments LLC
0000950123-25-007295	1		028-10998			GuideStone Capital Management, LLC
0002009539-25-000008	1	0001294591				Rakuten Group, Inc.
0002009539-25-000008	3	0001520309				Mizuho Securities Co. Ltd.
0002009539-25-000008	2	0001335730				MIZUHO FINANCIAL GROUP INC
0001171843-25-005199	1	0001080386	028-04383	000155958	802-80483	Jupiter Investment Management Ltd
0000950123-25-007290	7		028-19145	000175193	801-108196	First Sentier Investors (Australia) RE Ltd
0000950123-25-007290	8		028-13582			MITSUBISHI UFJ FINANCIAL GROUP INC
0000950123-25-007287	1		28-13582			Mitsubishi UFJ Financial Group, Inc.
0000950123-25-007290	1		028-14419			First Sentier Investors RQI Pty Ltd
0000950123-25-007290	2		028-14423	000160034	801-73006	First Sentier Investors (Australia) IM Ltd
0000950123-25-007290	3		028-06518	000281323	801-106688	First Sentier Investors (UK) IM Ltd
0000950123-25-007290	4		028-14420	000281553	801-106686	First Sentier Investors (Hong Kong) Ltd
0000950123-25-007290	5		028-14523	000110992	801-17900	First Sentier Investors International IM Ltd
0000950123-25-007290	6		028-16989	000165124	801-77069	First Sentier Investors (Singapore)
0001848138-25-000008	1		028-21212	000310400		GREENWOODS INVESTMENTS SG PTE. LTD.
0000950123-25-007245	1		028-23893			FJ INVESTMENTS, LLC
0002011872-25-000007	1	0001667146	028-17378	000007995	801-69266	Ausdal Financial Partners, Inc.
0002011872-25-000007	2	0001994461	028-23412	000277031	801-120628	Equita Financial Network, Inc.
0002011872-25-000007	3	0002005353	028-23827	000324250	801-127235	UPTICK PARTNERS, LLC
0002011872-25-000007	4	0001784235	028-19580	000170602	801-111778	Clear Creek Financial Management, LLC
0001104659-25-075309	2	0001446492	028-22348			FARMER COLIN MICHAEL
0002011872-25-000007	6	0001965923	028-24896	000319481	801-126693	Gutierrez Wealth Advisory, LLC
0002011872-25-000007	7	0001849614	028-21106	000170807	801-79393	ENCOMPASS WEALTH ADVISORS, LLC
0002011872-25-000007	8	0001936845	028-22781	000315663	801-122834	Pacific Sage Partners, LLC
0002011872-25-000007	9	0002011333	028-23753	000324943	801-127385	VICTORY FINANCIAL GROUP, LLC
0001395064-25-000124	1		028-24939			Takeda Vaccines, Inc.
0001104659-25-075309	1	0001295598	028-22347			OHara Michael Gregory
0001633799-25-000009	1	0001418329	028-12634	000158310	801-73635	Ninety One UK Ltd
0002011872-25-000007	5	0002052531	028-24811	000167122	801-120324	Axis Wealth Partners, LLC
0001600327-25-000007	1		028-16454			SEI Investments Co
0002011050-25-000004	3					Charles Schwab Investment Management Inc
0002011050-25-000004	1					Nuveen Asset Management, LLC
0002011050-25-000004	2					Cullen Capital Management, LLC
0001843745-25-000006	1	0001535865	028-14921	000143593		Atria Investments, Inc
0001843745-25-000006	2	0001767306	028-20247	000285366		Vanguard Personalized Indexing Management, LLC
0001966355-25-000003	1	0000922072		000035971	801-13542	DALE K. EHRHART, INC.
0001966355-25-000003	2	0001965665	028-23573	000111908	801-60480	Monument Group Wealth Advisors, LLC
0001497345-25-000002	2					General Motors Ventures LLC
0001497345-25-000002	1					General Motors Company
0001172661-25-002954	1	0002012383		000171992	801-80178	BlackRock, Inc.
0000897423-25-000065	1	0000911377	028-18015			BASS ROBERT M
0001104659-25-075203	1	0001427277	028-12940	000130849	801-64963	RIVERSTONE INVESTMENT GROUP LLC
0001085146-25-004658	1	0001257165	028-12637			ORIX Corp Europe N.V.
0001085146-25-004658	4	0001070304	028-18337			ORIX CORP
0001085146-25-004658	3	0001491216	028-13904			Boston Partners Trust Co
0001085146-25-004658	2	0001418773	028-12635			Robeco Institutional Asset Management B.V.
0001085146-25-004655	3	0001418773	028-12635			Robeco Institutional Asset Management B.V.
0001085146-25-004655	2	0001257165	028-12637			ORIX Corp Europe N.V.
0001085146-25-004655	1	0001070304	028-18337			ORIX CORP
0000945621-25-000670	1	0001884799	028-21632			Guardian Partners Inc.
0001796874-25-000006	1	0000080386		000006413	801-10970	LPL FINANCIAL LLC
0001214659-25-011672	1	0000932859	028-04558			PARAMETRIC PORTFOLIO ASSOCIATES LLC
0001172661-25-002936	2	0001627512	028-16477	000161061	801-108369	Comgest Asset Management International Ltd
0001172661-25-002936	1	0001059957	028-16478			COMGEST S.A.
0001172661-25-002936	5	0001861228	028-21216			Comgest Asset Management Japan Ltd.
0001172661-25-002936	3	0001762529	028-19124			Comgest Far East Ltd
0001172661-25-002936	4	0001859652	028-21217			Comgest Singapore Pte. Ltd.
0001042046-25-000028	1		028-00498			Great American Insurance Company
0000714142-25-000003	1					INTERNAL MGMT S&P400 INDEX
0000714142-25-000003	2					INTERNAL MGMT S&P 500 INDEX
0000714142-25-000003	24					MED S&P 600 STOCK INDEX
0000714142-25-000003	23					MED S&P 500 STOCK INDEX
0000714142-25-000003	22					MED S&P 400 STOCK INDEX
0000714142-25-000003	21					MED TODD INTL INTRINSIC VALUE
0000714142-25-000003	3					INTERNAL S&P 600 INDEX
0000714142-25-000003	4					STATE STREET US PREMIER GROWTH
0000714142-25-000003	5					INTERNAL MGMT JL LOSEY SCHOLARSHIP FUND
0000714142-25-000003	6					TODD INTRINSIC VALUE OPPORTUNITY
0000714142-25-000003	7					TODD INTERNATIONAL INTRINSIC VALUE
0000714142-25-000003	8					TODD INTL INTRINSIC VALUE OPPORTUNITY
0000714142-25-000003	9					TODD LARGE CAP INTRINSIC VALUE
0000714142-25-000003	10					UBS VALUE ORIENTED
0000714142-25-000003	11					WELLINGTON LARGE CAP EQUITY
0000714142-25-000003	12					WELLINGTON SMALL CAP EQUITY
0000714142-25-000003	13					BAILLIE GIFFORD US EQ GROWTH STRATEGY
0000714142-25-000003	14					LIFE S&P 400 STOCK INDEX
0000714142-25-000003	15					LIFE S&P 500 STOCK INDEX
0000714142-25-000003	16					LIFE S&P 600 STOCK INDEX
0000714142-25-000003	17					LIFE IN HOUSE HIGH YIELD BOND
0000714142-25-000003	18					LIFE BAILLIE GIFFORD US EQ GROWTH
0000714142-25-000003	19					MED BAILLIE GIFFORD US EQ GROWTH
0000714142-25-000003	20					MED IN HOUSE HIGH YIELD BOND
0001214659-25-011667	1	0001303053	028-18385	000124454	801-61985	Allen & CO LLC
0001214659-25-011666	1	0001389544	028-12302			ALLEN OPERATIONS LLC
0001214659-25-011664	1	0001027746	028-03765			ALLEN & CO INC
0001566728-25-000006	1	0001632494		000173781	801-80692	Amplify Investments, LLC
0000945621-25-000668	1	0001884799	028-21632			Guardian Partners Inc.
0001062993-25-013796	1	0001387508	028-12257	000158105	801-73598	PRELUDE CAPITAL MANAGEMENT, LLC
0001632965-25-000008	1	0002056438		000297315	801-130847	Cohalo Advisory LLC
0001009076-25-000011	1	0000022356	028-00642			COMMERCE BANCSHARES INC /MO/
0001009076-25-000011	2			000104705	801-60083	COMMERCE INVESTMENT ADVISORS, INC.
0001104659-25-075061	1	0000020286	028-10798			CINCINNATI FINANCIAL CORP
0001104659-25-075055	1	0000020286	028-10798			CINCINNATI FINANCIAL CORP
0001104659-25-075051	1	0000020286	028-10798			CINCINNATI FINANCIAL CORP
0001104659-25-075049	1	0000020286	028-10798			CINCINNATI FINANCIAL CORP
0001104659-25-075046	1	0000020286	028-10798			CINCINNATI FINANCIAL CORP
0001140361-25-029429	1	0001351991			028-11582	Rathbones Group PLC
0001104659-25-075041	1	0000020286	028-10798			CINCINNATI FINANCIAL CORP
0000950123-25-007173	2					Syncona Limited
0000950123-25-007173	3					Syncona Investment Management Limited
0000950123-25-007173	1					Syncona Holdings Limited
0000313807-25-000029	1		028-05357			BP INVESTMENT MANAGEMENT LTD
0001140361-25-029365	1	0000796370	028-11931			Acadian Inc
0000869772-25-000087	1	0001744219	028-21353			Eldridge Industries, LLC
0001572748-25-000010	1	0001633121	028-16521	000165584	8-69169	Marathon Trading Group LLC
0001274419-25-000021	1	0002056094	028-25262			Caisse Federale de Credit Mutuel
0001140022-25-000009	1	0001140211	028-06503			AVIVA INVESTORS GLOBAL SERVICES LTD
0000950123-25-007150	1		28-13582			MITSUBISHI UFJ FINANCIAL GROUP INC
0001398344-25-014655	2					Parkside Financial Bank & Trust
0001085146-25-004607	1	0002037979	028-24454	000107420	801-52123	FRONTEGRA ASSET MANAGEMENT INC.
0000950123-25-007116	1		028-23880			CALL TO ACTION FOUNDATION
0001398344-25-014655	1					Other
0001593324-25-000007	1	0001708237	028-18162			Innovator Capital Management, LLC
0001593324-25-000007	2	0001632494	028-17968	000173781		Amplify Investments, LLC
0001593324-25-000007	3	0001756985	028-21631			Hoya Capital Real Estate, LLC
0001593324-25-000007	8	0001568787	028-15191	000115332	801-60741	Waverly Advisors, LLC
0001593324-25-000007	5	0001748860				Beyond Advisors IC
0001593324-25-000007	6	0001559832	028-15056			Estate Counselors, LLC
0001593324-25-000007	7	0001881243	028-24113	000123452		Kelly Strategic Management, LLC
0001593324-25-000007	4	0001732541				Defiance ETFs, LLC
0002044858-25-000009	1	0002044858	028-24502	000322695	801-126757	Legacy Investment Solutions, LLC
0002044858-25-000008	1	0002045082	028-24506	000174767	801-1134080	Legacy Wealth Managment, LLC/ID
0000897423-25-000059	1	0000793650	028-01757			LMBI, L.P.
0000897423-25-000059	2	0001765185	028-19052			GC-32 Mineral Partners, L.P.
0001697723-25-000004	47			000323527	801-132178	RSG Investments LLC
0001697723-25-000004	48	0001846711	028-21043	000146132	801-110651	Safeguard Investment Advisory Group, LLC
0001697723-25-000004	49	0002012356	028-23972	000144239	801-121760	SECURED RETIREMENT ADVISORS, LLC
0001697723-25-000004	50	0001984918	028-23363	000149976	801-113986	Slagle Financial, LLC
0001697723-25-000004	51			000114805	801-126099	Spectrum Advisors, Inc
0001697723-25-000004	52			000164531	801-122298	Strategy Financial Group
0001697723-25-000004	53			000326421	801-128805	The Holland Group
0001697723-25-000004	54			000282580	801-107319	The Lifewealth Group
0001697723-25-000004	1			000328570	801-129099	210 Financial
0001697723-25-000004	2	0001867785	028-21313	000144417	801-116766	Tounjian Advisory Group, LLC
0001697723-25-000004	3	0001964226	028-22839	000284925	801-121212	Arcadia Wealth Management, LLC
0001697723-25-000004	4	0001967054	028-23170	000286646	801-119920	Authentikos Wealth Advisory, LLC
0001697723-25-000004	5	0001964810	028-22825	000171143	801-117974	B.O.S.S. Retirement Advisors, LLC
0001697723-25-000004	6	0001921487	028-22525	000156228	801-106678	Beacon Capital Management, LLC
0001697723-25-000004	7	0001910984	028-22184	000291380	801-112486	Blackston Financial Advisory Group, LLC
0001697723-25-000004	8	0001962532	028-22734	000285347	801-123504	RETIREMENT FINANCIAL SOLUTIONS, LLC
0001697723-25-000004	9	0001973259	028-23413	000322138	801-126075	Buck Wealth Strategies, LLC
0001697723-25-000004	10	0002055297	028-25417	000328863	801-129086	Capital A Wealth Management, LLC
0001697723-25-000004	11			000290778	801-122886	Centennial Advisors, LLC
0001697723-25-000004	12	0001839421	028-20457	000138054	801-113464	Centennial Wealth Advisory LLC
0001697723-25-000004	13	0002013091	028-24000	000306903	801-118002	Creekmur Asset Management LLC
0001697723-25-000004	14	0001715593	028-18154	000131167	801-72792	Csenge Advisory Group
0001697723-25-000004	15	0001975700	028-24552	000284281	801-120733	Decker Retirement Planning Inc.
0001697723-25-000004	16	0002023570	028-25063	000317745	801-126674	Transce3nd, LLC
0001697723-25-000004	17			000297942	801-115864	Elite Retirement Planning LLC
0001697723-25-000004	18			000294277	801-130790	Family Legacy Planning
0001697723-25-000004	19	0001944877	028-23896	000284064	801-112954	FWG Investments, LLC.
0001697723-25-000004	20	0001905627	028-24190	000286251	801-120474	FSA Advisors, Inc.
0001697723-25-000004	21	0001940000	028-22596	000166746	801-122241	FSR Wealth Management Ltd.
0001697723-25-000004	22	0002012421	028-23998	000315100	801-121800	Pineridge Advisors LLC
0001697723-25-000004	23			000141092	801-128851	Global Wealth Management, Inc
0001697723-25-000004	24	0002055363	028-25226	000282409	801-128924	Guerra Advisors Inc
0001697723-25-000004	25	0002022074	028-24092	000148315	801-112275	Harlow Wealth Managment, Inc.
0001697723-25-000004	26	0002043986	028-24436	000148315	801-114636	HOWARD BAILEY SECURITIES, LLC
0001697723-25-000004	27			000141092	801-128851	Integrated Wealth Management, Inc
0001697723-25-000004	28			000288314	801-125845	Kanani Advisory Group
0001697723-25-000004	29	0001962236	028-23315	000155676	801-113161	Kingdom Financial Group LLC.
0001697723-25-000004	30	0001843358	028-20742	000298195	801-118093	Mach-1 Financial Group, LLC
0001697723-25-000004	31	0000841271		000023224	801-69919	MADISON AVENUE SECURITIES, LLC
0001697723-25-000004	32			000283632	801-121883	Mercurio Wealth Advisors
0001697723-25-000004	33	0002040317	028-24398	000330164	801-129728	Merkkuri Wealth Advisors LLC
0001697723-25-000004	34			000170024	801-129508	Montgomery Financial Services
0001697723-25-000004	35			000311621	801-128933	Networth Advisors, LLC
0001697723-25-000004	36	0001909654	028-21967	000299249	801-120516	New Millennium Group LLC
0001697723-25-000004	37	0001911391	028-23404	000282635	801-122063	Nicholas Wealth, LLC.
0001697723-25-000004	38	0001907568	028-22391	000312989	801-120957	OLIVER LAGORE VANVALIN INVESTMENT GROUP
0001697723-25-000004	39			000131167	801-72792	Park Square Financial Services
0001697723-25-000004	40	0001906322		000317067	801-122681	POM Investment Strategies, LLC
0001697723-25-000004	41	0001903905	028-21545	000169519	801-120786	Peterson Financial Group, Inc.
0001697723-25-000004	55	0001802474	028-19912	000150582	801-117056	Lloyd Advisory Services, LLC.
0001697723-25-000004	56	0002009388	028-23584	000324833	801-127960	VCI Wealth Management LLC
0001697723-25-000004	57			000156462		Witt Financial Group, LLC
0001697723-25-000004	46			000318052	801-123370	Retirement Income Strategies
0001697723-25-000004	45	0002044723	028-24523	000315496	801-122372	SMART Wealth LLC
0001697723-25-000004	44	0001911726	028-22260	000149538	801-121781	Raleigh Capital Management Inc.
0001697723-25-000004	42			000323146	801-126661	Price Financial
0001697723-25-000004	43	0002035215	028-25066	000154092	801-126228	Quest 10 Wealth Builders, Inc.
0001669162-25-000047	1	0001881609	028-21837			Kinsale Insurance Co
0000950123-25-007101	1		028-19630			Legorreta Pablo G.
0000945621-25-000654	1	0001157765	028-10049			AGF INVESTMENTS INC.
0000945621-25-000654	5	0001964276	028-23080	000139037	801-66379	Cypress Capital Management US Ltd
0000945621-25-000654	4	0001964277	028-23079			Cypress Capital Management Ltd.
0000945621-25-000654	3	0001479598	028-17612	000153781	801-71685	AGF Investments LLC
0000945621-25-000654	2	0001591590	028-15632	000145669	801-68681	AGF Investments America Inc.
0000945621-25-000654	6	0002010017	028-23608			Doherty & Associates Ltd.
0001951757-25-001040	3					ALGER
0001951757-25-001040	2					CLEARBRIDGE
0001951757-25-001040	1					ARK
0000897423-25-000057	2	0001705612	028-18026			NBLSM, L.P.
0000897423-25-000057	1	0000806246	028-01870			THRU LINE L.P.
0000004977-25-000136	1	0001882466	028-21637	000304316	801-120174	Aflac Asset Management LLC
0001172661-25-002918	1	0001861796	028-21205	000307771	801-118291	NewEdge Wealth, LLC
0001172661-25-002918	2	0001697748	028-17768	000169525	801-79081	ARK Investment Management LLC
0001172661-25-002918	3	0001633516	028-16626	000171351	801-79876	NewEdge Advisors, LLC
0001172661-25-002918	4	0001652594	028-19391	000208512	801-96193	World Investment Advisors
0001104659-25-074657	1	0001042008	028-06536			AEW CAPITAL MANAGEMENT INC
0001104659-25-074657	2	0001018331	028-05788			NATIXIS ADVISORS, LLC
0001104659-25-074657	3	0001582681	028-20231			Alaska Permanent Fund Corp
0000897423-25-000056	1	0000911377	028-18015			BASS ROBERT M
0000897423-25-000055	1	0000911377	028-18015			BASS ROBERT M
0001325447-25-000033	1	0001791280	028-22867	000300359	801-11699	FIRST EAGLE SEPARATE ACCOUNT MANAGEMENT, LLC
0001033984-25-000016	1	0001133639	028-06325			NEW YORK LIFE INVESTMENT MANAGEMENT LLC
0001213900-25-072432	1					Yelin Lapidot Mutual Funds Management Ltd.
0001213900-25-072432	2					Yelin Lapidot Provident Funds Management Ltd.
0001614542-25-000003	1					KrygerCapital LLC
0000924166-25-000010	1		028-22712			Valley National Bank
0000900440-25-000274	1	0002074267	028-25679			Suzanne & Walter Scott Foundation
0000900440-25-000274	2	0002074276	028-25680			Walter Scott Family Foundation
0001697765-25-000003	1	0001667591	028-18085			Achmea B.V.
0001697765-25-000003	2	0001098062	028-14825			Cooperatieve Rabobank U.A.
0001140361-25-029078	1	0001376209		000141037	801-67089	KA Fund Advisors LLC
0001008322-25-000011	1	0001647273	028-18148			Perpetual Ltd
0001104659-25-074570	3	0001757363	028-18933			AIA Investment Management Private Ltd
0001104659-25-074570	2	0001802469	028-19878			AIA Investment Management HK Ltd
0001104659-25-074570	1	0002057112	028-25409			AIA Investment Management (Thailand) Ltd
0001088875-25-000057	4	0001345717	028-20241	000305849	801-118239	Baillie Gifford International LLC
0001088875-25-000057	3		028-19482			Baillie Gifford Investment Management (Europe) Ltd
0001088875-25-000057	1	0001088876	028-04841	000304197	802-116796	BAILLIE GIFFORD & CO LTD
0001088875-25-000057	2	0001085972	028-04395	000110296	801-21051	BAILLIE GIFFORD OVERSEAS LTD
0001062993-25-013688	2	0001802647		000107975	801-57265	Orion Portfolio Solutions
0001062993-25-013688	1	0001560717		000109552	801-57316	Horizon Investments, LLC
0000950123-25-007072	1				811-02968-E	VANGUARD TRUSTEES' EQUITY FUND
0001104659-25-074543	1	0001820717	028-20312			SouthState Bank, National Association
0001104659-25-074543	2	0001776610	028-19523			South State Advisory, Inc.
0001104659-25-074543	3	0001778185	028-19541			PRIVATE CAPITAL MANAGEMENT LLC
0001625244-25-000008	1	0001605504	028-16306			C WorldWide Asset Management Fondsmaeglerselskab A/S
0002049453-25-000004	1					XIANG HE I GP, LTD
0002049453-25-000004	2					XIANG HE II GP, LTD
0002049453-25-000004	3					XIANG HE PARTNERS I, L.P.
0002049453-25-000004	4					XIANG HE PARTNERS II, L.P.
0000950123-25-007066	1		028-11063			Permit Capital GP, L.P.
0000950123-25-007056	4		28-19144			STT GDC Pte. Ltd.
0000950123-25-007056	1		28-14098			STT Communications Ltd
0000950123-25-007056	2		028-24887			STT Garnet Pte. Ltd.
0000950123-25-007056	3		028-13088			Temasek Holdings (Private) Ltd
0001104659-25-074466	1	0001447391				RESONA HOLDINGS INC
0001104659-25-074466	2	0001542577				Resona Bank,Ltd
0001104659-25-074455	1					Atlantic Union Bank
0001104659-25-074455	2	0001510062	028-14179			West Financial Services, Inc.
0001104659-25-074455	3	0001810360	028-23395			SSB Wealth Management, Inc.
0001520354-25-000032	1		028-05228			BNP PARIBAS ASSET MANAGEMENT Europe
0001520354-25-000032	2		028-12217			BNP PARIBAS ASSET MANAGEMENT UK Ltd
0001520354-25-000032	3					BNP PARIBAS ASSET MANAGEMENT Holding
0001520354-25-000032	4		028-14706			BNP PARIBAS ASSET MANAGEMENT Asia Ltd
0001520354-25-000032	5		028-17465			BNP Paribas Asset Management USA, Inc.
0001520354-25-000032	6		028-20750			PT. BNP PARIBAS ASSET MANAGEMENT
0001588539-25-000003	1	0000036966				FIRST HORIZON CORP
0001941040-25-000427	1	0002003112	028-23473	000172793	801-117954	Austin Wealth Management, LLC
0001754960-25-000545	1	0001459754	028-14310			Wallace Capital Management Inc.
0000950123-25-007036	1		28-04801			Simmons First National Corp
0001085146-25-004561	6					Schafer Cullen Capital Management
0001085146-25-004561	5					Vector WM
0001085146-25-004561	4					Other
0001085146-25-004561	3					Parametric
0001085146-25-004561	2					Dimensional Fund Advisors
0001085146-25-004562	1	0001586767	028-17856			Arax Advisory Partners
0001085146-25-004557	1	0001647273	028-18148			Perpetual Ltd
0000950123-25-007036	2		28-01071			King Luther Capital Management Corp
0001754960-25-000545	2	0000720672	028-04621			STIFEL FINANCIAL CORP
0000919574-25-004367	1	0001909604	028-21721			Timelo Strategic Opportunities Fund
0000947484-25-000067	1					Arch Investment Management Ltd.
0001598841-25-000003	1	0001420167	028-12656	000110762	801-21073	Flexible Plan Investments, Ltd.
0001085146-25-004536	1	0000884546	028-03128	000106753	801-35905	CHARLES SCHWAB INVESTMENT MANAGEMENT INC
0002043538-25-000005	2		028-17876			GQG Partners, LLC
0002043538-25-000005	3					Fidelity Institutional
0002043538-25-000005	1		028-04558			Parametric Portfolio Associates, LLC
0001935000-25-000007	10	0002056095				Banque Transatlantique SA
0001935000-25-000007	2	0001274419				CREDIT INDUSTRIEL ET COMMERCIAL
0001935000-25-000007	1	0002056094				Caisse Federale de Credit Mutuel
0001172661-25-002886	1	0001128159	028-05975			FREESTONE CAPITAL MANAGEMENT LLC
0001941040-25-000418	2					Artemis FP LLC
0001941040-25-000418	1					Orion Capital Management II LLC
0001390777-25-000119	42		028-18785	000000231	801-54739	BNY Mellon Securities Corporation
0001390777-25-000119	48		028-02009			The Bank of New York Mellon
0001390777-25-000119	49		028-00620			BNY Mellon, NA
0001390777-25-000119	51		028-17544	000112161	801-19420	Walter Scott & Partners Limited
0001390777-25-000119	59		028-11769	000106108	801-52378	BNY Mellon Advisors, Inc.
0001390777-25-000119	40		028-04797	000111208	801-42114	Newton Investment Management Limited
0001390777-25-000119	22		028-00127	000105642	801-8147	BNY Mellon Investment Adviser, Inc.
0001390777-25-000119	15		028-02900	000105764	801-19785	Mellon Investments Corporation
0001390777-25-000119	4		028-17542			BNY Mellon Trust of Delaware
0001390777-25-000119	127		028-18630	000010111	801-72263	PFS Investments Inc.
0001390777-25-000119	80		028-12484	000124982	801-61786	Boston Partners
0001390777-25-000119	111		028-21789	000145995	801-69964	Insight North America LLC
0001390777-25-000119	118		028-05161	000109391	801-56370	Nationwide Fund Advisors
0001390777-25-000119	119		028-20231			Alaska Permanent Fund Corporation
0001390777-25-000119	123		028-23321	000306148	801-117653	BNY Mellon ETF Investment Adviser, LLC
0001390777-25-000119	71		028-03935	000105432	801-28444	Geneva Capital Management LLC
0001390777-25-000119	125		028-21788	000160617	801-74223	Alcentra Limited
0001390777-25-000119	124		028-21404	000312937	801-120501	Newton Investment Management North America, LLC
0000927971-25-000018	11	0001336488	028-11481	000111320	801-54265	Stoker Ostler Wealth Advisors, Inc.
0000927971-25-000018	10	0001047797				BMO NESBITT BURNS SECURITIES LTD.
0000927971-25-000018	9	0001600095	028-16020	000160344	801-74232	BMO PRIVATE INVESTMENT COUNSEL INC.
0000927971-25-000018	8	0001599966	028-16021			BMO NESBITT BURNS INC.
0000927971-25-000018	7	0001673962	028-17442	000110264	801-56868	BMO Family Office, LLC
0000927971-25-000018	2	0001600094	028-16018			BMO Asset Management Inc.
0000927971-25-000018	4	0000772028	028-17436	000016686	801-73047	BMO CAPITAL MARKETS CORP.
0000927971-25-000018	3	0001526648				BMO Bank N.A.
0000927971-25-000018	1	0001674398	028-17461			Bank of Montreal Europe Plc
0000927971-25-000018	5	0002037214				BMO Capital Markets Ltd
0000927971-25-000018	6	0001599965	028-16019			BMO Delaware Trust Co
0000940445-25-000010	1	0001800752				CERTUITY, LLC
0001085146-25-004527	1	0001593387	028-16841	000014822	801-71114	GeoWealth Management, LLC
0001085146-25-004526	3	0001056593	028-04691			SCHAFER CULLEN CAPITAL MANAGEMENT INC
0001085146-25-004526	1	0001299351	028-10986			Madison Asset Management, LLC
0001085146-25-004526	2	0001034524	028-03687			POLEN CAPITAL MANAGEMENT LLC
0001085146-25-004526	4	0001730242	028-19649			55I, LLC
0001085146-25-004521	1	0001403438	028-12526	000006413	801-10970	LPL Financial LLC
0002042068-25-000003	1	0001337619				ENVESTNET, INC.
0001141781-25-000005	10	0001905955	028-21653			LATIFI KIMBERLY H
0001141781-25-000005	9	0001799678	028-20092			Popov Patricia D
0001141781-25-000005	7	0001568106	028-15124			Bator Thomas E.
0001141781-25-000005	6	0001389867	028-12207			Herbert John K III
0001141781-25-000005	8	0001799680	028-20095			Nichols Richard K
0001140361-25-028753	11	0000924192	028-04302			ALLSTATE INVESTMENT MANAGEMENT CO
0001140361-25-028753	12	0001206333	028-10298			ALLSTATE INVESTMENTS LLC
0001376474-25-000701	3		028-19416			Gervasini, Geoffrey Todd
0001376474-25-000701	2		028-19414			Wakefield Wealth Management, LLLP
0001376474-25-000701	1		028-19415			Wakefield Asset Management Corp
0000930413-25-002382	1	0000882928	028-24084	000020472	801-63550	TIAA-CREF INDIVIDUAL & INSTITUTIONAL SERVICES, LLC
0000930413-25-002382	5	0000315038	028-00331			TEACHERS INSURANCE & ANNUITY ASSOCIATION OF AMERICA
0001104659-25-074002	2					Zweig-DiMenna International Managers, Inc.
0001104659-25-074002	1	0001533950				Zweig-DiMenna Associates LLC
0000806097-25-000008	1	0001360533				Orion Porfolio Solutions, LLC
0001178913-25-002623	2	0001666483	028-17293			Harel Mutual Funds Ltd
0001178913-25-002623	1	0001666482	028-17292			Harel Insurance Co LTD
0001294591-25-000004	1	0002035591				Rakuten Mobile, Inc.
0001085146-25-004499	1	0001464867	028-15854	000108881	801-23411	Lincoln Financial Investments Corp
0001569369-25-000006	1	0001630363	028-16861			PM CAPITAL Ltd
0001951757-25-001022	1					SEI Investments Management Corporation
0002055328-25-000003	1	0001229262	028-10981	000107738	801-37591	GOLDMAN SACHS ASSET MANAGEMENT, L.P.
0002055328-25-000003	2	0001363391	028-11937	000107038	801-21011	J.P. Morgan Investment Management Inc.
0001009232-25-000010	2	0000907692	028-16475	000105146	801-24593	SEI INVESTMENTS MANAGEMENT CORP
0001009232-25-000010	1	0001097218	028-05161	000109391	801-56370	Nationwide Fund Advisors
0001569369-25-000006	2	0001569369				REGAL FUNDS MANAGEMENT PTY LTD
0001214659-25-011450	4					Harco National Insurance Company
0001214659-25-011450	7					Occidetnal Fire and Casualty Company of North Carolina
0001214659-25-011450	1					Acceptance Casualty Insurance Company
0001214659-25-011450	2					Acceptance Indemnity Insurance Company
0001214659-25-011450	3					Commercial Alliance Insurance Company
0001214659-25-011450	11					International Fidelity Insurance Company
0001214659-25-011450	10					Wishire Insurance Company
0001214659-25-011450	9					Transguard Insurance Company of America, Inc.
0001214659-25-011450	8					SafePort Insurance Company
0001172661-25-002869	2	0001759476	028-19466			Shorepoint Capital Partners LLC
0001172661-25-002869	3	0001669662	028-17408			Peak Financial Management, Inc.
0001172661-25-002869	1	0001959790	028-23063			Fortis Capital Advisors, LLC
0001842054-25-000005	3	0000825204				Crossmark Global Investments, Inc.
0001842054-25-000005	2	0001348883				Clearbridge Investments, LLC
0001842054-25-000005	1	0001442676				EquityCompass Investment Management
0001172661-25-002866	2					GAM Investment Management (Switzerland) AG
0001172661-25-002866	1	0001229918		000110670	801-22307	GAM INTERNATIONAL MANAGEMENT LTD
0001279891-25-000027	1	0001542456	028-17506			Wolverine Holdings, L.P.
0001085146-25-004475	2	0001000490	028-15798	000039163	801-60354	GIRARD ADVISORY SERVICES, LLC
0001085146-25-004475	1	0002044850	028-24482			Univest Bank & Trust Co.
0001535865-25-000014	1	0001591587	028-15639			AssetMark Financial Holdings, Inc.
0001344551-25-000012	1	0001591587	028-15639			AssetMark Financial Holdings, Inc.
0001089877-25-000075	3	0001074714	028-04569	000000566		KEYBANC CAPITAL MARKETS,INC /OH/
0001089877-25-000075	4	0002011135	028-23751			Key National Trust Co of Delaware
0001858740-25-000004	1	0001799581	028-19848	000305063	801-117314	CORBETT ROAD CAPITAL MANAGEMENT, LLC
0001178913-25-002595	1	0001634147	028-16826			Analyst Provident Funds Ltd.
0001178913-25-002595	2	0001831222	028-20367			Analyst I.M.S. Mutual Funds Management
0001178913-25-002578	3	0001727574	028-18263			Migdal Investment Portfolio Management (1998) Ltd.
0001178913-25-002578	4	0001728584	028-18262			Migdal Mutual Funds Ltd
0001178913-25-002578	1	0001667119	028-17386			Migdal Insurance Co Ltd
0001178913-25-002578	2	0001667118	028-17385			Migdal Makefet Pension Funds & Provident Funds Ltd
0001767513-25-000003	1	0001633901	028-16706	000149117	801-70171	Betterment LLC
0000053417-25-000076	2		028-13416			Prudential Trust Company
0000053417-25-000076	1		028-10077			Prudential Financial Inc
0001096343-25-000124	1	0001034180	028-06056			Markel-Gayner Asset Management LLC
0000900440-25-000199	2	0002074276	028-25680			Walter Scott Family Foundation
0000900440-25-000199	1	0002074267	028-25679			Suzanne & Walter Scott Foundation
0000900440-25-000198	1	0002074267	028-25679			Suzanne & Walter Scott Foundation
0000900440-25-000198	2	0002074276	028-25680			Walter Scott Family Foundation
0000900440-25-000197	1	0002074267	028-25679			Suzanne & Walter Scott Foundation
0000900440-25-000197	2	0002074276	028-25680			Walter Scott Family Foundation
0000900440-25-000196	2	0002074276	028-25680			Walter Scott Family Foundation
0000900440-25-000196	1	0002074267	028-25679			Suzanne & Walter Scott Foundation
0000900440-25-000195	1	0002074267	028-25679			Suzanne & Walter Scott Foundation
0000900440-25-000195	2	0002074276	028-25680			Walter Scott Family Foundation
0000900440-25-000194	2	0002074276	028-25680			Walter Scott Family Foundation
0000900440-25-000194	1	0002074267	028-25679			Suzanne & Walter Scott Foundation
0000900440-25-000193	1	0002074267	028-25679			Suzanne & Walter Scott Foundation
0000900440-25-000193	2	0002074276	028-25680			Walter Scott Family Foundation
0000900440-25-000192	1	0002074267	028-25679			Suzanne & Walter Scott Foundation
0000900440-25-000192	2	0002074276	028-25680			Walter Scott Family Foundation
0000900440-25-000191	1	0002074267	028-25679			Suzanne & Walter Scott Foundation
0000900440-25-000191	2	0002074276	028-25680			Walter Scott Family Foundation
0000900440-25-000190	2	0002074276	028-25680			Walter Scott Family Foundation
0000900440-25-000190	1	0002074267	028-25679			Suzanne & Walter Scott Foundation
0000900440-25-000189	2	0002074276	028-25680			Walter Scott Family Foundation
0000900440-25-000189	1	0002074267	028-25679			Suzanne & Walter Scott Foundation
0000900440-25-000188	1	0002074267	028-25679			Suzanne & Walter Scott Foundation
0000900440-25-000188	2	0002074276	028-25680			Walter Scott Family Foundation
0000900440-25-000187	2	0002074276	028-25680			Walter Scott Family Foundation
0000900440-25-000187	1	0002074267	028-25679			Suzanne & Walter Scott Foundation
0000900440-25-000186	2	0002074276	028-25680			Walter Scott Family Foundation
0000900440-25-000186	1	0002074267	028-25679			Suzanne & Walter Scott Foundation
0000900440-25-000185	2	0002074276	028-25680			Walter Scott Family Foundation
0000900440-25-000185	1	0002074267	028-25679			Suzanne & Walter Scott Foundation
0000900440-25-000184	1	0002074267	028-25679			Suzanne & Walter Scott Foundation
0000900440-25-000184	2	0002074276	028-25680			Walter Scott Family Foundation
0000894189-25-005462	1		028-17717			Penserra Capital Management LLC
0000900440-25-000183	2	0002074276	028-25680			Walter Scott Family Foundation
0000900440-25-000183	1	0002074267	028-25679			Suzanne & Walter Scott Foundation
0000900440-25-000182	1	0002074267	028-25679			Suzanne & Walter Scott Foundation
0000900440-25-000182	2	0002074276	028-25680			Walter Scott Family Foundation
0000921895-25-002057	2	0001016268	028-22791			BRAMSON EDWARD J
0000921895-25-002057	1	0001406671	028-22789			Sherborne Investors Management GP, LLC
0000921895-25-002057	3	0001914277	028-22790			Welker Stephen
0000900440-25-000181	2	0002074276	028-25680			Walter Scott Family Foundation
0000900440-25-000181	1	0002074267	028-25679			Suzanne & Walter Scott Foundation
0000900440-25-000180	2	0002074276	028-25680			Walter Scott Family Foundation
0000900440-25-000180	1	0002074267	028-25679			Suzanne & Walter Scott Foundation
0000900440-25-000179	2	0002074276	028-25680			Walter Scott Family Foundation
0000900440-25-000179	1	0002074267	028-25679			Suzanne & Walter Scott Foundation
0000900440-25-000178	2	0002074276	028-25680			Walter Scott Family Foundation
0000900440-25-000178	1	0002074267	028-25679			Suzanne & Walter Scott Foundation
0000900440-25-000177	2	0002074276	028-25680			Walter Scott Family Foundation
0000900440-25-000177	1	0002074267	028-25679			Suzanne & Walter Scott Foundation
0000900440-25-000176	1	0002074267	028-25679			Suzanne & Walter Scott Foundation
0000900440-25-000176	2	0002074276	028-25680			Walter Scott Family Foundation
0000900440-25-000175	1	0002074267	028-25679			Suzanne & Walter Scott Foundation
0000900440-25-000175	2	0002074276	028-25680			Walter Scott Family Foundation
0000900440-25-000174	1	0002074267	028-25679			Suzanne & Walter Scott Foundation
0000900440-25-000174	2	0002074276	028-25680			Walter Scott Family Foundation
0000900440-25-000173	2	0002074276	028-25680			Walter Scott Family Foundation
0000900440-25-000173	1	0002074267	028-25679			Suzanne & Walter Scott Foundation
0000900440-25-000172	2	0002074276	028-25680			Walter Scott Family Foundation
0000900440-25-000172	1	0002074267	028-25679			Suzanne & Walter Scott Foundation
0000900440-25-000171	2	0002074276	028-25680			Walter Scott Family Foundation
0000900440-25-000171	1	0002074267	028-25679			Suzanne & Walter Scott Foundation
0000900440-25-000170	2	0002074276	028-25680			Walter Scott Family Foundation
0000900440-25-000170	1	0002074267	028-25679			Suzanne & Walter Scott Foundation
0001951757-25-001012	1					Parnassus
0000950123-25-006904	1				028-14012	FNB Investment Advisors, Inc
0001085146-25-004443	2	0001483922	028-13710			INDEXIQ LLC
0001085146-25-004443	1	0001415996	028-13712	000144790	801-68220	IndexIQ Advisors LLC
0001085146-25-004431	1	0001728826	028-18336	000286072	801-108952	ALPINE PRIVATE CAPITAL, LLC
0001964189-25-000002	2	0001972909				Home-Owners Insurance Co
0001964189-25-000002	1	0001964188				Owners Insurance Co
0000930413-25-002351	7	0001326232	028-11458			Bessemer Trust CO of Delaware, N.A.
0000930413-25-002351	8	0000700683	028-01102			BESSEMER TRUST Co OF FLORIDA
0000930413-25-002351	9	0001997645	028-24134			Bessemer Trust Co of Nevada, National Association
0000930413-25-002351	1	0001172469	028-10255	000112215	801-60185	BESSEMER INVESTMENT MANAGEMENT LLC
0000930413-25-002351	4	0000011790	028-00587			BESSEMER TRUST CO
0000930413-25-002351	5	0000316744	028-00563			BESSEMER TRUST Co NATIONAL ASSOCIATION
0000930413-25-002351	6	0001326197	028-11457			Bessemer Trust Co of California, N.A.
0001415889-25-020815	1	0001421897				Mastercard Foundation
0000892712-25-000087	1	0001520629	028-14476	000154387	801-71976	Bexil Advisers LLC
0000891478-25-000117	5	0001698287	028-17978			Banco Santander Mexico S.A., Institucion de Banca Multiple, Grupo Financiero Santander Mexico
0000891478-25-000117	4	0001844952	028-20720			Grupo Empresarial Santander, S.L.
0000891478-25-000117	3	0001739361	028-18759			SAM Investment Holdings, S.L.
0000891478-25-000117	2	0001697453	028-17917			Banco Santander International
0000891478-25-000117	1	0001697263	028-17923			Banco Santander International SA
0001652044-25-000063	3	0001779076	028-22706			CapitalG II LP
0001652044-25-000063	4	0001848282	028-22703			Verily Life Sciences LLC
0001652044-25-000063	5	0001998562	028-23659			CapitalG III LP
0001652044-25-000063	2	0001824723	028-22705			Google LLC
0001652044-25-000063	1	0001940173	028-22704			GV Management Company, L.L.C.
0001291318-25-000009	2	0001965141				BOS International Fund
0001291318-25-000009	1	0001966160				Bank of Singapore Ltd
0001606152-25-000003	1					Yasumitsu Shigeta
0001291318-25-000009	5	0002023107				GREAT EASTERN TRUST PRIVATE Ltd
0001291318-25-000009	3	0001775903				GREAT EASTERN LIFE ASSURANCE Co Ltd
0001291318-25-000009	4	0001964639				Lion Global Investors Ltd
0000937615-25-000006	1					Washington University
0001961742-25-000005	1					FCI Advisors
0001085146-25-004405	43					MacKay Shields
0001085146-25-004405	44					Madison Investment Advisors
0001085146-25-004405	46					MetWest Capital Management
0001085146-25-004405	47					Miller Howard
0001085146-25-004405	48					Montag & Caldwell
0001085146-25-004405	5					Atalanta Sosnoff Capital
0001085146-25-004405	54					Penn Capital
0001085146-25-004405	55					Poplar Forest Capital
0001085146-25-004405	56					Reinhart Partners
0001085146-25-004405	57					Riverbridge Partners
0001085146-25-004405	58					RNC Genter Capital Mgmt
0001085146-25-004405	59					Roosevelt Investment Group
0001085146-25-004405	61					Salient Capital Advisors
0001085146-25-004405	62					SaratogaRIM
0001085146-25-004405	63					Schafer Cullen Capital Mgmt
0001085146-25-004405	67					Stephens Inv Mgt
0001085146-25-004405	7					Atlanta Capital Management
0001085146-25-004405	70					SouthernSun Asset Mgmt
0001085146-25-004405	71					Thornburg Investment Management
0001085146-25-004405	73					12th Street Asset Mgmt
0001085146-25-004405	74					Wasatch Advisors
0001085146-25-004405	8					Bahl & Gaynor
0001085146-25-004405	81					DF Dent
0001085146-25-004405	83					Federated
0001085146-25-004405	85					Tran Capital Mgmt
0001085146-25-004405	92					Polen Capital
0001085146-25-004405	95					SGA
0001085146-25-004405	97					Spyglass
0001085146-25-004405	1					ACR Alpine Capital Research
0001085146-25-004405	10					Brandes Investment Partners
0001085146-25-004405	104					Putnam Investment
0001085146-25-004405	105					Stonebridge
0001085146-25-004405	11					Cambiar Investors
0001085146-25-004405	12					Causeway Capital Management
0001085146-25-004405	14					Chautauqua Capital Management
0001085146-25-004405	15					Churchill Management Group
0001085146-25-004405	16					ClearBridge Advisors
0001085146-25-004405	17					Clarkston Caplital Partners
0001085146-25-004405	18					Campbell Newman Asset Mgmt
0001085146-25-004405	2					Alger
0001085146-25-004405	20					Cohen And Steers
0001085146-25-004405	21					Columbia Management
0001085146-25-004405	22					Congress Asset Management
0001085146-25-004405	24					Cramer Rosenthal McGlynn
0001085146-25-004405	25					Davis Advisors
0001085146-25-004405	26					Delaware Capital Management
0001085146-25-004405	28					Dearborn Partners
0001085146-25-004405	29					Earnest Partners
0001085146-25-004405	3					Ancora Advisors
0001085146-25-004405	30					Eaton Vance
0001085146-25-004405	31					Epoch Investment
0001085146-25-004405	36					GW&K Investment Management
0001085146-25-004405	37					Herndon Capital Management
0001085146-25-004405	38					Harding Loevner Managed Accts
0001085146-25-004405	39					Invesco Advisors
0001085146-25-004405	4					Fiera Capital
0001085146-25-004405	40					The Ithaka Group
0001085146-25-004405	41					Jennison Associates
0001085146-25-004405	42					Lyrical Asset Management
0001085146-25-004382	3	0000932859	028-04558	000114310		PARAMETRIC PORTFOLIO ASSOCIATES LLC
0001085146-25-004382	1	0001364615	028-11964			Aperio Group, LLC
0001085146-25-004382	2	0001214717	028-10386	000115504		GEODE CAPITAL MANAGEMENT, LLC
0001085146-25-004377	2	0000350894	028-16454			SEI INVESTMENTS CO
0001085146-25-004377	1	0000907692	028-16475			SEI INVESTMENTS MANAGEMENT CORP
0001767062-25-000007	1	0001802647	028-20154	000107975		Orion Portfolio Solutions
0001767062-25-000007	2	0001229262	028-10981	000107738		GOLDMAN SACHS ASSET MANAGEMENT, L.P.
0000844150-25-000010	4		028-04889			Coutts & Company 
0001639375-25-000007	3			000281137	801-106797	Eagle Capital Management
0001639375-25-000007	2			000289476		DSM Capital Management
0001639375-25-000007	1			000111616	801-57184	Aperio Group
0001639375-25-000007	5			000316401	801-128420	Eldred Rock
0001639375-25-000007	7			000145594	801-68572	Sendero
0001639375-25-000007	8			000109149	801-15164	FMI (SCC)
0001639375-25-000007	4			000134066		Harris Associates
0001639375-25-000007	6			000110093	801-14458	Luther King
0001178913-25-002555	1	0002056021	028-24902			Value Base Fund Management Ltd.
0002055889-25-000004	2	0000932859	028-04558			PARAMETRIC PORTFOLIO ASSOCIATES LLC
0002055889-25-000004	1	0000072971	028-00165			WELLS FARGO & COMPANY/MN
0001214659-25-011183	1	0001046017	028-13706			SUMITOMO MITSUI TRUST BANK Ltd
0001214659-25-011183	2	0001425864	028-12975			Nikko Asset Management Co., Ltd.
0001214659-25-011183	3	0001483526	028-13707			Sumitomo Mitsui Trust Asset Management Co., Ltd.
0001214659-25-011183	4	0002022033	028-24226			Nikko Asset Management Europe Ltd
0001214659-25-011183	5	0002020530	028-24227			NIKKO ASSET MANAGEMENT ASIA Ltd
0001172661-25-002826	1	0001802285	028-24825			Stone Ridge Ventures LLC
0001172661-25-002823	1	0001802285	028-24825			Stone Ridge Ventures LLC
0001162044-25-000769	2	0001141455	028-06545	000110729		COOKSON PEIRCE & CO INC
0001162044-25-000769	3	0001526528	028-14513	000150581		Lyons Wealth Management, LLC.
0001104659-25-072507	1					La Banque Postale
0001104659-25-072495	1	0000857855			001-35095	UNITED COMMUNITY BANKS INC
0001104659-25-072481	1	0001581835	028-19623			Bpifrance Participations SA
0001085146-25-004336	1	0001024896	028-22122			CANTOR FITZGERALD, L. P.
0001085146-25-004347	1	0001483232	028-13688	000147189	801-69865	TIEDEMANN ADVISORS, LLC
0001941040-25-000384	1	0001131908	028-12115	000121505	801-108871	SIGNIA CAPITAL MANAGEMENT LLC
0001941040-25-000384	2	0001876871		000290334	801-112404	Seven Canyons Advisors, LLC
0001941040-25-000384	3	0001813429		000163103	802-76633	Cobia Capital Management LP
0001842246-25-000004	1					Value star asset management (Hong Kong) ltd
0001941040-25-000384	4			000109624	801-57043	Weber Capital Management LLC
0001951757-25-001006	1					Gilman Hill Asset Management, LLC
0001441888-25-000004	1		028-22612			First National Advisers
0001062993-25-013292	1	0001593387				GeoWealth Management, LLC
0001801263-25-000007	2	0001528214	028-14643	000153577	801-71501	Richard Bernstein Advisors LLC
0001801263-25-000007	1	0000932859	028-04558	000114310	801-60485	PARAMETRIC PORTFOLIO ASSOCIATES LLC
0001895911-25-000004	1	0001512779	028-14185	000148479	801-70202	SRH ADVISORS, LLC
0001895911-25-000004	2	0001744347	028-19675	000286622	801-114538	Vident Advisory, LLC
0001911832-25-000007	3	0002056910	028-25392	000173711	801-122276	PR Wealth Management Group
0001911832-25-000007	1	0002004922	028-23632	000311388	801-119858	Henry Bragg & Co., LLC
0001911832-25-000007	2	0001984732	028-23670	000322496	801-126453	Odyssey Personal Financial Advisors
0001742998-25-000008	4	0001389234			802-75920	SYMMETRY PEAK MANAGEMENT LLC
0001742998-25-000008	3	0001716476			801-117184	Vazirani Asset Management LLC
0001742998-25-000008	2	0001659380			801-121846	Sender Co & Partners, Inc.
0001742998-25-000008	1	0001589689			801-108431	MYDA Advisors LLC
0001085146-25-004326	1	0001352269	028-11587	000139303	801-66104	Cantillon Capital Management LLP
0001104659-25-072066	1	0001520684	028-14473			Citizens & Northern Bank
0001903880-25-000005	1	0001868872	028-21711			Focus Partners Advisor Solutions, LLC
0001172661-25-002797	1	0001681639	028-17489	000281225	801-106590	Coronation Investment Management International (Pty) Ltd
0001172661-25-002797	2	0001938175	028-23023	000321999	801-125933	Coronation International Ltd
0000859872-25-000003	1	0001123803	028-06291			BRANDYWINE TRUST CO
0000039263-25-000097	2			000146148	801-68724	Frost Investment Advisors, LLC
0000039263-25-000097	1					Frost Bank - FWA
0000039263-25-000097	3			000286129	801-108754	Frost Investment Services, LLC
0000950123-25-006760	1		028-00290			Northern Trust Corp
0000950123-25-006760	2		028-10495			Northern Trust Company
0001178913-25-002533	2	0001812114	028-20291			KSM Mutual Funds Ltd.
0001178913-25-002533	1	0001698157	028-18651			PHOENIX INVESTMENTS HOUSE LTD.
0001730525-25-000006	1		028-18845			Fondsmaeglerselskabet Maj Invest A/S
0001456228-25-000006	2		028-16160			Deka Vermoegensmanagement GmbH
0001456228-25-000006	1		028-13420			Deka Investment GmbH
0001831944-25-000006	1	0001050477	028-06636			SNYDER CAPITAL MANAGEMENT L P
0001754960-25-000500	1	0001761755	028-19141			TOWNSQUARE CAPITAL LLC
0001965819-25-000006	1	0001785043				Half Moon Capital, LLC
0001085146-25-004273	15	0001056593	028-04691	000105799	801-18407	SCHAFER CULLEN CAPITAL MANAGEMENT INC
0001085146-25-004273	18			000106654	801-46604	The London Company of Virginia, LLC
0001085146-25-004273	19	0000102909		000105958	801-11953	VANGUARD GROUP INC
0001085146-25-004273	2	0000820330	028-01701	000110619	801-18115	CLEARBRIDGE, LLC
0001085146-25-004273	20	0000900973	028-03676	000106940	801-41316	Winslow Capital Management, LLC
0001085146-25-004273	21					Equalis Financial
0001085146-25-004273	3	0001102578	028-05269	000107926	801-56189	EARNEST PARTNERS LLC
0001085146-25-004273	4	0001133639		000109591	801-57396	NEW YORK LIFE INVESTMENT MANAGEMENT LLC
0001085146-25-004273	5	0000819684	028-01454	000105325	801-34611	FEDERATED INVESTMENT COUNSELING
0001085146-25-004273	6	0000020430		000105360	801-33949	Invesco Advisers, Inc.
0001085146-25-004273	7	0000741611		000107038	801-21011	JP MORGAN INVESTMENT MANAGEMENT INC /ADV
0001085146-25-004273	8	0000812295	028-01343	000104652	801-13991	JANUS HENDERSON INVESTORS US LLC
0001085146-25-004273	9	0001230788		000105790	801-8124	JOHN HANCOCK INVESTMENT MANAGEMENT LLC
0001085146-25-004273	16	0000080255		000105496	801-856	PRICE T ROWE ASSOCIATES INC /MD/
0001085146-25-004273	17			000106546	801-29075	TCW Investment Management Company LLC
0001085146-25-004273	14	0000944234	028-04884	000105916	801-50177	RENAISSANCE GROUP LLC
0001085146-25-004273	13	0001521019	028-14498	000155584	801-71957	Nuveen Asset Management, LLC
0001085146-25-004273	12	0000071110		000002908	801-3908	NEUBERGER BERMAN BD LLC
0001085146-25-004273	11			000104925	801-29045	Dorsey, Wright & Associates, LLC
0001085146-25-004273	10			000122836	801-61701	Lazard Asset Management LLC
0001085146-25-004273	1	0001086364	028-04295	000106614	801-47710	BLACKROCK ADVISORS LLC
0001281761-25-000060	3	0000716187	028-18210			HIGHLAND ASSOCIATES INC
0001281761-25-000060	2	0001082809	028-04225			REGIONS INVESTMENT MANAGEMENT, INC.
0001281761-25-000060	1					Regions Bank
0001214659-25-011036	1	0001696778	028-17947			Worth Venture Partners, LLC
0001591505-25-000004	1	0001591478	028-16131	000164280	801-76701	Swan Capital Management, LLC
0001951757-25-000992	1					Dimensional Fund Advisors
0001376474-25-000685	4			000322755		Opal Capital LLC
0001376474-25-000685	3	0002055681	028-24893	000328782		Wealth Builder Funds LLC.
0001376474-25-000685	1	0001130787	028-06213	000107306	801-53294	EAGLE GLOBAL ADVISORS LLC
0001376474-25-000685	2	0001447578	028-13256	000122020	801-61533	RIVERNORTH CAPITAL MANAGEMENT, LLC
0001811480-25-000006	1	0001811480	028-20237			SIGNATURE INVESTMENT ADVISORS LLC
0001085146-25-004237	2	0001082335	028-04243	000110995	801-57896	ASB CAPITAL MANAGEMENT LLC
0001085146-25-004237	1	0001051615	028-24105	000110742	801-55134	CHEVY CHASE TRUST Co
0001951757-25-000985	3					Capital Group
0001951757-25-000985	4					1492 Investment Management
0001951757-25-000985	1					Zacks Investment Management
0001951757-25-000985	2					Alley Company
0001218210-25-000012	1	0002034430	028-24420			Nordea Funds Ltd
0001218210-25-000012	3	0001211578	028-10481	000116837	801-60715	NORDEA INVESTMENT MANAGEMENT NORTH AMERICA INC
0001218210-25-000012	2	0002035123	028-24421			Nordea Investment Funds S.A.
0001062993-25-013207	1					First Trust Advisors LP
0001104659-25-071229	1	0002056181	028-25115			Perenco International Ltd
0001951757-25-000973	1					Aperio
0000950123-25-006674	25		028-17306			Allianz Global Investors Japan Co. Ltd.
0000950123-25-006674	26		028-23348			Allianz Global Investors UK Ltd
0000950123-25-006674	4		028-10952	000104559	801-48187	Pacific Investment Management Company LLC
0000950123-25-006674	24		028-15071			Allianz Global Investors Taiwan Ltd.
0000950123-25-006674	21		028-14962			Allianz Global Investors GmbH
0000950123-25-006674	20		028-15015	000289358	801-111691	Allianz Global Investors Asia Pacific Ltd
0001999371-25-010093	1					Oranje-Nassau Developpement S.C.A. FIAR
0000950123-25-006645	1					Liberty Mutual Investment Holdings LLC
0000950123-25-006645	3		028-00033			Liberty Mutual Insurance Company
0001085146-25-004199	11					ZACKS INVESTMENT MANAGEMENT IN
0001085146-25-004199	3					BRECKINRIDGE CAPITAL ADVISORS
0001085146-25-004199	10					WASATCH ADVISORS LP
0001085146-25-004199	1					BELMONT CAPITAL GROUP
0001085146-25-004199	2					BLACKROCK INVESTMENT MANAGEMEN
0001085146-25-004199	9					WASATCH ADVISORS INC
0001085146-25-004199	4					DIAMOND HILL CAPITAL MANAGEMEN
0001085146-25-004199	5					DSM CAPITAL PARTNERS LLC
0001085146-25-004199	6					KAYNE ANDERSON RUDNICK INVESTM
0001085146-25-004199	7					NEUBERGER BERMAN INVESTMENT AD
0001085146-25-004199	8					PARAMETRIC PORTFOLIO ASSOCIATE
0001085146-25-004188	1	0001633901	028-16706			Betterment LLC
0001725547-25-003570	1		28-21711	000143319	801-67641	FOCUS PARTNERS ADVISOR SOLUTIONS, LLC
0001534866-25-000010	2	0001302797	028-15041			Boston Trust Walden Inc.
0001534866-25-000010	1	0000829937	028-02259			Boston Trust Walden Co
0000950123-25-006623	1		28-11528			TD Waterhouse Private Investment Counsel Inc.
0001226886-25-000006	1	0001132700	028-06661			SAXON WOODS ADVISORS LLC
0001274419-25-000019	1	0002056094	028-25262			Caisse Federale de Credit Mutuel
0001661536-25-000004	1	0001314376	028-11136			Broderick Brian C
0001661536-25-000004	6	0001215208	028-10379			SOMERVILLE KURT F
0001661536-25-000004	14	0001661536	028-17222			Delaney Dennis R
0001661536-25-000004	5	0001053914	028-06165			PUZO MICHAEL J
0000919574-25-004240	1	0001767143	028-19195	000151367	801-72203	CRESTVIEW MANAGEMENT LLC
0001214659-25-010931	1	0001407543	028-13411			ENVESTNET ASSET MANAGEMENT INC
0001661536-25-000003	16	0001661535	028-17226			Elefante Mark B
0001661536-25-000003	7	0001314377	028-11134			Kidder Stephen W
0001661536-25-000003	1	0001314376	028-11136			Broderick Brian C
0001661536-25-000003	5	0001053914	028-06165			PUZO MICHAEL J
0001661536-25-000003	6	0001215208	028-10379			SOMERVILLE KURT F
0001420506-25-001582	1	0001926313	028-22516	000010641	801-42709	CADARET, GRANT & CO. INC.
0001420506-25-001582	3	0001616654	028-16263	000046214	801-56786	NEXT Financial Group, Inc
0001085146-25-004177	1	0001125816	028-06487	000107027	801-39950	FIRST TRUST ADVISORS LP
0001027796-25-000043	1	0001376113	028-12230		028-12230	ALPS ADVISORS INC
0001172661-25-002744	1	0001764034				Cypress Bank & Trust
0001604488-25-000158	1	0001125816	028-06487			FIRST TRUST ADVISORS LP
0001604488-25-000156	1	0001125816				FIRST TRUST ADVISORS LP
0001890906-25-000121	1	0001327354	028-11406	000110841	801-58237	Allspring Funds Management, LLC
0001890906-25-000121	2					Allspring Global Investments, LLC reporting on behalf of SEI INVESTMENTS CO
0001890906-25-000121	2					Allspring Global Investments, LLC reporting on behalf of UBS ASSET MANAGEMENT AMERICAS INC
0001890906-25-000121	1					Allspring Funds Management, LLC reporting on behalf of Morgan Stanley Smith Barney, LLC
0001890906-25-000121	2	0001075869	028-04413	000104973	801-21122	Allspring Global Investments, LLC
0000904454-25-000381	1	0002005351	028-23705			Maywood Asset Management Pte. Ltd.
0001172661-25-002733	6	0001847008	028-21054			Shenoy Muralidhar
0001172661-25-002733	5	0001847012	028-21051			Singhal Sandeep
0001172661-25-002733	4	0001846835	028-21046			Chadha Sumir
0001172661-25-002733	3	0001032635	028-21039			Wendell Peter C
0001172661-25-002733	1	0001526766	028-21011			WestBridge Crossover Fund, LLC
0001172661-25-002733	2	0001846563	028-21036	000161527	801-74144	WestBridge Capital US Advisors, LP
0001580642-25-004473	1		028-21365			Carson Group Investing
0001911876-25-000026	1	0001912215				BSN Holdings Ltd
0001911876-25-000026	2	0001911815				BSN Capital LLP
0001214659-25-010906	1	0001034524		000106093	801-15180	POLEN CAPITAL MANAGEMENT LLC
0001420506-25-001576	1	0000102909	028-06408	000105958	801-11953	VANGUARD GROUP INC
0001667731-25-000963	1	0000700529	028-01162	000104880	028-01162	ATALANTA SOSNOFF CAPITAL, LLC
0001951757-25-000955	1					Raymond James & Associates, Inc.
0001987855-25-000007	1		028-16841	000148222	801-71114	GeoWealth Management
0001807909-25-000004	1			000285366	801-114487	VANGUARD PERSONALIZED INDEXING MANAGEMENT
0001807909-25-000004	2			000133028	801-63597	REDWOOD INVESTMENTS, LLC
0001807909-25-000004	3			000165067	801-77021	BROAD RUN INVESTMENT MANAGEMENT, LLC
0001104659-25-070565	1	0001451626	028-21502			Atlas Venture Fund VIII, L.P.
0001104659-25-070565	2	0001451625	028-21501			Atlas Venture Associates VIII, L.P.
0001104659-25-070565	3	0001451624	028-21503			Atlas Venture Associates VIII, Inc.
0001214659-25-010895	1	0001786380	028-19584			Stonehage Fleming Investment Management Ltd
0002012303-25-000003	5	0000019617		000172045		JPMORGAN CHASE & CO
0002012303-25-000003	4	0000732812		000010783	8-28628	Capital Group Companies, Inc.
0002012303-25-000003	3	0001352187	028-11680	000010479		Clark Capital Management Group, Inc.
0002012303-25-000003	2	0001026977		000117198		CITY NATIONAL ROCHDALE FUNDS
0002012303-25-000003	1	0001344551	028-11546	000001090		ASSETMARK, INC
0002012303-25-000003	7	0001324602		000112861		State Street Global Advisors LTD
0002012303-25-000003	6			000147181	801-72506	New Frontier Advisors, LLC
0001166928-25-000070	1					West Bank
0001085146-25-004151	1	0001163744	028-10029			Conestoga Capital Advisors, LLC
0001085146-25-004150	1	0001285921	028-24408	000120387	801-79816	CONNING INVESTMENT PRODUCTS, INC.
0001085146-25-004150	2	0001399507	028-12511	000108290	801-8177	Goodwin Capital Advisers, Inc.
0001085146-25-004143	2	0001505708	028-14115			abrdn Investment Management Ltd
0001085146-25-004143	1	0001309613	028-11020	000111069	801-49966	abrdn Inc.
0001085146-25-004143	5	0000073076	028-00229			NORTHWESTERN MUTUAL LIFE INSURANCE CO
0001085146-25-004143	3	0001056108	028-11022	000124509	801-62020	abrdn Asia Ltd
0001085146-25-004143	4	0001544935	028-14936	000162309	801-75074	abrdn Investments Ltd
0001085146-25-004142	2	0001125816	028-06487			FIRST TRUST ADVISORS LP
0001085146-25-004142	3	0000071633	028-00065			NEW YORK LIFE INSURANCE CO
0001085146-25-004142	4	0001269119	028-10748			OPPENHEIMER ASSET MANAGEMENT INC.
0001085146-25-004142	5	0001162695	028-10044			MCMORGAN & CO LLC
0001085146-25-004142	6	0001447578	028-13256			RIVERNORTH CAPITAL MANAGEMENT, LLC
0001085146-25-004142	7	0001415996	028-13712			IndexIQ Advisors LLC
0001085146-25-004142	1	0001133639	028-06325			NEW YORK LIFE INVESTMENT MANAGEMENT LLC
0001085146-25-004139	1					GKFO LLC
0001906023-25-000005	2	0001535865	028-14921			Atria Investments, Inc
0001906023-25-000005	1	0000072971	028-00165			WELLS FARGO & COMPANY/MN
0001906023-25-000005	3	0001775210	028-20796	000173220	801-110161	Waterfront Wealth Inc.
0000950123-25-006571	1				001-06523	Bank Of America Corp
0001725547-25-003562	1	0001407543	028-13411	000111694	801-57260	ENVESTNET ASSET MANAGEMENT INC
0001725547-25-003562	2	0000932859	028-04558	000114310	801-60485	PARAMETRIC PORTFOLIO ASSOCIATES LLC
0001802952-25-000005	2					Theodore Beckman
0001172661-25-002696	2	0001082917	028-04145	000121942	801-61559	GW&K Investment Management, LLC
0001172661-25-002696	1	0001280965	028-11123	000285411	8-69849	TORTOISE CAPITAL ADVISORS, L.L.C.
0001172661-25-002696	3	0001423442	028-12966	000144594	801-68177	O'SHAUGHNESSY ASSET MANAGEMENT, LLC
0001667731-25-000945	1	0001113802		000143593	801-67829	ADHESION WEALTH ADVISOR SOLUTIONS, INC.
0001754960-25-000479	2	0001703301	028-18017			SpiderRock Advisors, LLC
0000036104-25-000046	1	0000830013	028-02267			US BANK NATIONAL ASSOCIATION
0000036104-25-000046	4	0001142147	028-06687			U.S. BANCORP ASSET MANAGEMENT INC
0000036104-25-000046	5	0000786393	028-16147			U.S. BANCORP INVESTMENTS, INC.
0000036104-25-000046	9	0000731201	028-23423			U.S. BANCORP ADVISORS, LLC
0001754960-25-000479	1	0001795705	028-23685			Brooklyn Investment Group
0001908623-25-000005	1	0001964389	028-22801			PPSC Investment Service Corp
0001085146-25-004086	2	0001780570	028-19978	000282827	801-107290	Ethic Inc.
0001085146-25-004086	3	0001759654	028-19308	000298733	801-114071	Quantinno Capital Management LP
0001085146-25-004086	1	0001364615	028-11964	000111616	801-57184	Aperio Group, LLC
0001314376-25-000006	7	0001314377	028-11134			Kidder Stephen W
0001314376-25-000006	16	0001661535	028-17226			Elefante Mark B
0001314376-25-000006	1	0001314376	028-11136			Broderick Brian C
0001314376-25-000006	5	0001053914	028-06165			PUZO MICHAEL J
0001314376-25-000006	6	0001215208	028-10379			SOMERVILLE KURT F
0001035463-25-000004	2	0001506242	028-14045			Bar Harbor Bank & Trust
0001035463-25-000004	1	0000743367	028-14044			BAR HARBOR BANKSHARES
0001085146-25-004073	1	0001860257	028-21257	000111521	801-39899	CAIN, WATTERS & ASSOCIATES, LLC
0001314376-25-000005	6	0001215208	028-10379			SOMERVILLE KURT F
0001314376-25-000005	13	0001592614	028-17236			Dempze Nancy E
0001314376-25-000005	14	0001661536	028-17222			Delaney Dennis R
0001314376-25-000005	16	0001661535	028-17226			Elefante Mark B
0001085146-25-004058	1	0001263005	028-21179			BANK VONTOBEL AG
0001085146-25-004058	2	0001915577	028-22486			Bank Vontobel Europe AG
0001085146-25-004058	3	0000077132	028-00598			PENN MUTUAL LIFE INSURANCE CO
0001085146-25-004058	4	0001844757	028-20713			Vontobel Asset Management Ltd
0001085146-25-004058	5	0001844756	028-20728			Vontobel Asset Management S.A.
0001085146-25-004058	6	0000928633	028-04490	000105007	801-21953	VONTOBEL ASSET MANAGEMENT INC
0001085146-25-004058	7	0001352469	028-11603	000130668	801-63660	Vontobel Swiss Financial Advisers AG
0001172661-25-002691	1	0001767843	028-19315			MIROVA
0001314376-25-000004	14	0001661536	028-17222			Delaney Dennis R
0001314376-25-000004	13	0001592614	028-17236			Dempze Nancy E
0001314376-25-000004	6	0001215208	028-10379			SOMERVILLE KURT F
0001314376-25-000004	5	0001053914	028-06165			PUZO MICHAEL J
0001314376-25-000004	1	0001314376	028-11136			Broderick Brian C
0001314376-25-000004	16	0001661535	028-17226			Elefante Mark B
0001140361-25-026909	1	0001983391	028-23669	000104932	801-30786	NBT Capital Management, Inc
0001085146-25-004056	1	0001593387	028-16841	000014822	801-71114	GeoWealth Management, LLC
0001314376-25-000003	16	0001661535	028-17226			Elefante Mark B
0001314376-25-000003	14	0001661536	028-17222			Delaney Dennis R
0001314376-25-000003	13	0001592614	028-17236			Dempze Nancy E
0001314376-25-000003	7	0001314377	028-11134			Kidder Stephen W
0001314376-25-000003	5	0001053914	028-06165			PUZO MICHAEL J
0001314376-25-000003	1	0001314376	028-11136			Broderick Brian C
0001314376-25-000002	1	0001314376	028-11136			Broderick Brian C
0001314376-25-000002	6	0001215208	028-10379			SOMERVILLE KURT F
0001314376-25-000002	7	0001314377	028-11134			Kidder Stephen W
0001314376-25-000002	16	0001661535	028-17226			Elefante Mark B
0001314376-25-000002	13	0001592614	028-17236			Dempze Nancy E
0001062993-25-013088	6		028-15248			Signature Estate and Investment Advisors, LLC
0001062993-25-013088	9		028-04393			Raymond James and Associates
0001062993-25-013088	2		028-19009			Beacon Pointe Advisors, LLC
0001062993-25-013088	1		028-11769			Lockwood Advisors 
0001062993-25-013088	8		028-04069			RBC Wealth Management - RBC Capital Markets, LLC
0001062993-25-013088	7		028-13892			First Long Island Investors 
0001062993-25-013088	5		028-13550			Mariner Wealth Advisors 
0001062993-25-013088	4		028-15454			Advisory Services Network, LLC
0001062993-25-013088	3		028-19008			Beacon Pointe Wealth Advisors, LLC
0001314376-25-000001	5	0001053914	028-06165			PUZO MICHAEL J
0001314376-25-000001	6	0001215208	028-10379			SOMERVILLE KURT F
0001314376-25-000001	7	0001314377	028-11134			Kidder Stephen W
0001314376-25-000001	13	0001592614	028-17236			Dempze Nancy E
0001314376-25-000001	16	0001661535	028-17226			Elefante Mark B
0001725247-25-000005	1	0001725246	028-18204			WoodTrust Bank
0001801619-25-000004	3	0001660855		000164014		Opal Advisors, LLC
0001801619-25-000004	1	0001409108		000142219	801-67411	FRANKLIN TEMPLETON PRIVATE PORTFOLIO GROUP, LLC
0001801619-25-000004	2	0000769734		000109002	801-55959	PRINCIPAL GLOBAL INVESTORS
0001987855-25-000005	1		028-16841	000148222	801-71114	GeoWealth Management
0001951757-25-000943	2					Capital Group
0001951757-25-000943	3					Clearbridge
0001951757-25-000943	4					Columbia
0001951757-25-000943	5					DorseyWright
0001951757-25-000943	7					JPMorgan
0001951757-25-000943	8					KayneAnderson
0001951757-25-000943	9					Madison
0001951757-25-000943	10					Principal
0001951757-25-000943	1					Putnam
0001951757-25-000943	6					EquityCompass
0001951757-25-000936	2					Red Granite Zeigler
0001951757-25-000936	3					Lord Abbot
0001951757-25-000936	4					BlackRock
0001951757-25-000936	5					Principal Global Investors
0001951757-25-000936	6					Winslow Capital
0001951757-25-000936	7					Nuveen / Brooklyn
0001951757-25-000936	1					Franklin Templeton
0001951757-25-000935	1					Aperio
0001951757-25-000935	2					Natixis
0001951757-25-000933	5					SSGA Funds Manager
0001951757-25-000933	6					Aptus Capital Management
0001951757-25-000933	4					Kessler Investment Group
0001951757-25-000933	3					Frontier Asset Management
0001951757-25-000933	2					BlackRock Investments
0001951757-25-000933	1					1919 Investment Council
0001214659-25-010807	1	0001844731				RMG Wealth Management LLC
0001178913-25-002449	3	0001731451	028-18634			MEITAV PORTFOLIO MANAGEMENT LTD
0001178913-25-002449	2	0001731130	028-18635			MEITAV PROVIDENT FUNDS & PENSION LTD
0001178913-25-002449	1	0001731450	028-18633			MEITAV MUTUAL FUNDS LTD
0001140361-25-026812	1	0001568349	028-15198			SEATOWN HOLDINGS INTERNATIONAL PTE. LTD.
0001140361-25-026812	2	0001972949	028-23190			SeaTown New Reality Sustainable Opportunities Master Fund
0001140361-25-026812	3	0002037381	028-24559			SeaTown New Reality Asia Master Fund
0001667731-25-000916	1	0001113802		000143593	801-67829	ADHESION WEALTH ADVISOR SOLUTIONS, INC.
0001420506-25-001564	1			000151736		Pathstone LLC
0002042938-25-000005	1			000114310	801-60485	Parametric Portfolio Associates
0001639375-25-000006	5			000316401	801-128420	Eldred Rock
0001639375-25-000006	1			000111616	801-57184	Aperio Group
0001639375-25-000006	3			000281137	801-106797	Eagle Capital Management
0001639375-25-000006	2			000289476		DSM Capital Management
0001639375-25-000006	6			000110093	801-14458	Luther King
0001639375-25-000006	6			000145594	801-68572	Sendero
0001639375-25-000006	8			000109149	801-15164	FMI (SCC)
0001639375-25-000006	4			000134066		Harris Associates
0002004963-25-000005	4	0000886982	028-04981			GOLDMAN SACHS GROUP INC
0002004963-25-000005	3	0001018331	028-05788			NATIXIS ADVISORS, LLC
0002004963-25-000005	2	0001535865	028-14921			Atria Investments, Inc
0002004963-25-000005	1	0000072971	028-00165			WELLS FARGO & COMPANY/MN
0001911621-25-000006	3			000144260		Global Value Investment Corp
0001911621-25-000006	4			000110506	801-57695	Saratoga Research & Investment Management
0001911621-25-000006	2			000104643	801-14050	Capital Advisors, Inc.
0001911621-25-000006	1			000119174	801-70100	Wallace Capital Management, Inc.
0001437749-25-023198	1	0001593387	028-16841	000148222	801-71114	GeoWealth Management, LLC
0001840084-25-000013	1	0001911056	028-22604	000164081	801-76763	AXXCESS WEALTH MANAGEMENT, LLC
0001840084-25-000013	2	0001442056	028-13334	000146019	801-68723	CONFLUENCE INVESTMENT MANAGEMENT LLC
0000904454-25-000367	1	0000924020	028-20073			Johnson & Johnson Innovation - JJDC, Inc.
0001721242-25-000005	1	0001959790	028-23063	000309709	801-119354	Fortis Capital Advisors, LLC
0001910488-25-000004	1		028-04558			PARAMETRIC PORTFOLIO ASSOCIATES
0001437749-25-023183	1	0001427514	028-13023			Dana Investment Advisors, Inc.
0001437749-25-023178	3	0001648711	028-16981			Baird Financial Group, Inc.
0001437749-25-023178	2	0001233991	028-10477			COLUMBIA MANAGEMENT INVESTMENT ADVISERS, LLC
0001437749-25-023178	1	0001566728	028-15439			Capital Wealth Planning, LLC
0001437749-25-023178	4	0000932859	028-04558			PARAMETRIC PORTFOLIO ASSOCIATES LLC
0001911278-25-000005	1	0001918604				LGT Bank (Austria) subsidiary of LGT Bank Ltd.
0001911278-25-000005	2	0001916592				LGT Bank Ltd., Hong Kong Branch
0001911278-25-000005	3	0001916092				LGT Bank (Singapore) Ltd.
0001911278-25-000005	4	0001914586				LGT Bank (Switzerland) Ltd., Basel
0001911278-25-000005	5	0001916362				LGT Bank Ltd.
0001911278-25-000005	6	0002042724				LGT Crestone Wealth Management Ltd
0001911278-25-000005	7	0002034770				LGT Securities (Thailand) Ltd
0001911278-25-000005	8	0001919733				LGT Wealth Management UK LLP
0001911278-25-000005	9	0002016556				LGT Wealth Management US Ltd
0000934866-25-000009	1					13F MANAGER
0001178913-25-002435	1	0001604401	028-16116			Peilim Portfolio Management Ltd
0001221073-25-000061	2	0000053417	028-00074			JENNISON ASSOCIATES LLC
0001221073-25-000061	1	0001348883	028-11611			Clearbridge Investments, LLC
0001221073-25-000061	3	0000790502	028-01666			EAGLE ASSET MANAGEMENT INC
0001085146-25-004013	1					Quantinno Capital Management
0001580642-25-004379	5		028-03432			Morgan Stanley Smith Barney
0001580642-25-004379	4		028-16454			SEI Investments Management Corp
0001913231-25-000003	8		028-14498			Nuveen
0001913231-25-000003	7		028-00694			55ip/JP Morgan
0001913231-25-000003	2		028-11546			Assetmark
0001913231-25-000003	1		028-00734			O'Shaughnessy
0001913231-25-000003	5		028-23698			Portfolio Design Labs
0001913231-25-000003	6		028-00157			Capital Group
0001913231-25-000003	4	0002035712				Giverny Capital Asset Management, LLC
0001913231-25-000003	3		028-15734			Beacon
0001913231-25-000003	9		028-20154			Orion
0001144969-25-000005	1	0000919086				PEAR TREE ADVISORS INC
0001021642-25-000004	8					Saratoga Capital Management, LLC
0001021642-25-000004	9					Equitable Investment Management, LLC
0001021642-25-000004	10					Goldman Sachs Asset Management, LP
0001021642-25-000004	13					Mason Street Advisors, LLC
0001021642-25-000004	1		028-06808			Natixis Investment Managers, LLC (also a manager on 2 through 13)
0001021642-25-000004	7					Principal Management Corporation
0001021642-25-000004	3		028-10092			Natixis Investment Managers, SA
0001021642-25-000004	2		028-05788			Natixis Advisors, LLC
0001021642-25-000004	6					Olive Street Investment Advisers, LLC
0001454937-25-000011	1	0000099189	028-00136			TRANSAMERICA CORP
0000919574-25-004137	1	0001767143	028-19195	000151367	801-72203	CRESTVIEW MANAGEMENT LLC
0001172661-25-002656	1	0001884799	028-21632			Guardian Partners Inc.
0000905148-25-002484	3	0001488106	028-15177	000147548	801-69439	Mirae Asset Global Investments (USA) LLC
0000905148-25-002484	2	0001568512	028-15176			Mirae Asset Global Investments (USA) Inc.
0000905148-25-002484	1	0001423255	028-15175	000152807	801-71088	Mirae Asset Global Investments (Hong Kong) LTD
0001140361-25-026518	1					FCI Advisors
0001890222-25-000003	1	0002031823	028-24240			Bank J. Safra Sarasin LTD
0001890222-25-000003	8	0002056319	028-25015			Banque J.Safra Sarasin (Monaco) SA
0001890222-25-000003	2	0002031300	028-24238			Banque J. Safra Sarasin (Luxembourg) SA
0001890222-25-000003	7	0002056555	028-25135			J. Safra Sarasin Asset Management (North America) Ltd
0001890222-25-000003	3	0002030320	028-24237			Bank J. Safra Sarasin (Gibraltar) Ltd
0001890222-25-000003	4	0002031170	028-24239			J. Safra Sarasin Investmentfonds Ltd.
0001890222-25-000003	5	0001890255	028-24241			J. Safra Sarasin Fund Management (Luxembourg) S.A.
0001890222-25-000003	6	0001642697	028-24307			J. Safra Sarasin Asset Management (Bahamas) Ltd.
0001705819-25-000048	1	0001898838	028-21634	000133697	801-63790	Schaeffer Financial LLC
0000950123-25-006480	1					ASR Nederland N.V.
0001123292-25-000313	1	0001545625	028-15141			Columbia Capital IV, LLC
0001085146-25-003972	2	0001257165	028-12637			ORIX Corp Europe N.V.
0001085146-25-003972	1	0001070304	028-18337			ORIX CORP
0001085146-25-003971	1	0001024896	028-22122			CANTOR FITZGERALD, L. P.
0000950123-25-006465	2		028-17554			Silchester Continuation Ltd
0000950123-25-006465	1		028-12123			Silchester Partners Ltd
0001172661-25-002649	1	0001989399	028-23342	000322194	801-126422	Herbein Financial Group
0002028812-25-000005	1		028-16454			SEI Investments
0001951757-25-000895	6					Wedgewood
0001951757-25-000895	2					Congress
0001951757-25-000895	3					Eagle
0001951757-25-000895	4					Harding Loevner
0001951757-25-000895	1					Columbia
0001951757-25-000895	5					MAS
0001951757-25-000893	1					GSAM
0001951757-25-000893	2					Parametric
0001951757-25-000891	5					Zack's
0001951757-25-000891	2					Blackrock
0001951757-25-000891	3					Invesco
0001951757-25-000891	4					Parametric
0001951757-25-000891	1					Adhesion
0001725547-25-003474	1		28-17440			La Financiere De L'echiquier
0000092230-25-000119	5	0000764116	028-01507			TRUIST BANK /NC/
0000092230-25-000119	12	0001696868	028-18010	000283390	801-107729	Truist Advisory Services, Inc.
0001667731-25-000866	1	0002004832	028-23706			Baxter Credit Union
0000950123-25-006431	1		028-00539			Fifth Third Bank, National Association
0001140361-25-026202	1	0002015672				Alpine Bank
0002025905-25-000004	1	0001962450	028-22887	000318889	801-123424	Compound Global Advisors, LLC
0001011438-25-000357	1	0002009522	028-25201			Lunate Holding RSC Ltd
0001661245-25-000004	1	0000932859	028-04558	000114310	801-60485	PARAMETRIC PORTFOLIO ASSOCIATES LLC
0001172661-25-002639	1	0001364742	028-12019			BlackRock Finance, Inc.
0001140361-25-026158	2					FCI Advisors - Outside Inv Adv
0001140361-25-026158	1					FCI Advisors - Inv Advisor
0000950123-25-006420	1		28-04171			Todd Asset Management
0001398344-25-013196	5			002378496		Janell Phillips
0001398344-25-013196	6			006442591		David MacDougall
0001398344-25-013196	4			002557718		James R. McCall
0001398344-25-013196	2			002559042		Alexander M. Colby
0001398344-25-013196	1			000262381		Eric H. Jostrom
0001398344-25-013196	3			002681885		Patricia A. Bowlin
0001667731-25-000844	2					MPI Wealth Management
0001667731-25-000844	1	0001742284				SmartX Technology Solutions Inc.
0001667731-25-000844	3	0001673385	028-17446			Morningstar Investment Management LLC
0001667731-25-000844	5	0001344551	028-11546			ASSETMARK, INC
0001667731-25-000844	4	0001541211	028-14787			Hilton Capital Management, LLC
0001667731-25-000844	6	0001483964	028-13809			LADENBURG THALMANN ASSET MANAGEMENT
0001307125-25-000008	1	0000019617	028-00694			JPMORGAN CHASE & CO
0001803536-25-000004	1	0001027817	028-05936	000116719	801-60673	ATLANTA CAPITAL MANAGEMENT CO L L C
0001803536-25-000004	2	0001407543	028-13411	000011694	801-57260	ENVESTNET ASSET MANAGEMENT INC
0001803536-25-000004	3			000142219	801-67411	FRANKLIN TEMPLETON PRIVATE PORFOLIO GROUP, LLC 
0000045319-25-000004	2					Wellington Shields 
0000045319-25-000004	1					Citibank Asset Managment
0000950123-25-006414	1					Giovanni Agnelli B.V.
0000950123-25-006414	2					EXOR Nederland N.V.
0001951757-25-000875	8					Westwood
0001951757-25-000875	7					Richard Bernstein Advisors
0001951757-25-000875	6					PGIM
0001951757-25-000875	4					Davis Select
0001951757-25-000875	3					Clearbridge
0001951757-25-000875	2					Brentview
0001951757-25-000875	1					Anchor
0001951757-25-000875	5					Gilman
0001951757-25-000874	17					Schafer Cullen
0001951757-25-000874	18					Lazard
0001951757-25-000874	15					HGK
0001951757-25-000874	14					Brown Advisory
0001951757-25-000874	13					WCM
0001951757-25-000874	12					First Fiduciary Investment Counsel Inc.
0001951757-25-000874	11					ClearBridge
0001951757-25-000874	10					Renaissance
0001951757-25-000874	9					Ziegler
0001951757-25-000874	8					Eagle Asset Management
0001951757-25-000874	7					Polen Capital
0001951757-25-000874	6					Northern Trust
0001951757-25-000874	5					Boston Partners
0001951757-25-000874	4					Chartwell
0001951757-25-000874	3					Karpus Management Inc.
0001951757-25-000874	2					Sadoff Investment Management
0001951757-25-000874	1					Natixis
0001951757-25-000874	16					Gilman Hill
0002052595-25-000004	1	0000947263	028-11527			TORONTO DOMINION BANK
0001951757-25-000828	1					Cabana
0001951757-25-000828	2					VISE
0000049969-25-000008	7					CIGNA VENTURES, LLC
0000049969-25-000008	5					Cigna HealthCare of North Carolina, Inc.
0000049969-25-000008	4					Cigna Foundation
0000049969-25-000008	1					Connecticut General Life Insurance Company
0000049969-25-000008	2					Cigna Health and Life Insurance Company
0000049969-25-000008	3	0000701221	028-01157			Cigna Holding Co
0000049969-25-000008	6					Evernorth Behavioral Health of Texas, Inc.
0001172661-25-002596	14	0001230440	028-17085	000124687	801-61757	Neuberger Berman Investment Advisers LLC
0001172661-25-002596	13	0001389813	028-12261	000131168	801-63196	Columbia Threadneedle (EM) Investments Ltd
0001172661-25-002596	11	0000884541	028-03125	000110901	801-17958	TRILLIUM ASSET MANAGEMENT, LLC
0001172661-25-002596	12	0001015079	028-05620	000105404	801-24896	BRANDES INVESTMENT PARTNERS, LP
0001172661-25-002596	10	0001703301	028-18017	000171992	801-80178	SpiderRock Advisors, LLC
0001172661-25-002596	9	0001534866	028-14964	000111266	801-60136	Boston Trust Walden Corp
0001172661-25-002596	8	0001477872	028-13757	000110506	801-57695	Saratoga Research & Investment Management
0001172661-25-002596	4	0001364615	028-11964	000111616	801-57184	Aperio Group, LLC
0001172661-25-002596	1	0000932859	028-04558	000114310	801-60485	PARAMETRIC PORTFOLIO ASSOCIATES LLC
0001123778-25-000003	1	0000009631	028-11475			BANK OF NOVA SCOTIA
0000950123-25-006377	1		28-539			Fifth Third Bank, National Association
0001388382-25-000003	6					CYNTHIA DOOLEY
0001388382-25-000003	7					DEANNA HARNETT
0001388382-25-000003	8					ED ESTEY
0001388382-25-000003	9					ERIC LAFOREST
0001388382-25-000003	10					KATIE BAKER
0001388382-25-000003	11					LAURA MCCARTHY
0001388382-25-000003	12					MARTISHA PATTERSON
0001388382-25-000003	13					SEAWARD MANAGEMENT CO
0001388382-25-000003	14					THEA BROWN-ALLEN
0001388382-25-000003	15					TWEEDY BROWNE COMPANY LLC
0001388382-25-000003	2					BOSTON FAMILY OFFICE
0001388382-25-000003	1					BIRCH HILL ADVISORS
0001388382-25-000003	5					CARLETON R LADD
0001388382-25-000003	3					BOSTON FAMILY OFFICE CARY MARCHI
0001388382-25-000003	4					BRENDAN LEE
0001420506-25-001507	2	0001615293	028-16239			Lombard Odier (Europe) S.A.
0001420506-25-001507	1	0001106185	028-16234			Bank Lombard Odier & Co Ltd
0001667731-25-000810	1			000169804	8-69391	Asset Mark
0001085146-25-003787	1	0001133639	028-06325	000109591	801-57396	NEW YORK LIFE INVESTMENT MANAGEMENT LLC
0001140361-25-025754	1	0001259968	028-10512			UNION BANK & TRUST CO /NE/
0001903153-25-000003	1	0001088084		000107738	801-37591	GOLDMAN SACHS ASSET MANAGEMENT/
0001903153-25-000003	2	0001996718	028-23760	000328327	801-128828	First Trust Investment Solutions L.P.
0000905148-25-002426	5					RenaissanceRe Specialty U.S. Ltd.
0000905148-25-002426	7					RenaissanceRe Specialty Holdings (UK) Limited
0000905148-25-002426	6	0001402002				RenaissanceRe Finance Inc.
0000905148-25-002424	6	0001402002				RenaissanceRe Finance Inc.
0000905148-25-002424	4					Renaissance Reinsurance U.S. Inc.
0000905148-25-002424	5					RenaissanceRe Specialty U.S. Ltd.
0000905148-25-002424	7					RenaissanceRe Specialty Holdings (UK) Limited
0000905148-25-002422	3					RenaissanceRe Europe AG
0000905148-25-002422	5					RenaissanceRe Specialty U.S. Ltd.
0000905148-25-002422	4					Renaissance Reinsurance U.S. Inc.
0000905148-25-002422	7					RenaissanceRe Specialty Holdings (UK) Limited
0000905148-25-002422	6	0001402002				RenaissanceRe Finance Inc.
0000905148-25-002420	6	0001402002				RenaissanceRe Finance Inc.
0000905148-25-002420	5					RenaissanceRe Specialty U.S. Ltd.
0000905148-25-002420	4					Renaissance Reinsurance U.S. Inc.
0000905148-25-002420	3					RenaissanceRe Europe AG
0000905148-25-002420	7					RenaissanceRe Specialty Holdings (UK) Limited
0000905148-25-002418	3					RenaissanceRe Europe AG
0000905148-25-002418	7					RenaissanceRe Specialty Holdings (UK) Limited
0000905148-25-002418	6	0001402002				RenaissanceRe Finance Inc.
0000905148-25-002418	5					RenaissanceRe Specialty U.S. Ltd.
0000905148-25-002418	4					Renaissance Reinsurance U.S. Inc.
0000905148-25-002415	2	0001614037	028-25529		001-36537	Renaissance Other Investments Holdings II Ltd.
0000905148-25-002415	3					RenaissanceRe Europe AG
0000905148-25-002415	7					RenaissanceRe Specialty Holdings (UK) Limited
0000905148-25-002415	1	0001614034	028-25508			RenaissanceRe Ventures Ltd.
0000905148-25-002412	2	0001614037	028-25529		001-36537	Renaissance Other Investments Holdings II Ltd.
0000905148-25-002412	1	0001614034	028-25508			RenaissanceRe Ventures Ltd.
0000905148-25-002412	3					RenaissanceRe Europe AG
0000905148-25-002412	7					RenaissanceRe Specialty Holdings (UK) Limited
0000905148-25-002409	2	0001614037	028-25529		001-36537	Renaissance Other Investments Holdings II Ltd.
0000905148-25-002409	1	0001614034	028-25508			RenaissanceRe Ventures Ltd.
0000905148-25-002409	3					RenaissanceRe Europe AG
0000905148-25-002409	7					RenaissanceRe Specialty Holdings (UK) Limited
0000905148-25-002404	2	0001614037	028-25529		001-36537	Renaissance Other Investments Holdings II Ltd.
0000905148-25-002404	1	0001614034	028-25508			RenaissanceRe Ventures Ltd.
0000905148-25-002401	1	0001614034	028-25508			RenaissanceRe Ventures Ltd.
0000905148-25-002401	2	0001614037	028-25529		001-36537	Renaissance Other Investments Holdings II Ltd.
0001085146-25-003740	1	0000811393	028-01949			BANKERS TRUST CO
0000905148-25-002398	1	0001614034	028-25508			RenaissanceRe Ventures Ltd.
0000905148-25-002398	2	0001614037	028-25529		001-36537	Renaissance Other Investments Holdings II Ltd.
0000905148-25-002395	1	0001614034	028-25508			RenaissanceRe Ventures Ltd.
0000905148-25-002395	2	0001614037	028-25529		001-36537	Renaissance Other Investments Holdings II Ltd.
0000905148-25-002392	2	0001614037	028-25529		001-36537	Renaissance Other Investments Holdings II Ltd.
0000905148-25-002392	1	0001614034	028-25508			RenaissanceRe Ventures Ltd.
0000950123-25-006344	1		28-14495		28-14495	Cisco Systems  International B.V.
0000905148-25-002388	2	0001614037	028-25529		001-36537	Renaissance Other Investments Holdings II Ltd.
0000905148-25-002388	1	0001614034	028-25508			RenaissanceRe Ventures Ltd.
0001062993-25-012738	1		28-01974			Atalanta Sosnoff Capital, LLC
0001996846-25-000009	4	0000912938	028-04968			MASSACHUSETTS FINANCIAL SERVICES CO /MA/
0001996846-25-000009	3	0001343498	028-11524			Manulife Investment Management Ltd
0001996846-25-000009	1	0001330387	028-11416			Amundi
0001996846-25-000009	5	0001177206	028-10229			LOS ANGELES CAPITAL MANAGEMENT LLC
0001951757-25-000619	6					Capital Wealth Planning, LLC
0001951757-25-000619	7					Davis Selected Advisors, LP (MD)
0001951757-25-000619	8					Dearborn Partners, LLC (MD)
0001951757-25-000619	9					Eagle Asset Management Inc
0001951757-25-000619	10					Edge Asset Management (MD)
0001951757-25-000619	11					Federated Investment Counseling
0001951757-25-000619	12					Franklin Templeton Private Portfoli
0001951757-25-000619	13					Freedom Foundation
0001951757-25-000619	14					GQG Partners, LLC (MD)
0001951757-25-000619	15					Kayne Anderson Rudnick Inv Mgt (MD)
0001951757-25-000619	16					Neuberger Berman LLC (FI)
0001951757-25-000619	17					Parnassus Investments (MD)
0001951757-25-000619	18					River Road Asset Mgmt (MD)
0001951757-25-000619	19					Russell Investments
0001951757-25-000619	20					Shelton Capital Management
0001951757-25-000619	21					Tandem Investment Advisors, Inc.
0001951757-25-000619	22					WestEnd Advisors (MD)
0001951757-25-000619	5					Capital Group (MD)
0001951757-25-000619	4					American Funds Model Portfolios
0001951757-25-000619	3					AllianceBernstein Investments
0001951757-25-000619	1					Active Index Advisors
0001951757-25-000619	2					Aligned Investors (MD)
0001104659-25-067159	2	0000940755	028-14777			J O HAMBRO CAPITAL MANAGEMENT LTD
0001104659-25-067159	3	0001541741	028-14773			Pendal Group Ltd
0001104659-25-067159	4	0002031636	028-24244			JOHCM (USA) Inc
0001104659-25-067159	1	0001570625	028-21079			Perpetual Investment Management Ltd
0000950123-25-006291	1		28-14495		28-14495	Cisco Systems  International B.V.
0001420506-25-001489	2		028-10030			STRATEGY ASSET MANAGERS LLC
0001420506-25-001489	1		028-03687			Polen Capital Management
0001096906-25-001120	1	0001190230	028-10273			MOODY BANCSHARES INC
0001096906-25-001120	2	0001190228	028-10274			MOODY BANK HOLDING CO
0001667731-25-000773	1	0000354204	028-01186			DIMENSIONAL FUND ADVISORS LP
0001213900-25-062610	8		028-06399	000110632	801-56989	Miller Value Partners, LLC
0001213900-25-062610	9		028-15734	000120641	801-61249	Beacon Capital Management, Inc.
0001213900-25-062610	10		028-22305	000145634	801-68554	Ocean Park Asset Management, LLC
0001213900-25-062610	11			000109910	801-60047	Frontier Asset Management, LLC
0001213900-25-062610	12			000006857	801-10669	Tweedy, Browne Company, LLC
0001213900-25-062610	13			000108260	801-50659	First Eagle Investment Management, LLC
0001213900-25-062610	14			000328736	801-129011	Bancreek Capital Advisors, LLC
0001213900-25-062610	15			000109552	801-57316	Horizon Investments, LLC
0001213900-25-062610	16			000330365	801-30584	Twin Oak ETF Company
0001213900-25-062610	17			000161168	801-74122	Long Pond Capital, LP
0001213900-25-062610	18			000158401	801-79153	RFG Advisory, LLC
0001213900-25-062610	7		028-24056	000282600	801-123113	Client First Investment Management LLC
0001213900-25-062610	6			000213515	801-96272	TIS Advisors
0001213900-25-062610	5		028-18330	000028418	801-108127	Nightview Capital, LLC
0001213900-25-062610	4			000306663	801-119521	Reflection Asset Management, LLC
0001213900-25-062610	3		028-20483	000300799	801-114971	Roundhill Investments
0001213900-25-062610	2			000151418	801-108439	Cabana Asset Management
0001213900-25-062610	1			000307461	801-118936	Madison Avenue Solutions, LLC
0000946431-25-000008	1	0001547676	028-16445			Swedbank Robur Fonder AB
0002055344-25-000003	1	0002056094	028-25262			Caisse Federale de Credit Mutuel
0002055344-25-000003	2	0001274419	028-25196			CREDIT INDUSTRIEL ET COMMERCIAL
0001085146-25-003670	1					American Funds Model Portfolios
0001085146-25-003670	3					Columbia Threadneedle (MD)
0001085146-25-003670	2					Atlanta Capital Mgmt Co LLC (MD)
0001085146-25-003670	8					Kayne Anderson Rudnick Inv Mgt (MD)
0001996846-25-000008	1	0001330387	028-11416			Amundi
0001996846-25-000008	3	0001343498	028-11524			Manulife Investment Management Ltd
0001996846-25-000008	4	0000912938	028-04968			MASSACHUSETTS FINANCIAL SERVICES CO /MA/
0001996846-25-000008	5	0001177206	028-10229			LOS ANGELES CAPITAL MANAGEMENT LLC
0001085146-25-003615	1	0001510483	028-14147	000115788	801-62077	Sarasin Asset Management Ltd
0002045258-25-000003	6			006071470		Matthew Klein
0002045258-25-000003	5			007478037		Kent Hulse
0002045258-25-000003	3			001259742		Dave Magee
0002045258-25-000003	2			000683157		Troy Robertson
0002045258-25-000003	4			007112320		Philip Denstad
0001951757-25-000591	1					Earnest
0001951757-25-000584	1					AQR capital mangement
0001104659-25-066313	1					Lannebo Kapitalforvatning AB
0000950123-25-006205	1		028-19836			Francesco De Rubertis
0001276918-25-000008	2	0000019481	028-00085	000106982	801-5995	Virtus Investment Advisers, LLC
0001276918-25-000008	1	0001319111	028-11308	000107346	801-23163	VIRTUS CAPITAL ADVISERS, LLC
0001770710-25-000003	1	0001018399				ENTERPRISE BANCORP INC /MA/
0002008165-25-000004	1					David Wiley
0001085146-25-003476	4	0001614992	028-16218			Bank of Nova Scotia Trust Co (Bahamas) Ltd
0001085146-25-003476	3	0001614987	028-16220			Profuturo AFP S.A.
0001085146-25-003476	2	0001698322	028-18067			Scotia Fondos, S.A. de C.V., Sociedad Operadora de Fondos de Inversion, Grupo Financiero Scotiabank Inverlat
0001085146-25-003476	1	0001697694	028-17829			SCOTIA CAPITAL (USA) INC
0001085146-25-003476	5	0001904831	028-21785			Scotia Administradora General De Fondos Chile S.A.
0001085146-25-003475	4	0001614992	028-16218			Bank of Nova Scotia Trust Co (Bahamas) Ltd
0001085146-25-003475	3	0001614987	028-16220			Profuturo AFP S.A.
0001085146-25-003475	2	0001698322	028-18067			Scotia Fondos, S.A. de C.V., Sociedad Operadora de Fondos de Inversion, Grupo Financiero Scotiabank Inverlat
0001085146-25-003475	1	0001697694	028-17829			SCOTIA CAPITAL (USA) INC
0001085146-25-003475	5	0001904831	028-21785			Scotia Administradora General De Fondos Chile S.A.
0001636661-25-000005	2		028-20464			Brown Miller Wealth Management LLC
0001636661-25-000005	1		028-06487			First Trust Advisors LP
0000948046-25-000090	10	0001179124	028-10249	000104518	801-252	DWS INVESTMENT MANAGEMENT AMERICAS, INC
0000948046-25-000090	402	0001844950	028-20858			Deutsche Bank S.p.A
0000948046-25-000090	287	0001506281	028-18169	000154558	801-71808	DBX Advisors LLC
0000948046-25-000090	33	0001498187	028-13988			DWS Investments UK Ltd
0000948046-25-000090	28	0001759113	028-19530			Deutsche Oppenheim Family Office AG
0000948046-25-000090	602	0001910395	028-21816			Deutsche Bank Luxembourg S.A.
0000948046-25-000090	562	0001767578	028-19293			DB UK Bank Ltd
0000948046-25-000090	1	0001173854	028-13777			Deutsche Bank Trust Co Americas
0000948046-25-000090	2	0000898380	028-05033	000002525		Deutsche Bank Securities Inc\
0000948046-25-000090	6	0001167717	028-10155			DWS Investment GmbH
0000948046-25-000090	483	0001767611	028-19304	000105075	801-20289	DWS International GmbH
0000948046-25-000090	11	0000938772	028-04760	000109596	801-55209	RREEF AMERICA LLC
0000948046-25-000090	19	0001342720	028-11509			Deutsche Bank (Suisse) SA
0000948046-25-000090	20	0001020242	028-11997			DEUTSCHE BANK NATIONAL TRUST Co
0000948046-25-000090	21	0001370961	028-11998			Deutsche Bank Trust Co Delaware
0000948046-25-000090	23	0001370965	028-12000			DEUTSCHE BANK TRUST COMPANY, NATIONAL ASSOCIATION
0002045258-25-000002	6			006071470		Matthew Klein
0002045258-25-000002	2			006831574		Troy Robertson
0002045258-25-000002	3			001259742		Dave Magee
0002045258-25-000002	4			007112320		Philip Denstad
0002045258-25-000002	5			007478037		Kent Hulse
0000769993-25-000340	3	0000908777	028-05109			GOLDMAN SACHS INTERNATIONAL
0000769993-25-000340	10	0001866894	028-24303			Goldman Sachs Bank Europe SE
0000769993-25-000340	6	0001379383	028-12021			Goldman Sachs Trust Company, N.A.
0000769993-25-000340	5	0001055957	028-06738	000106693	801-48238	GOLDMAN SACHS WEALTH SERVICES, L.P.
0000769993-25-000340	4	0001098457	028-05111			GOLDMAN SACHS BANK AG
0000769993-25-000340	2	0001229262	028-10981	000107738	801-37591	GOLDMAN SACHS ASSET MANAGEMENT, L.P.
0000769993-25-000340	1	0000769993	028-00687	000000361	801-16048	GOLDMAN SACHS & CO. LLC
0000948046-25-000088	602	0001910395	028-21816			Deutsche Bank Luxembourg S.A.
0000948046-25-000088	483	0001767611	028-19304	000105075	801-20289	DWS International GmbH
0000948046-25-000088	1	0001173854	028-13777			Deutsche Bank Trust Co Americas
0000948046-25-000088	2	0000898380	028-05033	000002525		Deutsche Bank Securities Inc\
0000948046-25-000088	6	0001167717	028-10155			DWS Investment GmbH
0000948046-25-000088	10	0001179124	028-10249	000104518	801-252	DWS INVESTMENT MANAGEMENT AMERICAS, INC
0000948046-25-000088	11	0000938772	028-04760	000109596	801-55209	RREEF AMERICA LLC
0000948046-25-000088	19	0001342720	028-11509			Deutsche Bank (Suisse) SA
0000948046-25-000088	20	0001020242	028-11997			DEUTSCHE BANK NATIONAL TRUST Co
0000948046-25-000088	21	0001370961	028-11998			Deutsche Bank Trust Co Delaware
0000948046-25-000088	23	0001370965	028-12000			DEUTSCHE BANK TRUST COMPANY, NATIONAL ASSOCIATION
0000948046-25-000088	28	0001759113	028-19530			Deutsche Oppenheim Family Office AG
0000948046-25-000088	33	0001498187	028-13988			DWS Investments UK Ltd
0000948046-25-000088	287	0001506281	028-18169	000154558	801-71808	DBX Advisors LLC
0000948046-25-000088	402	0001844950	028-20858			Deutsche Bank S.p.A
0000948046-25-000088	562	0001767578	028-19293			DB UK Bank Ltd
0000919574-25-003667	1	0002073656				Teleios Global Opportunities Master Fund Ltd.
0000919574-25-003673	1	0002073656	028-25640			Teleios Global Opportunities Master Fund Ltd.
0001068837-25-000030	2		028-10070			Voya Investment Trust Co.
0001068837-25-000030	5		028-16916	000106936		Voya Financial, Inc
0001068837-25-000030	3		028-04547	000111091	801-48282	Voya Investments, LLC
0001068837-25-000030	1		028-01217	000106494	801-9046	Voya Investment Management Co. LLC
0002028812-25-000003	1	0000350894	028-16454			SEI INVESTMENTS CO
0000948046-25-000086	28	0001759113	028-19530			Deutsche Oppenheim Family Office AG
0000948046-25-000086	33	0001498187	028-13988			DWS Investments UK Ltd
0000948046-25-000086	287	0001506281	028-18169	000154558	801-71808	DBX Advisors LLC
0000948046-25-000086	402	0001844950	028-20858			Deutsche Bank S.p.A
0000948046-25-000086	482	0001767619	028-19307			DWS Investment S.A.
0000948046-25-000086	483	0001767611	028-19304	000105075	801-20289	DWS International GmbH
0000948046-25-000086	562	0001767578	028-19293			DB UK Bank Ltd
0000948046-25-000086	602	0001910395	028-21816			Deutsche Bank Luxembourg S.A.
0000948046-25-000086	1	0001173854	028-13777			Deutsche Bank Trust Co Americas
0000948046-25-000086	2	0000898380	028-05033	000002525		Deutsche Bank Securities Inc\
0000948046-25-000086	6	0001167717	028-10155			DWS Investment GmbH
0000948046-25-000086	10	0001179124	028-10249	000104518	801-252	DWS INVESTMENT MANAGEMENT AMERICAS, INC
0000948046-25-000086	11	0000938772	028-04760	000109596	801-55209	RREEF AMERICA LLC
0000948046-25-000086	19	0001342720	028-11509			Deutsche Bank (Suisse) SA
0000948046-25-000086	20	0001020242	028-11997			DEUTSCHE BANK NATIONAL TRUST Co
0000948046-25-000086	21	0001370961	028-11998			Deutsche Bank Trust Co Delaware
0000948046-25-000086	23	0001370965	028-12000			DEUTSCHE BANK TRUST COMPANY, NATIONAL ASSOCIATION
0000950123-25-005989	7		028-23148	000316590	801-122588	Brookfield Renewable Energy Group LLC
0000950123-25-005989	6		028-21426	000312792	801-120634	Brookfield Asset Management Credit and Insurance Solutions Advisor LLC
0000950123-25-005989	5		028-17298	000171207	801-79916	Brookfield Asset Management Private Institutional Capital Adviser (Private Equity), LLC
0000950123-25-005989	4		028-14362	000151605	801-70688	Brookfield Asset Management Private Institutional Capital Adviser (Canada), LLC
0000950123-25-005989	3		028-16296	000170811	801-79456	Brookfield Asset Management Private Institutional Capital Adviser (Credit), LLC
0000950123-25-005989	2		028-16270	000151599	801-72031	Brookfield Asset Management Private Institutional Capital Adviser US, LLC
0000950123-25-005991	1		028-13826	000110497	801-34605	Brookfield Public Securities Group LLC
0000950123-25-005991	7		028-23148	000316590	801-122588	Brookfield Renewable Energy Group LLC
0000950123-25-005991	6		028-21426	000312792	801-120634	Brookfield Asset Management Credit and Insurance Solutions Advisor LLC
0000950123-25-005991	5		028-17298	000171207	801-79916	Brookfield Asset Management Private Institutional Capital Adviser (Private Equity), LLC
0000950123-25-005991	4		028-14362	000151605	801-70688	Brookfield Asset Management Private Institutional Capital Adviser (Canada), LLC
0000950123-25-005991	3		028-16296	000170811	801-79456	Brookfield Asset Management Private Institutional Capital Adviser (Credit), LLC
0000950123-25-005991	2		028-16270	000151599	801-72031	Brookfield Asset Management Private Institutional Capital Adviser US, LLC
0000950123-25-005989	1		028-13826	000110497	801-34605	Brookfield Public Securities Group LLC
0001677044-25-000012	25	0000059970		000003870	801-23151	OSAIC FA, INC.
0001677044-25-000012	30	0000100565		000003978	801-42530	OSAIC FS, INC.
0001677044-25-000012	7	0001682267		000171070	801-80075	Osaic Advisory Services, LLC
0001677044-25-000012	2	0001483964		000108604	801-54909	LADENBURG THALMANN ASSET MANAGEMENT
0001677044-25-000012	4	0000914904		000035371	801-67242	OSAIC INSTITUTIONS, INC.
0001677044-25-000012	1	0000837933		000023131	801-54859	OSAIC WEALTH, INC.
0001307125-25-000006	1	0000019617	028-00694			JPMORGAN CHASE & CO
0001307125-25-000005	1	0000019617	028-00694			JPMORGAN CHASE & CO
0001085146-25-003428	1	0001048802	028-06550	000109580	801-54360	OSTERWEIS CAPITAL MANAGEMENT LLC/CA
0001085146-25-003427	1	0001048802	028-06550	000109580	801-54360	OSTERWEIS CAPITAL MANAGEMENT LLC/CA
0000036644-25-000004	1	0001941030	028-22612			First National Advisers, LLC
0000036644-25-000004	2	0001441888	028-13245			Tributary Capital Management, LLC
0000948046-25-000084	482	0001767619	028-19307			DWS Investment S.A.
0000948046-25-000084	402	0001844950	028-20858			Deutsche Bank S.p.A
0000948046-25-000084	287	0001506281	028-18169	000154558	801-71808	DBX Advisors LLC
0000948046-25-000084	10	0001179124	028-10249	000104518	801-252	DWS INVESTMENT MANAGEMENT AMERICAS, INC
0000948046-25-000084	11	0000938772	028-04760	000109596	801-55209	RREEF AMERICA LLC
0000948046-25-000084	19	0001342720	028-11509			Deutsche Bank (Suisse) SA
0000948046-25-000084	20	0001020242	028-11997			DEUTSCHE BANK NATIONAL TRUST Co
0000948046-25-000084	21	0001370961	028-11998			Deutsche Bank Trust Co Delaware
0000948046-25-000084	23	0001370965	028-12000			DEUTSCHE BANK TRUST COMPANY, NATIONAL ASSOCIATION
0000948046-25-000084	28	0001759113	028-19530			Deutsche Oppenheim Family Office AG
0000948046-25-000084	483	0001767611	028-19304	000105075	801-20289	DWS International GmbH
0000948046-25-000084	562	0001767578	028-19293			DB UK Bank Ltd
0000948046-25-000084	602	0001910395	028-21816			Deutsche Bank Luxembourg S.A.
0000948046-25-000084	1	0001173854	028-13777			Deutsche Bank Trust Co Americas
0000948046-25-000084	33	0001498187	028-13988			DWS Investments UK Ltd
0000948046-25-000084	6	0001167717	028-10155			DWS Investment GmbH
0000948046-25-000084	2	0000898380	028-05033			Deutsche Bank Securities Inc\
0002001900-25-000019	11	0001360533	028-11877	000107975	801-57265	Brinker Capital Investments, LLC
0002001900-25-000019	12			000131825	801-69664	Greenrock Research, Inc.
0002001900-25-000019	13	0001665605	028-17691	000282059	801-106982	3EDGE Asset Management, LP
0002001900-25-000019	9	0001364615	028-11964	000111616	801-57184	Aperio Group, LLC
0002001900-25-000019	8	0001703301	028-18017	000171992	801-80178	SpiderRock Advisors, LLC
0002001900-25-000020	2	0001802647	028-20154	000107975	801-57265	Orion Portfolio Solutions, LLC
0002001900-25-000020	5			000301761	801-116970	VISE AI Advisors
0002001900-25-000020	8	0001703301	028-18017	000171992	801-80178	SpiderRock Advisors, LLC
0002001900-25-000020	9	0001364615	028-11964	000111616	801-57184	Aperio Group, LLC
0002001900-25-000020	11	0001360533	028-11877	000107975	801-57265	Brinker Capital Investments, LLC
0001848237-25-000002	1	0001444864	028-25022	000127401		STRAIGHTLINE GROUP LLC
0002001900-25-000019	2	0001802647	028-20154	000107975	801-57265	Orion Portfolio Solutions, LLC
0002001900-25-000019	3	0001109448	028-10562	000108477	801-56720	ALLIANCEBERNSTEIN L.P.
0002001900-25-000019	10			000158989	801-72726	Palladiem, LLC
0002001900-25-000019	7	0001345576	028-11543	000112266	801-62058	Advisors Capital Management, LLC
0002001900-25-000019	5			000301761	801-116970	VISE AI Advisors
