ACCESSION_NUMBER	OTHERINCLUDEDMANAGERSCOUNT	TABLEENTRYTOTAL	TABLEVALUETOTAL	ISCONFIDENTIALOMITTED
0002010029-25-000002	0	579	81166387	N
0001068804-25-000006	0	903	692057980	N
0000891943-25-000009	0	963	1712762000	N
0002079571-25-000006	0	169	253729397	N
0002079571-25-000005	0	162	262955883	N
0002079571-25-000004	0	177	259197671	N
0001936249-25-000009	0	20	151603339	N
0002082673-25-000003	0	71	213926695	N
0002082673-25-000002	0	65	177336685	N
0002082673-25-000001	0	15	138034569	N
0001772937-25-000014	3	84	585115948	N
0001420506-25-002565	0	269	268806843	N
0001628280-25-041269	1	62	4960559297	N
0001667731-25-001240	0	51	69926177	
0002063364-25-000216	0	54	106653988	N
0001906594-25-000003	0	477	1062737360	N
0001561082-25-000018	0	158	7234594055	N
0001561082-25-000017	0	158	7404915406	N
0001561082-25-000016	0	156	7296171500	N
0001561082-25-000015	0	153	6606042775	N
0001561082-25-000014	0	152	6690008324	N
0001561082-25-000013	0	155	6085103584	N
0001561082-25-000012	0	152	5560665957	N
0001561082-25-000011	0	152	4920116677	N
0002079571-25-000003	0	180	251764344	N
0001561082-25-000010	0	143	4481370965	N
0001772937-25-000013	3	86	518617302	N
0002056907-25-000004	0	293	99047493	N
0001172661-25-003849	0	167	169327087	
0001104659-25-083914	0	24	146381263	
0001754960-25-000623	0	33	106017095	N
0001754960-25-000622	0	61	127754127	N
0001754960-25-000621	0	74	143878165	N
0001754960-25-000620	0	72	159839143	N
0002083677-25-000001	0	60	170382	N
0002080520-25-000010	1	433	4784720433	N
0001580642-25-005505	0	1967	11714477973	
0001214659-25-012850	0	55	201378745	
0001214659-25-012852	0	61	259475111	
0001214659-25-012848	0	59	193062583	
0001214659-25-012847	0	57	187554754	
0001214659-25-012849	0	54	205572827	
0001214659-25-012851	0	55	206308904	
0001214659-25-012845	0	50	146085216	
0001214659-25-012846	0	57	172375948	
0001214659-25-012843	0	54	155627478	
0001214659-25-012844	0	53	150669844	
0001214659-25-012841	0	44	139763172	
0001214659-25-012840	0	43	148657482	
0001214659-25-012842	0	49	158063925	
0001214659-25-012839	0	45	164652252	
0001214659-25-012838	0	47	168997274	
0001214659-25-012837	0	40	151014568	
0001214659-25-012836	0	41	152862307	
0001214659-25-012834	0	40	142104170	
0001214659-25-012832	0	37	131632576	
0001642575-25-000008	2	4418	96176128569	N
0001642575-25-000007	2	4472	82392416471	N
0001768744-25-000005	0	67	3196565579	N
0002079687-25-000004	0	631	108379667	N
0001420506-25-002458	0	75	1168884219	N
0001808163-25-000009	0	28	139905153	N
0000950123-25-008580	4	4212	45716034	N
0000950123-25-008570	4	3973	45490907	N
0001213900-25-080559	0	135	132710749	
0002075029-25-000005	0	265	951472603	N
0002075029-25-000002	0	265	951472603	N
0001214659-25-012724	0	149	125618711	
0001214659-25-012726	0	164	136356653	
0001214659-25-012725	0	154	121057341	
0001845012-25-000005	0	25	178475871	
0001415889-25-022914	7	3455	129953913362	N
0002054921-25-000012	0	57	8544234	
0002054921-25-000011	0	304	153998406	N
0002054921-25-000010	0	44	2998798	
0002054921-25-000009	0	268	128810956	N
0001725547-25-003737	1	169	699850281	N
0001725547-25-003736	1	253	405068637	N
0002054921-25-000008	0	48	10806249	
0001951757-25-001117	0	318	344046185	N
0002054921-25-000007	0	254	119635856	N
0001665198-25-000010	0	1225	20400786322	N
0001737888-25-000006	0	102	97367633	N
0001667731-25-001207	0	73	106127465	
0001104659-25-082246	0	119	330673226	
0001880785-25-000004	0	3	1754709464	N
0001880785-25-000003	0	4	649860050	N
0001104659-25-081781	0	116	152902136	
0001172661-25-003732	0	68	123337286	
0002056334-25-000003	6	187	265981010	N
0001062993-25-014797	0	424	524785059	N
0002024152-25-000003	0	163	308930865	N
0002079687-25-000002	0	24460	100772977	N
0001085146-25-005403	0	81	91289383	N
0001765380-25-000401	0	0	0	N
0001085146-25-005398	0	13	6765233	N
0001085146-25-005396	1	123	226299648	N
0001085146-25-005397	0	16	8737101	N
0001085146-25-005395	1	120	220687285	N
0001017284-25-000007	0	139	146704566	N
0001769060-25-000006	0	27	171698919	N
0001769060-25-000005	0	35	219828808	N
0001537783-25-000006	0	502	3417995	N
0001477872-25-000005	0	44	1867957114	N
0001537783-25-000005	0	490	1448956	N
0002035144-25-000001	0	187	131913756	N
0000938759-25-000009	0	117	372493093	N
0002063364-25-000212	0	98	145709469	N
0001140361-25-032020	1	44	169127002	
0001062993-25-014705	0	375	842449865	N
0001140361-25-031918	1	2	43947893	
0001140361-25-031914	1	2	41576102	
0001140361-25-031910	1	2	56225399	
0001140361-25-031907	1	2	60271396	
0001140361-25-031905	1	2	76734416	
0001062993-25-014670	0	40	575932977	N
0001964831-25-000007	0	220	145386231	N
0001944437-25-000005	0	1171	273947761	N
0001997464-25-000052	4	901	11529406132	N
0001879757-25-000002	0	1321	616276104	N
0001319691-25-000007	0	72	1431956194	N
0001085146-25-005368	0	1037	2130560958	N
0001993325-25-000006	0	125	124146437	N
0001573876-25-000016	45	6490	6213107181	
0001085146-25-005367	0	72	101861815	N
0001085146-25-005366	0	1	0	N
0001634149-25-000005	0	1045	1139767766	N
0001364725-25-000008	0	168	742797103	N
0001172661-25-003667	0	41	213458543	
0001845012-25-000004	0	24	170670128	N
0001821626-25-000006	0	1829	818427937	N
0002013988-25-000006	1	89	100793	N
0001878326-25-000007	0	266	128409134	N
0001475896-25-000005	0	1181	1377364268	N
0001614986-25-000007	0	61	779253856	N
0001544204-25-000003	0	200	6987128591	N
0001085146-25-005363	0	30	1590035770	N
0001866872-25-000012	0	38	1875401000	N
0001802533-25-000007	0	267	563575862	N
0001866872-25-000010	0	27	1401729000	N
0000826794-25-000003	0	50	256445721	N
0001398344-25-016064	2	696	1526659834	
0001085146-25-005360	0	67	413328773	N
0001866872-25-000011	0	31	1786628000	N
0001172661-25-003660	0	30	332161241	
0001393825-25-000066	1	1443	29440638114	
0001104659-25-079835	0	18	120850115	
0001628280-25-040666	0	173	126622813	N
0001999371-25-011568	0	10	132118943	
0001760444-25-000003	0	142	146327	N
0001214659-25-012410	0	330	621020499	
0001632253-25-000004	0	60	225326	N
0001085146-25-005341	0	102	291268401	N
0000905148-25-003029	3	1702	47987050483	
0001667731-25-001146	0	228	309280227	
0000927337-25-000022	1	4512	99348291567	N
0000950123-25-008518	1	0	0	N
0001764754-25-000013	0	840	1030545209	N
0001449434-25-000008	1	54	7549199483	N
0001764754-25-000012	0	3109	4093135164	N
0001161722-25-000009	0	1138	2355087298	N
0002022843-25-000007	0	85	178532386	N
0001085146-25-005340	4	457	13469395649	N
0002034214-25-000003	0	69	111713932	N
0000935836-25-000537	0	1	0	
0001214659-25-012381	0	12	8343943	
0001962449-25-000005	0	721	3299937075	
0000929638-25-003077	0	65	271672112	
0001571075-25-000004	0	55	191950	N
0000897070-25-000009	0	102	851136451	N
0001698093-25-000007	0	29	56711166	N
0000950123-25-008508	0	1	240635185	N
0002040405-25-000036	0	1	24132600	N
0001580642-25-005196	0	168	270790360	
0001824600-25-000004	0	3	196301824	N
0001818014-25-000003	0	506	138963	N
0001663224-25-000005	0	627	278235800	N
0002067357-25-000002	5	5726	105214513958	N
0001106832-25-000006	0	275	3327453127	N
0001398344-25-015983	1	504	368623729	
0001729254-25-000004	0	538	287466007	N
0002057019-25-000003	0	81	66933	N
0002081847-25-000001	0	280	120513825	N
0001864123-25-000006	0	146	294264614	N
0001992879-25-000004	0	149	430392541	N
0001683182-25-000004	0	70	521944	N
0001597694-25-000042	0	441	79281367	
0001536411-25-000011	0	69	4071254	
0002081584-25-000007	0	540	695416290	N
0001214659-25-012366	0	503	1124313465	
0002081584-25-000006	0	554	773986463	N
0001062993-25-014525	0	48	95997354	N
0001105909-25-000003	0	143	142453646	N
0002081584-25-000005	0	597	800376131	N
0001597694-25-000041	0	106	3092362174	N
0002081584-25-000004	0	515	715287751	N
0001420506-25-002212	0	63	134501159	N
0002081584-25-000003	0	541	711028912	N
0001079112-25-000006	0	272	2454598667	
0001767040-25-000003	0	105	185305883	N
0001905669-25-000004	0	113	135834190	N
0001994495-25-000006	0	115	312796009	N
0001085146-25-005318	0	108	373301088	N
0001085146-25-005317	0	105	401573096	N
0001105909-25-000002	0	169	183521267	N
0002012673-25-000003	0	76	128274640	N
0001420506-25-002211	4	14	1830775136	N
0000950123-25-008499	0	9	1264951493	N
0002081584-25-000002	0	596	741902508	N
0001848237-25-000004	1	341	697859	N
0001765690-25-000006	0	454	965769978	N
0001765690-25-000005	0	466	947785604	N
0001705711-25-000006	0	364	456380855	N
0002050972-25-000010	0	256	301569667	
0002056532-25-000006	1	258	4856222	N
0002081584-25-000001	0	485	619066730	N
0001599863-25-000007	0	299	2445968379	N
0001105863-25-000004	0	173	680792123	N
0001587973-25-000004	0	1722	27958173828	N
0001430681-25-000003	0	94	294045	N
0001848237-25-000003	1	330	665106	N
0001845536-25-000003	0	101	233173425	N
0002056577-25-000003	0	216	117847366	N
0000887748-25-000007	0	213	280215543	N
0001699575-25-000010	0	67	311923936	N
0002054664-25-000007	0	176	162809603	N
0001905367-25-000003	0	51	115118749	N
0001554427-25-000003	0	41	128265984	N
0001922879-25-000005	0	137	452493496	N
0001653199-25-000003	0	100	508891149	N
0001159363-25-000006	0	27	17652194	N
0001398344-25-015930	0	49	55557684	
0001653202-25-000003	0	57	225289954	N
0001614986-25-000006	0	61	779253856	N
0002060308-25-000003	0	772	153704134	N
0001599620-25-000004	0	115	672515569	N
0001663224-25-000004	0	638	297539323	N
0002005378-25-000003	0	48	198961352	N
0000749044-25-000003	0	421	736434	N
0001437749-25-027092	0	431	388184248	N
0001132897-25-000007	0	9	100701670	
0001641172-25-024301	0	41	494141450	
0001116247-25-000003	0	110	176909214	N
0002035548-25-000003	0	138	256176533	N
0001346543-25-000007	0	24	292050098	N
0002009539-25-000010	3	842	255146800	N
0001104659-25-079062	0	1	0	
0001172661-25-003626	1	4851	94971593385	
0001667731-25-001133	0	125	137311804	
0000225602-25-000013	0	2	1537205253	N
0002017870-25-000005	0	1029	178938324	N
0001850901-25-000007	0	17	621566017	N
0001532155-25-000165	3	1543	12131778668	N
0001085146-25-005307	0	64	162776597	N
0001405086-25-000228	0	94	222878604	N
0000950123-25-008472	0	8	9875687961	N
0001119376-25-000008	0	13	67804	N
0000895421-25-000499	24	44865	1535086861391	N
0000950123-25-008465	0	4	75451767	N
0001667731-25-001132	0	52	140125241	
0001102578-25-000024	0	292	22184345280	N
0002072075-25-000003	0	368	193325532	N
0001999371-25-011408	0	12	158379652	
0002031554-25-000005	0	11	550760139	N
0000950123-25-008462	0	5	65721031	N
0001420506-25-002200	0	7	366302431	N
0001611519-25-000005	0	32	349663822	N
0001858699-25-000003	0	12	54415819	N
0001594591-25-000004	0	5	127042026	N
0001851869-25-000006	0	265	2253059832	
0001104659-25-078810	0	2	250616773	
0002051323-25-000011	0	672	3941325894	N
0001760540-25-000001	0	238	1028634294	N
0001600035-25-000003	0	217	1316590119	N
0001062993-25-014469	0	114	456783276	N
0001754960-25-000615	0	257	763195373	N
0001848831-25-000008	0	54	137599277	N
0001830819-25-000009	0	2815	20519359900	N
0001642274-25-000005	0	14	161535	N
0002062492-25-000005	0	32	167069688	N
0001046192-25-000013	3	2537	63089654	N
0001420506-25-002198	0	277	353389314	N
0001842296-25-000003	0	394	2097695043	N
0001454502-25-000009	1	10	884602	N
0001405086-25-000226	0	6	372286355	N
0000950123-25-008452	7	107	83949850115	N
0001062993-25-014473	0	2506	44819019584	N
0001172661-25-003548	0	37	710643112	
0001802630-25-000008	0	95	1510110641	N
0001764756-25-000005	0	19	1891949063	N
0001085146-25-005303	0	17	2454620372	N
0001830819-25-000010	0	897	3191805520	N
0001085146-25-005305	0	14	145814510	N
0001839498-25-000004	0	39	233274010	N
0001437749-25-027043	0	169	163190055	N
0001214659-25-012294	0	90	124446277	
0002027344-25-000009	1	1	192821353	
0001104659-25-078844	0	193	445544673	
0001386935-25-000004	0	517	1512461092	N
0001694126-25-000005	1	736	2117198000	N
0001941040-25-000491	0	58	334265342	
0001067926-25-000008	0	42	1358543081	N
0001986042-25-000017	0	427	135825670	N
0001420506-25-002193	0	138	432272985	N
0001701717-25-000014	0	9	1786979135	N
0001632801-25-000005	0	162	1227462076	N
0001178913-25-002938	2	82	1818794610	
0001461945-25-000003	0	20	173274012	N
0001172661-25-003562	0	148	167956168	
0001932363-25-000002	0	421	696162899	N
0001609251-25-000006	0	15	188935	N
0001420506-25-002191	0	190	282368919	N
0001405086-25-000223	2	8	17875011	N
0000950123-25-008451	3	1	2240779050	N
0001693745-25-000004	0	14	580990646	N
0001533421-25-000013	3	7722	3708478572	N
0001423296-25-000008	0	155	1031647439	N
0001172661-25-003561	0	24	965436307	
0001214659-25-012296	0	61	336451931	
0001085146-25-005304	0	142	451945127	N
0001445893-25-000004	0	165	168614597146	
0001598350-25-000005	0	5	1769114762	N
0000950123-25-008453	0	21	962647547	N
0002011850-25-000006	0	117	208607037	N
0001906793-25-000004	0	109	415947631	N
0001859677-25-000008	0	107	334796218	N
0001765380-25-000377	0	67	117596080	N
0001420506-25-002196	0	40	1587757696	N
0001729847-25-000004	0	144	365246709	N
0001042063-25-000010	0	21	449158	N
0001667731-25-001131	1	21	256592893	
0001214659-25-012291	0	38	875508102	
0001536444-25-000004	0	103	254291367	N
0002051568-25-000006	0	348	148995338	N
0001569550-25-000003	0	143	114325974	
0001913545-25-000008	0	52	145117406	N
0001986042-25-000016	0	160	69070055	N
0001172661-25-003542	0	127	320594651	
0001564702-25-000025	0	676	1767981571	N
0002057602-25-000004	0	109	144195890	N
0001420506-25-002189	0	99	132877935	N
0001909089-25-000009	0	67	311923936	N
0001540866-25-000007	0	13	328737613	N
0001405086-25-000222	0	115	2177955980	N
0001908965-25-000004	0	213	149665385	N
0001172661-25-003539	4	621	2654827611	
0001172661-25-003538	0	57	122414887	
0001739439-25-000022	4	3211	45600039819	
0000950123-25-008439	1	205	4464456987	N
0001222993-25-000003	0	185	2004592661	N
0001104659-25-078772	0	63	2410892994	
0000850401-25-000019	8	634	12763638098	N
0001076809-25-000097	0	254	2795993	
0001091860-25-000008	0	446	192756807	N
0001908938-25-000004	0	624	1292472781	N
0001080171-25-000015	0	483	3679464915	N
0001653169-25-000006	0	250	483945194	N
0001765380-25-000376	0	319	1732278285	N
0001306923-25-000016	0	45	469996676	N
0000720005-25-000073	13	15750	290499498174	N
0001663224-25-000002	0	610	288987782	N
0001085146-25-005302	0	65	670568559	N
0001140361-25-031304	1	6	541287445	
0001273087-25-000029	1	481	20131289779	N
0001502149-25-000023	1	567	1065466831	N
0001013594-25-001045	2	30	17593419802	Y
0001909393-25-000005	0	10	142795204	N
0001013594-25-001044	0	15	2011116980	
0000950123-25-008437	7	100	75375252036	N
0001592178-25-000007	0	48	209838021	N
0000947871-25-000776	0	7	280766273	
0001085146-25-005301	0	154	491518424	N
0000947871-25-000775	0	251	6659687348	
0001104659-25-078758	0	1345	116925873833	
0001543170-25-000008	1	9	2710411628	N
0001656187-25-000009	0	43	3287446664	N
0001085146-25-005300	0	33	104904669	N
0001062993-25-014452	0	48	4575906177	N
0001104659-25-078755	4	1339	1560663512	
0001172661-25-003528	0	646	13243448366	
0001420506-25-002188	0	17	520168469	N
0001104659-25-078749	3	16	600910833	
0001273087-25-000028	2	5805	207076085220	N
0001214659-25-012284	0	16	907884300	
0001140361-25-031297	0	478	46839579984	
0001345471-25-000028	3	11	3791909471	N
0000950123-25-008436	0	46	1122593493	N
0002027344-25-000008	0	6	691405307	N
0001486946-25-000005	0	127	913413251	N
0001849457-25-000003	0	16	697807049	N
0002050972-25-000009	0	132	138710133	N
0000902664-25-003692	0	18	318096322	
0001398344-25-015751	0	305	303525906	
0001103882-25-000008	1	97	682300877	N
0001595888-25-000117	6	13538	505635208488	N
0001415889-25-021935	1	231	61501169028	N
0001140361-25-031296	0	10	17415776	Y
0001103804-25-000007	0	83	34589864590	N
0001798849-25-000010	0	44	13205325975	
0000905148-25-002968	0	10	4298213177	
0001929328-25-000004	0	39	106449	N
0001062993-25-014449	0	339	2798937997	N
0001854440-25-000011	0	14	3141637313	N
0002073679-25-000003	0	382	4710431394	
0001172661-25-003522	1	691	1498790011	
0001081019-25-000018	0	2958	90044118679	N
0000904454-25-000430	0	8	1069974552	
0000905148-25-002967	0	6	94230195	
0001104659-25-078732	0	28	71638466	
0001112520-25-000019	1	19	10210810464	
0001085146-25-005299	0	190	662277508	N
0001740140-25-000005	0	171	269656457	N
0001911286-25-000003	0	2	872922	N
0001420506-25-002187	0	8	355479048	N
0001907054-25-000005	0	177	243565555	N
0001172661-25-003521	0	277	2882326580	
0001415889-25-021914	0	31	1334436576	N
0001867731-25-000007	0	67	230198853	N
0001838556-25-000005	0	62	282417114	N
0001840735-25-000017	0	7	2663678010	N
0001420506-25-002186	0	97	289303732	N
0001568280-25-000004	1	106	2353764138	N
0002018973-25-000009	0	11	243617498	N
0000905148-25-002966	0	20	4768008084	
0000899140-25-000999	0	30	1782262809	
0001346554-25-000068	0	363	7414455217	
0001050442-25-000021	0	64	5229335628	N
0001774207-25-000004	0	90	198024478	N
0001415889-25-021911	0	1	677698110	N
0000947871-25-000769	4	58	12417757938	
0000902664-25-003688	0	43	675506871	
0000905148-25-002965	0	32	49996986	
0000950123-25-008431	0	44	577150843	N
0000950123-25-008430	0	5	43346216	N
0001415889-25-021908	0	29	488945395	N
0001768757-25-000010	0	48	3603662264	N
0001755535-25-000007	0	1	0	
0000902664-25-003686	0	19	3081999312	
0001012975-25-000452	8	7	2053758064	N
0001415889-25-021904	0	5	169662162	N
0001172661-25-003520	0	19	171888746	
0000947871-25-000768	0	4	29166698	
0000905148-25-002963	0	1	0	Y
0001172661-25-003519	0	50	206265409	
0001546172-25-000007	0	42	269552299	N
0000905148-25-002962	0	4	703011333	
0001214659-25-012283	0	308	2100125302	
0001415889-25-021900	0	6	23615986	N
0001140361-25-031284	2	3	115017868	
0001140361-25-031280	2	2	57482232	
0001140361-25-031278	2	3	55343521	
0001880562-25-000008	0	102	38972870	N
0000905148-25-002959	0	43	3569545720	
0000950123-25-008429	1	1	49865	N
0001415889-25-021897	0	4	44996034	N
0001904677-25-000006	0	81	117512981	N
0001999371-25-011375	0	38	771311137	
0001214659-25-012281	0	23	370927357	
0001974312-25-000010	0	60	547327947	Y
0001172661-25-003517	0	2	35958258	
0001172661-25-003516	0	6	381657054	
0001851813-25-000005	0	6	902807536	N
0002043585-25-000010	0	9	2689202442	N
0001104659-25-078700	0	158	2552295036	
0001172661-25-003514	1	103	4004110774	
0001415889-25-021889	0	29	1416573929	N
0001831942-25-000008	0	33	1416719296	N
0002037231-25-000010	0	39	226810982	N
0000950123-25-008426	0	5	73186158	N
0001999371-25-011373	1	119	1006681	
0001911348-25-000005	0	12	106739454	N
0000919574-25-004911	1	12	1226998597	
0000950123-25-008425	0	2	26756753	N
0001085146-25-005298	1	61	751333526	N
0001420506-25-002184	0	23	96385307	N
0000905148-25-002957	1	26	968217530	
0001750183-25-000014	0	2	1119572	N
0001985479-25-000008	0	28	451936647	
0001104659-25-078691	0	64	5935681007	
0000921895-25-002304	0	10	47143514	
0001892688-25-000160	0	11	299576505	N
0001415889-25-021886	0	7	184154231	N
0000902664-25-003683	0	14	365928771	
0001172661-25-003513	0	56	2260433679	
0001420506-25-002183	0	55	2923924032	N
0002073679-25-000002	0	19	631393046	N
0002037077-25-000008	0	14	233087497	N
0001172661-25-003512	0	1	607500000	
0000950123-25-008422	0	13	461375729	N
0000902664-25-003682	0	19	1392389581	
0000905148-25-002955	0	6	1076821880	
0000921895-25-002303	3	19	865087374	
0001731530-25-000006	0	35	280629354	N
0000950123-25-008420	0	43	412109822	N
0001172661-25-003509	0	11	13729120533	
0000905148-25-002954	0	46	628086379	
0001904432-25-000004	0	117	166097858	N
0001104659-25-078671	0	85	2351643000	
0000950123-25-008419	1	24	120180084	N
0000919574-25-004906	2	54	1862152168	
0001415889-25-021882	0	16	528393402	N
0000919574-25-004905	1	8	1072215258	
0001398344-25-015691	0	240	358512724	
0000905148-25-002952	0	3	26000032	
0001095449-25-000063	0	931	876057804	N
0001011438-25-000452	0	10	135387251	
0000902664-25-003680	0	275	442276668	
0001104659-25-078662	0	66	6619896192	
0000905148-25-002950	1	721	2322918466	
0001911132-25-000005	0	1	368830800	N
0001711200-25-000003	0	102	359927521	N
0001786767-25-000005	0	9	2219182792	N
0001363829-25-000154	1	13	271825139	N
0001140361-25-031254	0	147	369646910	
0001140361-25-031255	0	96	15414652915	
0001104659-25-078660	4	34	1955780098	
0001214659-25-012278	0	44	1322209861	
0000905148-25-002949	0	1	1961236	
0000950123-25-008414	8	11	1257871720	N
0000905148-25-002948	2	13	1632848160	
0001012975-25-000450	4	38	3972725286	N
0001172661-25-003507	0	13	567276782	
0001578242-25-000003	0	220	4622798181	N
0001415889-25-021878	0	6	238792410	N
0000905148-25-002945	2	228	3558024720	
0001904388-25-000006	0	109	384696184	N
0002034793-25-000005	0	231	209166525	N
0001799456-25-000007	0	20	570281531	N
0001829805-25-000009	0	1	0	Y
0001415889-25-021875	0	2	43975362	N
0001172661-25-003503	0	17	600646333	
0000919574-25-004903	0	33	1098157889	
0001999371-25-011364	0	9	1876001628	
0000905148-25-002941	4	1894	17272780401	
0000905148-25-002940	0	20	574475992	
0001420506-25-002181	0	133	520629177	N
0001892688-25-000159	0	5	2383371981	N
0000859804-25-000006	1	19	515189619	Y
0001172661-25-003500	0	1	335616371	
0001085146-25-005297	0	72	4734560970	N
0000899140-25-000995	0	227	1906688792	
0001415889-25-021871	0	4	241972022	N
0001207017-25-000063	1	3684	72667774	N
0001085146-25-005296	2	390	4359212964	N
0001062993-25-014442	0	322	4256537362	N
0001965005-25-000006	0	13	512951457	N
0001172661-25-003497	0	73	5232224634	
0002032489-25-000007	0	1	132791006	Y
0000950123-25-008406	0	1	813252863	N
0000905148-25-002938	1	24	539696279	
0001172661-25-003496	3	8	2936952686	
0001904323-25-000004	0	86	150361959	N
0001768757-25-000009	0	22	677620918	N
0000905148-25-002937	0	19	286775253	
0001415889-25-021865	0	12	137636788	N
0001085146-25-005295	9	13746	120883773328	N
0001754960-25-000611	0	93	149218470	N
0001375836-25-000008	2	28	739894070	N
0001892688-25-000158	0	53	2397034823	N
0001104659-25-078647	0	25	47780360264	
0001912699-25-000009	0	2	720038	N
0000950123-25-008404	0	16	1424806188	N
0001846677-25-000004	0	14	891972912	N
0000905148-25-002936	0	2	22048827	
0001172661-25-003495	0	5	1437144602	
0000905148-25-002935	0	111	2624703390	
0000899140-25-000992	1	258	12944539123	
0001749333-25-000005	0	32	224326880	N
0001172661-25-003494	0	19	177384968	
0000919574-25-004902	0	29	10251250527	
0001415889-25-021860	1	8	69162498	N
0001085146-25-005294	0	0	0	N
0002047271-25-000004	0	702	123032294	N
0001535264-25-000052	0	94	891745340	N
0001172661-25-003493	0	32	1394747868	
0000104889-25-000066	0	5	889515	N
0001398344-25-015679	0	230	668446012	
0000905148-25-002934	0	13	171580404	
0000899140-25-000991	0	3	846596890	
0001944889-25-000005	0	17	1281766211	N
0000902664-25-003678	0	104	1502179500	
0001418812-25-000025	1	18	5599318806	N
0001085146-25-005293	0	0	0	N
0000950123-25-008403	0	6	187360221	N
0000902664-25-003677	1	2889	21752070948	
0000929638-25-003060	0	155	311988651	
0000902664-25-003674	0	4	221272022	
0000902664-25-003673	1	435	1543450791	
0001012975-25-000449	0	4	15909077	N
0000950123-25-008401	0	0	0	Y
0000899140-25-000990	0	4	65608860	
0001596053-25-000007	0	60	531120003	N
0001213900-25-076693	0	1	3903	
0000902664-25-003672	1	153	2592644014	
0001172661-25-003488	1	20	139395331	
0001085146-25-005292	0	0	0	N
0000921895-25-002301	0	12	205339437	
0000905148-25-002933	0	6	763411416	
0001013594-25-001037	0	1	0	
0001481669-25-000007	0	41	13221538661	N
0000899140-25-000989	0	2	136128568	
0000902664-25-003671	0	6	813670152	
0001172661-25-003486	1	15	6289332977	
0001892688-25-000157	0	7	244094595	N
0000905148-25-002932	0	6	258699234	
0000902664-25-003670	0	2123	50941421373	
0001085146-25-005291	0	0	0	N
0000902664-25-003669	0	1132	12890397706	
0001645721-25-000018	0	26	432311250	N
0001960657-25-000005	0	53	268071202	N
0000899140-25-000988	0	7	426539216	
0001415889-25-021852	0	6	176535354	N
0000902664-25-003667	1	1494	2642729907	
0001172661-25-003485	0	739	40979284219	
0001085146-25-005290	0	0	0	N
0000950123-25-008397	0	1	659929654	N
0000902664-25-003666	1	29	202910966	
0001172661-25-003484	0	60	456384884	
0001879202-25-000038	2	15	578337040	
0001172661-25-003483	0	120	1233700295	
0001104659-25-078633	0	3	154870779	Y
0000899140-25-000987	0	3	214780417	
0000905148-25-002931	0	57	410083125	
0000902664-25-003663	1	853	563077370	
0001446114-25-000037	3	2583	4821308342	
0000935836-25-000534	0	18	295830289	
0001085146-25-005289	0	0	0	N
0000902664-25-003662	2	5	1838495000	
0001172661-25-003481	0	42	7208635970	
0001405086-25-000221	0	140	607536944	N
0001104659-25-078629	0	7	172139310	
0001415889-25-021846	0	21	1756013605	N
0000902664-25-003661	0	1	0	
0001085146-25-005288	0	1	780864	N
0001085146-25-005287	5	3627	52494564572	N
0000905148-25-002930	0	20	162512403	
0001012975-25-000448	3	36	1868950558	N
0001104659-25-078621	0	4	2304524200	
0000902664-25-003659	0	2	902079993	Y
0001172661-25-003480	0	30	7506000087	
0001013594-25-001036	0	18	340815770	
0001085146-25-005285	0	1	67096	N
0000902664-25-003658	0	6	38324263	
0000899140-25-000986	0	7	154389546	
0001104186-25-000008	0	80	2567076043	N
0001892688-25-000156	0	14	30570056	N
0000902664-25-003655	0	4	181582822	
0001085146-25-005284	0	0	0	N
0001104659-25-078608	0	48	939575089	
0001140361-25-031240	1	2	703745015	
0001104659-25-078607	1	5	1177869166	
0001085146-25-005283	0	4	1372937	N
0001641172-25-024037	0	13	5226676486	
0001641172-25-024034	0	24	176513039	
0001172661-25-003478	2	26	153801796	
0001398344-25-015668	0	357	1808483328	
0001398344-25-015669	0	6	309881316	
0001539497-25-002145	10	19	7886564146	Y
0000905148-25-002929	0	6	114756634	
0001214659-25-012272	1	200	1978390841	
0000950123-25-008390	9	177	23420753942	N
0000950123-25-008384	2	2	769984810	N
0000950123-25-008386	2	17	1393140224	N
0000950123-25-008382	0	67	56588586	N
0000950123-25-008366	0	33	61026042631	N
0001415889-25-021839	0	6	569222756	N
0000935836-25-000533	0	7	108626044	
0001085146-25-005282	0	1	0	N
0001172661-25-003477	1	2	971594935	
0001013594-25-001035	0	94	1353925545	
0001172661-25-003476	0	18	4144905733	
0001085146-25-005281	0	0	0	N
0001951757-25-001096	0	51	131594997	N
0001420506-25-002178	0	25	948489197	N
0000919574-25-004900	0	46	1761241488	
0001085146-25-005279	2	1	16486360	N
0001636587-25-000044	0	9	166665919	N
0001085146-25-005278	0	1	0	N
0001771179-25-000009	0	7	200981509	N
0001879202-25-000037	1	21	576901955	
0001172661-25-003472	0	22	24382463	
0001892688-25-000155	0	32	245004848	N
0001415889-25-021833	0	10	312909254	N
0000902664-25-003648	1	202	7966042757	
0001012975-25-000447	1	4	308613940	N
0001085146-25-005277	0	51	7620034147	N
0001420506-25-002177	0	509	632985373	N
0001085146-25-005275	0	40	2040608089	N
0001085146-25-005276	0	1	0	N
0001062993-25-014438	0	150	545834673	N
0001420506-25-002176	0	128	942980010	N
0001045810-25-000199	0	6	4333080800	N
0001633901-25-000007	0	497	46961361	N
0001172661-25-003471	0	14	3502115200	
0001665590-25-000011	0	28	473445957	N
0001072613-25-000614	0	199	3101242357	
0001085146-25-005274	0	1	66255	N
0000921895-25-002293	2	5	433481991	
0001654954-25-009644	0	25	1065228750	N
0001667731-25-001130	0	86	202006055	
0001905106-25-000044	0	0	0	
0001420506-25-002174	0	606	890614600	N
0001085146-25-005273	0	36	140934562	N
0002018299-25-000005	0	20	198660671	N
0001013594-25-001034	0	16	698198796	
0000709447-25-000023	0	133	137392227	N
0001729242-25-000007	0	3	94124448	N
0001085146-25-005272	0	75	2980553752	N
0001415889-25-021829	0	2	41618415	N
0001213900-25-076669	1	28	3671828	
0000950123-25-008362	2	415	7073558153	N
0001754960-25-000610	0	27	120167580	N
0001085146-25-005271	0	0	0	N
0001085146-25-005270	0	1976	14718272622	N
0001493152-25-011980	0	39	103239266	
0001493152-25-011979	0	20	131774019	
0001172661-25-003469	0	13	176237618	
0001085146-25-005269	0	0	0	N
0001085146-25-005268	0	15	309643841	N
0001892688-25-000154	0	20	165446053	N
0001398344-25-015664	0	15	150675530	
0001641172-25-024027	0	17	44140415	
0000929638-25-003043	2	59	1239572256	
0000950123-25-008361	2	4	1106550356	N
0000950123-25-008360	3	575	22341506910	N
0001085146-25-005267	2	333	2584148330	N
0001879202-25-000036	0	27	1358138717	
0001172661-25-003468	1	34	5799039813	
0000935836-25-000532	0	26	489534505	
0001772937-25-000009	3	84	585117	N
0001839435-25-000007	0	30	455625029	N
0001085146-25-005266	0	1	0	N
0001172661-25-003466	3	65	2739302382	
0001172661-25-003465	1	55	3058217996	
0001352467-25-000008	0	236	1606433452	N
0001879202-25-000035	0	37	132215695	
0001172661-25-003464	0	35	4362533777	
0001172661-25-003463	1	118	1095189978	
0001085146-25-005265	0	6	13034869	N
0000921895-25-002289	5	25	5769079897	
0001085146-25-005264	0	145	580221693	N
0000895345-25-000264	0	71	125667173	
0000935836-25-000531	0	15	2285085391	
0001085146-25-005263	0	19	407542513	N
0001140361-25-031224	2	1	0	
0001892688-25-000153	0	30	422532323	N
0001172661-25-003461	1	542	28384872542	
0001012975-25-000446	0	85	2697358275	N
0001051359-25-000009	0	57	3070813056	
0001104659-25-078589	0	95	304117628	
0000902664-25-003631	0	19	3203364868	
0001420506-25-002170	0	14	548081711	N
0001781882-25-000005	0	33	299574430	N
0000921895-25-002287	0	8	1943528960	
0001410833-25-000006	0	31	864798793	N
0000902664-25-003627	0	24	14051394007	
0001541617-25-000009	0	18	6930626980	N
0001951757-25-001095	0	100	200044021	N
0001085146-25-005261	0	30	1356177438	N
0001449434-25-000006	1	54	7748265302	N
0001104659-25-078587	0	2	239426602	
0001011438-25-000450	0	9	901558180	
0001552781-25-000257	0	5	4690855894	Y
0001213900-25-076648	0	1	182957891	
0001641172-25-024013	0	18	326467893	
0001213900-25-076647	0	1	103136955	
0001641172-25-024012	0	34	67812685	
0001641172-25-024011	0	6	3385123922	
0001641172-25-024000	0	18	482347954	
0001641172-25-024002	0	34	659991624	
0001104659-25-078580	0	259	5947709441	
0001641172-25-023994	0	11	407408900	
0001641172-25-023992	0	9	24359040	
0001641172-25-023987	0	11	195983030	
0001140361-25-031215	0	2	713158272	
0001641172-25-023977	0	41	498920600	
0001641172-25-023981	0	1	0	Y
0001641172-25-023978	0	1	5547306	
0001641172-25-023976	0	1	451594	Y
0001172661-25-003460	0	8	3367483169	
0001641172-25-023975	0	68	733347671	
0001214659-25-012256	0	163	1036193472	
0001398344-25-015658	0	1655	16713526875	
0001214659-25-012260	0	21	828480	
0001214659-25-012255	3	118	3766390852	
0001172661-25-003459	0	31	3438647063	
0001398344-25-015655	2	94	1983640458	
0001398344-25-015654	0	171	395516850	
0000950123-25-008347	0	1	2797	N
0001104659-25-078576	0	5	625102456	
0000950123-25-008345	7	23	1940767392	N
0000950123-25-008343	14	114	257521776925	N
0000950123-25-008342	0	53	6558891129	N
0000950123-25-008346	0	612	1518860113	N
0000950123-25-008344	0	20	179712427	N
0000919574-25-004894	2	2	330299500	
0001104659-25-078575	0	537	8362579632	
0001085146-25-005260	0	30	1133231744	N
0001104659-25-078574	0	2	61233	
0000929638-25-003039	0	144	349404434	
0001104659-25-078573	0	89	10307840459	
0001626494-25-000009	0	109	137081236	N
0001340807-25-000005	0	22	1030080482	N
0000919574-25-004893	0	14	2801062770	
0001951757-25-001094	1	78	118063547	N
0001879202-25-000034	0	31	80241332	
0001085146-25-005259	0	16	509293008	N
0001909089-25-000008	0	4	1441860686	N
0001012975-25-000445	0	11	305720149	N
0001104659-25-078571	0	31	60016588	
0000902664-25-003621	1	36	3104509729	
0001600136-25-000008	0	109	2676324401	N
0001461790-25-000044	0	296	725229989	N
0001892688-25-000152	0	0	0	N
0001085146-25-005258	0	20	104226232	N
0001172661-25-003457	0	55	30339827211	
0001172661-25-003456	0	19	4892094244	
0001437749-25-026924	0	39	115231120	N
0001697868-25-000005	0	9	4527265516	N
0001214659-25-012246	0	32	353967282	
0001974915-25-000006	0	72	1899346535	N
0001879202-25-000033	0	50	166022270	
0000902664-25-003618	0	18	1458274640	
0000902664-25-003617	1	18	3234992814	
0001910205-25-000005	0	61	150210675	N
0001214659-25-012245	0	42	1019740654	
0000902664-25-003616	0	14	122198625	
0001085146-25-005257	0	22	793481612	N
0001420506-25-002167	0	1	108995302	N
0002052595-25-000057	8	3011	60289785094	
0001214659-25-012244	0	201	450227119	
0001420506-25-002166	0	6	795257122	N
0001011438-25-000449	0	30	2362227790	
0001104659-25-078555	1	15124	575955918666	
0001951757-25-001093	0	1116	5826470032	N
0001104659-25-078553	0	1	10341005	
0000921895-25-002281	1	44	2799144005	
0001837496-25-000010	0	177	214611240	N
0001085146-25-005256	0	33	375185076	N
0001133521-25-000012	0	36	1985534804	
0001768757-25-000008	0	19	220515083	N
0001104659-25-078548	2	0	0	Y
0001104659-25-078547	0	9	1425134488	
0000902664-25-003614	0	1	272536310	
0001085146-25-005255	0	4	773420782	N
0001085146-25-005254	0	164	4597114538	N
0001214659-25-012243	0	15	793829449	
0001085146-25-005252	0	10	339700439	N
0001085146-25-005253	0	0	0	N
0001104659-25-078546	0	4	511531027	
0001085146-25-005251	0	42	583473032	N
0001085146-25-005250	0	123	642727719	N
0000929638-25-003036	0	52	418641388	
0001085146-25-005248	0	235	588337932	N
0000902664-25-003613	0	3177	45918919493	
0001315863-25-000630	0	3	212013361	N
0001085146-25-005247	0	16	723038566	N
0001085146-25-005244	0	27	694308544	N
0001085146-25-005245	0	57	1174613562	N
0001172661-25-003454	0	308	396527145	
0001085146-25-005242	0	47	8308123619	N
0001085146-25-005243	0	381	5542177162	N
0001085146-25-005240	1	36	1008901997	N
0001085146-25-005241	0	29	260119590	N
0001085146-25-005238	0	6	102143409	N
0001085146-25-005239	0	1020	25505830201	N
0001420506-25-002165	0	0	0	N
0001104659-25-078542	5	5528	141059276007	
0001420506-25-002164	0	106	2803736318	N
0001140361-25-031206	1	25	904930510	
0001140361-25-031205	0	3	936984340	
0001104659-25-078541	0	38	140651692	
0001592643-25-000006	0	152	23862889621	N
0001879202-25-000032	0	34	185997070	
0001213900-25-076593	0	36	3144806433	
0001104659-25-078539	0	2	685415708	
0001478982-25-000004	0	6	55288	N
0001420506-25-002162	0	63	3472105995	N
0001950972-25-000007	0	1	64008613	Y
0001948899-25-000005	0	24	1918874120	
0001104659-25-078537	0	19	384165646	
0001213900-25-076586	1	124	5509809264	
0000902664-25-003611	0	6	314346539	
0001214659-25-012228	0	181	339524892	
0001214659-25-012225	0	23	302859763	
0001214659-25-012226	3	58	850794332	
0001214659-25-012219	0	12	243215677	
0001214659-25-012231	0	503	230286937	
0001214659-25-012238	0	18	92087748	
0001214659-25-012222	0	503	1058218795	
0001214659-25-012216	0	22	146781757	
0001214659-25-012214	0	14	94518380	
0001214659-25-012223	0	50	301283703	
0001214659-25-012211	0	43	317540344	
0001214659-25-012241	0	12	7298585840	
0001214659-25-012234	0	24	229412688	
0001214659-25-012235	0	20	159609072	
0001214659-25-012224	0	438	694101452	
0001214659-25-012202	2	1	707000052	
0001214659-25-012236	0	306	134112755	
0001214659-25-012230	0	572	409176665	
0001214659-25-012221	0	78	212534876	
0001214659-25-012209	0	34	4296241761	
0001214659-25-012210	0	11	233185246	
0001214659-25-012207	0	7	1404359179	
0001214659-25-012217	0	3	135008295	
0000950123-25-008331	0	22	3082476479	N
0001214659-25-012215	0	41	116759476	
0001214659-25-012218	0	148	1761768140	
0000950123-25-008333	0	1	0	N
0001214659-25-012208	0	97	222709287	
0001214659-25-012237	0	601	4414093891	
0001214659-25-012239	0	1132	27139356502	
0001214659-25-012232	0	39	326714467	
0001214659-25-012229	0	18	1549633186	
0001214659-25-012233	0	91	1107462887	
0001214659-25-012205	0	11	253342070	
0001214659-25-012206	0	11	157724710	
0001214659-25-012220	0	17	152460175	
0001214659-25-012240	0	24	33760195	
0000950123-25-008327	9	21	14148303692	N
0000950123-25-008320	0	2	405394951	N
0001656456-25-000006	0	38	6448959614	
0000950123-25-008312	12	23	799265446	N
0000950123-25-008306	0	21	5200271303	N
0000950123-25-008304	3	8	268465915	N
0001965522-25-000006	0	83	121724886	N
0000312069-25-000565	6	12350	436375096	N
0001172661-25-003451	0	1527	44357705777	
0001879202-25-000031	0	10	403111264	
0001398344-25-015650	0	353	1161052002	
0000919574-25-004891	1	63	132580657	
0001802838-25-000004	0	10	181171556	N
0000900440-25-000278	1	37	137544208	N
0001536520-25-000005	0	21	501071138	N
0001214659-25-012199	0	58	89279849	
0000950123-25-008300	10	20124	494008612809	N
0001326389-25-000277	0	602	6401183234	N
0000929638-25-003031	3	546	5645155144	
0001770525-25-000008	0	22	148536493	N
0001172661-25-003450	0	301	5553013461	
0001104659-25-078527	0	8	151206661	
0000070858-25-000319	8	28404	1366693775141	N
0001420506-25-002160	0	393	4951584840	N
0002028828-25-000013	0	33	322361425	N
0000315080-25-000005	1	286	1894970527	N
0001631775-25-000003	0	130	162327913	N
0001874761-25-000010	0	10	99380968	N
0001985479-25-000006	0	10	3062557904	N
0001062993-25-014428	0	324	562438299	N
0001398344-25-015642	0	1422	15215522201	
0001119032-25-000011	0	79	426911261	Y
0001085146-25-005237	0	82	268589825	N
0001104659-25-078521	0	17	771902136	
0001580642-25-005137	0	1955	11669549272	
0001085146-25-005236	0	2028	46160927717	N
0000899140-25-000971	15	28	2391542312	Y
0001970572-25-000007	0	98	1083458410	N
0001085146-25-005235	0	953	2144550457	N
0001085146-25-005234	0	48	97853530	N
0001622627-25-000028	0	37	210889882	N
0001667731-25-001127	0	72	581656063	
0001771179-25-000008	1	156	715182303	N
0002032856-25-000002	0	85	141045047	N
0001062993-25-014426	0	173	218543868	N
0002056354-25-000003	0	12	144655143	N
0001776588-25-000006	0	125	810986899	N
0001667731-25-001126	0	37	134193223	
0001581655-25-000005	0	162	443627138	N
0001398344-25-015637	0	1012	464862884	
0001667731-25-001125	0	7	166361565	
0001682475-25-000006	0	27	612192611	N
0001013594-25-001032	0	19	14728584	
0000919574-25-004886	0	12	130360012	
0001667731-25-001124	0	94	369691019	
0002056069-25-000004	0	12	128116555	N
0001583977-25-000007	1	42	1342486545	N
0001904897-25-000012	0	10	1404834005	
0001172661-25-003443	0	155	267427859	
0001496201-25-000013	0	66	199070397	
0001818557-25-000003	0	75	214798287	N
0000315066-25-002231	11	13187	1773288838994	N
0002041436-25-000004	0	943	118148905	N
0001730478-25-000006	0	51	965019851	N
0001496201-25-000010	2	111	426139939	
0002056729-25-000004	0	116	250080816	N
0000897069-25-001344	0	328	193702007	
0000947871-25-000766	0	54	2451926277	
0001542165-25-000003	0	54	314962364	N
0002029433-25-000008	0	42	381634248	N
0001172661-25-003442	0	21	1914139945	
0000919574-25-004883	0	16	334295352	
0001222765-25-000018	0	76	701987071	
0001725547-25-003671	1	449	1213715596	N
0001999371-25-011352	0	6	126516791	
0001172661-25-003441	0	1	188440000	
0001172661-25-003440	0	45	126123922	
0001172661-25-003439	0	128	213417454	
0001278573-25-000009	0	287	3410450534	
0001962685-25-000003	0	113	109515294	N
0000853758-25-000006	0	2249	49098320208	N
0001902501-25-000004	0	2762	2484270698	N
0002011052-25-000005	0	38	265003926	N
0001172661-25-003438	0	170	1253179650	
0002078069-25-000007	0	93	253251785	N
0001214822-25-000006	0	76	5597753763	N
0001970572-25-000006	0	30	230170324	N
0001853322-25-000007	0	1146	2508718611	N
0001602237-25-000007	0	178	512366278	N
0001906640-25-000002	0	108	143414397	N
0001987932-25-000005	0	113	299936875	N
0001455468-25-000003	2	125	243325361	N
0001332811-25-000007	0	152	453400770	N
0002078069-25-000006	0	88	248003345	N
0001723643-25-000012	0	314	873447735	N
0001140361-25-031184	3	56	1410978702	
0002010327-25-000003	0	61	165062568	N
0001909089-25-000007	0	14	146495212	N
0002078069-25-000005	0	91	247415381	N
0001631507-25-000004	0	135	265265508	N
0001964460-25-000003	0	49	213855207	N
0001607512-25-000009	0	9	361962009	N
0000315066-25-002230	9	1601	117096065261	N
0001927537-25-000006	0	302	916099242	N
0001800135-25-000008	0	76	347358453	N
0001475597-25-000025	0	2511	22714758000	N
0001062993-25-014421	0	471	1823121879	N
0001445065-25-000007	2	1697	7854199457	N
0001420506-25-002158	0	630	176530697	N
0001104659-25-078490	3	175	4537171430	
0001966193-25-000005	0	323	364579	N
0001172661-25-003437	0	722	6431745252	
0002078069-25-000004	0	91	254605782	N
0002056653-25-000002	0	105	158146813	N
0000905148-25-002923	1	1	286682327	
0001104659-25-078481	0	63	1635018721	
0002078069-25-000003	0	88	225950593	N
0001999371-25-011347	0	32	818639242	
0001970572-25-000005	0	15	188005449	N
0002056243-25-000003	0	74	144585965	N
0001531612-25-000013	0	97	68155822	
0002023551-25-000007	0	71	376679887	N
0001682475-25-000005	0	23	85742417	N
0001039565-25-000005	0	51	497945476	N
0001769089-25-000003	0	133	720723	N
0001172661-25-003436	0	9	709923338	
0001381296-25-000003	0	205	1563297370	N
0001062993-25-014418	12	32	24939044477	N
0000921531-25-000007	0	418	1207920609	N
0002017172-25-000010	0	2	124752211	N
0001927537-25-000005	0	33	925390944	N
0002078069-25-000002	0	95	236443941	N
0002011176-25-000005	0	204	133832905	N
0000921895-25-002277	2	10	197381600	
0002010145-25-000003	0	35	98546306	N
0001085146-25-005229	0	28	269556309	N
0001315863-25-000629	0	210	5795597272	N
0001041062-25-000171	7	9	433531209	N
0001987932-25-000004	0	180	166348228	N
0001643569-25-000006	0	12	129832874	N
0001667731-25-001123	0	84	89030993	
0001050743-25-000008	0	1181	7067341	
0001826790-25-000004	0	82	393911970	N
0000936936-25-000005	0	66	147235	N
0002078069-25-000001	0	92	215129818	N
0000905148-25-002922	0	1	9561903	
0001528621-25-000842	0	562	839317238	
0001849753-25-000007	0	11	2786290350	N
0001904574-25-000008	0	3	182407948	N
0001941040-25-000489	0	133	132093508	
0000905148-25-002920	0	3	32878900	
0000872162-25-000009	0	49	1734196490	N
0001602716-25-000004	0	93	2644648285	
0000905148-25-002917	2	601	6719888283	
0001420506-25-002156	0	72	733949320	N
0001040410-25-000002	0	28	398670799	N
0002009724-25-000004	0	162	315655908	N
0000905148-25-002916	0	2	24506983	Y
0002056693-25-000003	0	532	158053521	N
0002022297-25-000009	8	5065	22785007624	N
0001801265-25-000005	0	26	1497801736	N
0001667731-25-001122	0	106	213689093	
0001759654-25-000007	1	2578	23155298089	N
0001934951-25-000002	0	53	135428924	N
0000905148-25-002909	6	4185	51669998433	
0001085146-25-005227	0	535	1618019156	N
0000905148-25-002908	8	2182	100059144674	
0001085146-25-005226	0	825	2613863723	N
0001420506-25-002155	0	36	147261717	N
0001949877-25-000008	0	10	108121519	N
0001346543-25-000006	0	24	292050098	
0001582681-25-000006	0	12	1685524542	N
0001420506-25-002153	0	269	268281321	N
0001172661-25-003431	0	132	209054590	
0001993607-25-000003	0	58	288130943	N
0001033427-25-000012	0	42	288726772	N
0001894203-25-000004	0	60	213029970	N
0001965613-25-000007	0	17	313663839	N
0002011328-25-000005	0	65	151459760	N
0001934951-25-000001	0	52	163643952	N
0001085146-25-005224	0	48	152884735	N
0001580642-25-005128	3	5449	69278468518	
0000769993-25-000537	7	13021	736089166444	N
0001639668-25-000003	0	2	71608988	N
0001172661-25-003430	0	26	9652964627	
0002056764-25-000003	0	291	99497743	N
0001633674-25-000003	0	539	178151479	N
0001085146-25-005222	1	11	872788605	N
0001085146-25-005221	1	9	914636369	N
0001597823-25-000009	0	96	1115733	N
0001085146-25-005220	1	7	767292096	N
0001085146-25-005219	1	8	723552355	N
0001085146-25-005218	1	9	533025412	N
0001085146-25-005217	1	6	290115700	N
0001085146-25-005216	1	1	13837500	N
0001085146-25-005215	2	1	0	N
0001213900-25-076460	0	185	2298544510	
0001085146-25-005214	2	1	0	N
0001085146-25-005213	2	1	0	N
0001085146-25-005212	2	1	13364	N
0001085146-25-005211	2	1	19670	N
0000728083-25-000010	0	698	35416993376	N
0001085146-25-005210	1	59	1092250948	Y
0001596468-25-000008	0	82	396363703	N
0001085146-25-005209	0	0	0	N
0002011025-25-000007	0	14	574316976	N
0001754960-25-000608	0	76	65546701	N
0001104659-25-078456	0	1	42499374	
0001104659-25-078455	0	118	820048564	
0002058426-25-000004	0	308	169819070	N
0000712537-25-000109	1	356	463094848	N
0001037792-25-000011	1	187	2051546784	N
0001214659-25-012180	0	248	269650982	
0001706164-25-000004	0	142	367087322	N
0001420506-25-002147	0	25	92264779	N
0001085146-25-005206	0	3	285658	Y
0000950123-25-008264	1	3	51899051	N
0001420506-25-002146	1	65	542288634	N
0001943395-25-000006	0	38	101731728	N
0001986042-25-000015	0	480	230249917	N
0001420506-25-002145	0	0	0	N
0001085146-25-005203	0	10	5314056	N
0001033475-25-000007	0	74	972934905	N
0001085146-25-005202	0	16	94270866	Y
0001085146-25-005201	0	0	0	N
0001085146-25-005200	2	80	170931869	N
0001085146-25-005199	0	0	0	N
0001056527-25-000025	0	1554	15942203052	N
0001866872-25-000008	0	27	1328566000	N
0002011851-25-000003	0	96	127443749	N
0000934999-25-000005	0	251	7880348320	N
0001172661-25-003429	0	185	575638644	
0001855655-25-000010	0	28	2342122068	N
0001826434-25-000006	0	23	329512923	N
0000919574-25-004873	0	108	209758856	
0000950123-25-008255	2	8	236149807	N
0000950123-25-008253	5	3	1859793990	N
0001332632-25-000011	0	219	4503800980	N
0001172661-25-003428	1	20	8983187	
0001085146-25-005198	0	111	415344745	N
0001783139-25-000006	0	52	557803404	N
0001085146-25-005197	2	248	913137907	N
0001172661-25-003427	4	562	1417622994	
0001986042-25-000014	0	49	202226741	N
0001803916-25-000011	0	1209	4946390374	N
0000929638-25-003024	0	49	3928023838	
0001172661-25-003426	0	170	1497229646	
0001426196-25-000002	1	1556	40394947104	N
0001855205-25-000058	0	11	3119609039	N
0002010015-25-000006	0	329	161365002	N
0000919574-25-004870	0	50	34081542845	
0001795594-25-000009	2	2	1060159000	N
0001172661-25-003425	0	59	186842408	
0001062993-25-014406	0	1805	1132790865	N
0000929638-25-003022	0	74	476294754	
0001172661-25-003424	10	3910	8906991386	
0001999371-25-011341	0	139	550661222	
0001017918-25-000041	2	306	36887667358	
0001104659-25-078447	0	480	1019817138	
0001765380-25-000375	0	725	1515957364	N
0000921895-25-002274	2	7	357617911	
0001398344-25-015547	0	259	1682938773	
0001764403-25-000003	0	14	377881930	N
0001172661-25-003421	0	27	278278815	
0001595082-25-000077	0	4	321970056	N
0001595082-25-000076	0	1	34921392	N
0001214659-25-012175	0	40	2256191226	
0001595082-25-000075	0	5	804777992	N
0001172661-25-003419	0	1201	3386060989	
0000905148-25-002897	3	2284	60459541058	
0001213900-25-076428	0	55	993354640	
0001595082-25-000074	0	2	116432983	N
0001595082-25-000073	0	4	266188127	N
0000877338-25-000004	0	41	721941698	N
0001595082-25-000072	0	1	31269912	N
0000905148-25-002896	0	8	88504176	
0002069324-25-000006	5	1700	13969512612	N
0001595082-25-000071	0	2	51545704	N
0001595082-25-000070	0	2	154663707	N
0001595082-25-000069	0	2	42247932	N
0001706164-25-000003	0	159	422540965	N
0001595082-25-000068	0	5	391985516	N
0001712671-25-000003	0	72	251996807	N
0001595082-25-000067	0	3	230270456	N
0001104659-25-078441	0	16	169441099	
0001595082-25-000066	0	5	1004939073	N
0001595082-25-000065	0	2	127246813	N
0000919574-25-004865	0	47	93664413	
0001595082-25-000064	0	3	509148764	N
0001595082-25-000063	0	2	362224056	N
0000905148-25-002893	2	2	494220185	
0001595082-25-000062	0	193	6059273945	Y
0001736535-25-000005	0	146	112779362	N
0002045724-25-000006	0	9	2123023762	N
0000919574-25-004864	1	4	472775532	
0001280965-25-000005	0	73	7665923951	N
0001599793-25-000003	1	51	102527357	N
0000950142-25-002185	2	2	1521533376	
0001228242-25-000012	0	678	17190308781	N
0001636587-25-000043	0	21	152893236	N
0001104659-25-078435	0	170	267132931	
0001664713-25-000004	0	30	3243123	N
0001137439-25-001015	0	69	57256498	Y
0001549230-25-000026	0	1414	5147269695	N
0001172661-25-003418	0	124	205752410	
0001971230-25-000005	0	134	248789813	N
0002043964-25-000012	0	6	124154244	N
0001172661-25-003417	0	64	143096858	
0001618205-25-000009	0	71	100695689	N
0001911384-25-000008	0	98	175395445	N
0000919574-25-004856	0	11	1302101634	
0001389932-25-000011	1	76	362250156	N
0001813784-25-000006	0	16	364567	N
0001104659-25-078429	0	91	373488335	
0001266227-25-000004	0	14	228234	N
0001214659-25-012165	0	587	1128466043	
0001082327-25-000040	0	611	27412782092	
0001996449-25-000005	0	831	4579335081	N
0001172661-25-003416	0	1110	2645525406	
0001868643-25-000005	0	266	4077711001	N
0001140361-25-031144	19	28572	554862076000	
0001463931-25-000009	2	81	4840715217	N
0001879635-25-000004	0	0	0	N
0001996109-25-000007	2	7	65272444	N
0001803519-25-000004	0	410	886604987	N
0001992344-25-000005	0	52	174784906	N
0001986042-25-000013	0	122	217681655	N
0001420506-25-002143	0	17	210356809	N
0001765923-25-000005	0	0	0	N
0001977548-25-000006	0	8	214592996	N
0001636587-25-000042	0	158	742048639	N
0001765924-25-000004	0	0	0	N
0001714341-25-000003	0	130	216806873	N
0002011591-25-000004	0	0	0	N
0001512538-25-000009	0	68	208391122	
0001996244-25-000008	3	184	2688230138	N
0001954109-25-000009	0	84	166183242	N
0001315863-25-000628	0	26	828517252	N
0001722439-25-000003	0	173	287381	N
0002063364-25-000209	0	75	237210247	N
0001000097-25-000018	0	67	742524992	N
0002009262-25-000004	0	0	0	N
0001398344-25-015516	0	165	150427868	
0000919574-25-004849	6	301	7278652251	
0001879009-25-000004	0	0	0	N
0000950123-25-008240	1	25	156155476	N
0001104659-25-078419	0	1	28104471	
0001906827-25-000004	0	0	0	N
0001140361-25-031141	0	76	110053343	
0001104659-25-078417	0	161	2495411905	
0001879628-25-000006	3	2	173092335	N
0001120927-25-000004	0	708	8395165015	N
0001172661-25-003415	0	78	127119303	
0001879202-25-000030	0	318	1387218663	
0001801145-25-000006	0	143	132577932	N
0001172661-25-003414	0	13	2334483044	
0001879202-25-000029	0	19	171421677	
0001931118-25-000006	0	36	84456465	N
0001301540-25-000005	0	109	354494507	N
0000897069-25-001336	0	4	105452322	Y
0002040915-25-000003	0	974	441407011	N
0001791827-25-000007	0	56	501976646	N
0001795705-25-000005	45	3304	761794272	N
0001604488-25-000180	1	133	1478981086	
0001172661-25-003413	0	98	109750972	
0001172661-25-003412	0	10	792381550	
0001635663-25-000006	0	58	351186664	N
0001706766-25-000006	0	1379	9034733058	N
0001968434-25-000003	0	714	162191345	N
0001646639-25-000003	0	140	1819481557	N
0001836021-25-000007	0	4	286860373	N
0001172661-25-003411	0	51	349897909	
0001894188-25-000010	0	18	413997635	N
0001869470-25-000006	0	9	395094076	N
0001893767-25-000007	0	11	300839388	N
0001172661-25-003410	0	26	3750435750	
0001803088-25-000007	0	41	184920934	N
0001892688-25-000151	0	27	125982523	N
0001420506-25-002140	0	90	145000385	N
0001720350-25-000006	0	7	128505825	N
0001420506-25-002139	0	1	685551522	N
0001316580-25-000004	0	56	1356526485	N
0001655982-25-000007	0	42	112968135	N
0001682021-25-000006	0	296	666090297	
0001909750-25-000007	0	411	354626395	N
0001172661-25-003409	0	729	2996994767	
0001616416-25-000010	1	41	169665982	N
0000930413-25-002464	0	593	31081549	
0001595880-25-000005	0	71	4800799871	N
0001940272-25-000005	0	210	652087677	N
0000950123-25-008236	1	1	187776784	N
0001172661-25-003408	0	301	251052733	
0001420506-25-002137	0	11	246086608	N
0000920655-25-000004	0	94	312113526	N
0001500605-25-000007	1	35	85956701	
0002009914-25-000003	0	8	203708742	N
0001892688-25-000150	0	23	311320301	N
0001911372-25-000003	0	41	210712652	N
0001315863-25-000627	0	3	62562865	N
0001062993-25-014393	2	30	113577070	N
0001420506-25-002135	0	157	1156403010	N
0001859606-25-000019	2	1471	210240698886	N
0002001471-25-000003	0	92	804561223	N
0001104659-25-078393	6	3	141456685	Y
0001869164-25-000006	0	118	68164930	N
0001172661-25-003407	0	137	681848550	
0000950123-25-008234	0	2	481501730	N
0000919574-25-004842	0	141	915059678	
0000950123-25-008233	1	3	1021542446	N
0001532155-25-000161	1	3257	306595296231	N
0000950123-25-008230	1	0	0	N
0001167376-25-000013	2	1	0	N
0000921895-25-002271	2	19	697251582	
0000919574-25-004839	0	74	1278921490	
0001544599-25-000006	0	610	33658912735	N
0000950123-25-008227	1	2	93935166	N
0001172661-25-003406	0	78	233496044	
0001213900-25-076354	0	21	105136956	
0001960050-25-000016	0	244	13651214558	N
0001172661-25-003404	0	13	897393722	
0000895345-25-000262	1	1	752637240	
0001989061-25-000002	0	36	359771075	N
0001630243-25-000009	0	28	674344003	N
0000764532-25-000009	0	67	10413172311	N
0002056650-25-000003	0	504	105046200	N
0001167376-25-000011	3	50	118862	N
0000950123-25-008225	1	54	489826865	N
0001213900-25-076347	1	0	0	Y
0002010393-25-000005	0	2719	1134911078	N
0000080255-25-000548	0	684	158367296	
0001214659-25-012141	1	108	201375188	
0001315863-25-000626	0	1	32474271	N
0001770532-25-000005	0	73	347939024	N
0001085146-25-005183	3	127	20565982804	N
0001951757-25-001092	0	71	128913178	N
0001446179-25-000006	0	708	3716147314	N
0002012031-25-000003	0	821	82241849	N
0000080255-25-000547	6	4479	882765956	
0001420506-25-002134	0	38	1216579785	N
0001094429-25-000014	0	675	3834394457	N
0000950123-25-008224	0	2740	66411788619	N
0001839851-25-000002	0	14	181518075	N
0001839852-25-000005	0	0	0	N
0001941040-25-000486	0	25	1110621293	
0001136305-25-000013	0	0	0	N
0001166588-25-000035	1	15326	174481003982	
0000920441-25-000007	0	219	381551028	N
0002023375-25-000003	0	643	259066109	N
0001086416-25-000011	1	68	480957842	N
0001825309-25-000008	0	18	465584937	N
0001683754-25-000005	0	112	323894597	N
0001600064-25-000009	2	2384	16639023653	N
0000919574-25-004830	1	11	226550586	
0001446580-25-000075	0	0	0	N
0001537455-25-000006	0	6	841630	N
0001420506-25-002130	0	38	78361452	N
0000918950-25-000005	0	0	0	N
0001178913-25-002930	0	377	2543514419	Y
0001965329-25-000005	0	127	157707866	N
0001446194-25-000024	4	14120	719810286653	N
0001172661-25-003403	0	3	384154697	
0001822531-25-000007	0	39	1917938032	N
0000919574-25-004828	1	142	1278800415	
0001767343-25-000004	0	356	358511332	N
0001649553-25-000149	0	0	0	N
0001081698-25-000005	1	162	374706701	N
0001398344-25-015503	0	42	296208939	
0000919574-25-004826	0	77	83809642	
0001665198-25-000007	0	1354	23396404369	N
0001719307-25-000006	0	28	663985355	N
0001641447-25-000003	0	1162	846465934	N
0001728195-25-000004	0	0	0	N
0001754960-25-000606	0	41	113437000	N
0001315863-25-000625	0	10	476832808	N
0001628277-25-000004	0	0	0	N
0000919574-25-004825	0	20	33329630	
0001085146-25-005165	0	0	0	N
0001011712-25-000019	0	0	0	N
0001085146-25-005163	0	0	0	N
0000919574-25-004823	11	212	35899628174	
0001172661-25-003401	0	110	293451707	
0001398344-25-015501	0	144	194488580	
0001941040-25-000485	0	11	426762745	
0001444949-25-000005	3	147	3691598273	N
0001937964-25-000006	0	37	415640920	N
0001536630-25-000005	0	31	412809400	N
0001963212-25-000004	0	510	1404458662	N
0002029317-25-000004	0	1060	650093026	N
0000720672-25-000009	7	9316	102808263505	N
0001085146-25-005162	0	19	11181961	N
0001085146-25-005161	0	6	2268996	N
0001085146-25-005160	0	11	3886005	N
0000826000-25-000006	0	78	131319056	N
0001085146-25-005159	0	3	895823	N
0001085146-25-005158	0	1	285742	N
0001172661-25-003399	0	695	17084778925	
0001172661-25-003398	0	161	231923954	
0001145443-25-000239	10	2904	111775952061	
0001420506-25-002127	1	313	2995771628	N
0001172661-25-003396	1	34	106445582	
0000902664-25-003600	0	64	2359993052	
0001172661-25-003395	0	1220	32337256284	
0001602119-25-000006	0	10	49385690	N
0001580642-25-005122	0	202	2693784117	
0001666335-25-000010	1	353	22992927270	N
0001420506-25-002125	0	98	509749913	N
0001398344-25-015495	0	18	422299103	
0000919574-25-004821	3	118	2762007814	
0001628280-25-040315	0	177	1023941846	N
0001172661-25-003393	0	6	11056426	
0001398344-25-015492	0	455	1351860300	
0001398344-25-015491	1	265	644375366	
0001941040-25-000484	0	278	3208693386	
0001420506-25-002122	0	8	428264197	N
0001938900-25-000004	0	148	3996168903	N
0000872786-25-000027	3	661	3080868566	
0001172661-25-003392	0	1	5029475	
0001398344-25-015489	0	216	1977584715	
0001140361-25-031122	0	86	873813186	
0001085146-25-005155	0	116	2227475022	N
0001604867-25-000014	0	20	178704228	N
0001172661-25-003391	0	235	10130381418	
0001172661-25-003390	0	19	298107765	
0001862664-25-000001	2	487	2867815795	N
0001398344-25-015486	1	125	3287880087	
0001951757-25-001091	1	55	264337020	N
0001197853-25-000005	0	5	718531004	N
0001104659-25-078363	0	83	511141086	
0001512716-25-000014	0	24	329202913	N
0001398344-25-015484	1	955	11893914451	
0001691919-25-000033	4	150	1447022693	N
0001420506-25-002118	0	13	127696714	N
0001085146-25-005152	7	1835	1016192032	
0001172661-25-003388	6	336	764178263	
0001549408-25-000007	0	31	132138988	N
0000919574-25-004816	1	4	49282194	
0000950123-25-008216	9	3191	81522372234	N
0001085146-25-005150	1	47	89523058	
0001140361-25-031116	0	21	136349485	
0001041062-25-000163	0	1264	6696985485	N
0001172661-25-003387	0	270	416236188	
0001958125-25-000007	0	40	476910569	N
0001376474-25-000747	0	48	2276228736	
0001376474-25-000746	0	41	228376232	
0001420506-25-002116	0	168	1228070924	N
0001420506-25-002115	0	168	1228070924	N
0001566887-25-000005	0	33	218368382	N
0001754960-25-000605	0	16	140029444	N
0001104659-25-078356	0	94	151461491	
0001172661-25-003384	0	2	487473362	
0001172661-25-003383	0	311	476988096	
0000930413-25-002463	3	1879	88349436	
0001213900-25-076308	0	10	645312034	
0000919574-25-004815	2	24	435801809	
0000919574-25-004814	0	427	3540260855	
0001172661-25-003381	0	67	211458459	
0001963764-25-000006	0	21	262479687	N
0001085146-25-005146	0	0	0	N
0001085146-25-005145	0	22	365401181	N
0001172661-25-003379	0	87	171438892	
0001172661-25-003378	0	318	447143651	
0001346554-25-000066	0	9	453495025	N
0001085146-25-005144	0	2182	16345575924	N
0001172661-25-003377	0	156	3021211863	
0001085146-25-005143	0	553	1379045865	N
0001999371-25-011318	0	325	326767636	
0001756759-25-000006	0	250	167577711	N
0001085146-25-005142	1	327	2090086624	N
0001172661-25-003376	0	140	253191856	
0001085146-25-005141	0	0	0	N
0000902664-25-003596	3	40	620752695	
0001140361-25-031109	0	9	279750166	
0000902664-25-003595	0	3	2834860636	
0001172661-25-003374	1	69	733247930	
0001531611-25-000004	0	11	41599749	N
0001214659-25-012129	0	52	1283751150	
0001761054-25-000007	0	1015	31184845	N
0000950123-25-008197	0	796	5779450597	N
0001172661-25-003371	0	415	787977059	
0001448574-25-000006	0	541	7980655369	N
0000950123-25-008196	9	3241	80557169828	N
0001140361-25-031108	0	32	406423963	
0001802797-25-000005	0	9	361228262	N
0001085146-25-005140	0	140	132631125	N
0001580642-25-005120	0	237	5707624265	
0001759364-25-000004	0	12	94963908	
0001172661-25-003369	2	1511	8171501060	
0002081038-25-000001	0	46	100887487	N
0001172661-25-003368	0	102	284269486	
0001012975-25-000444	0	11	299110134	N
0001724246-25-000005	0	24	638610975	N
0001911307-25-000005	0	42	171620602	N
0001933132-25-000010	0	40	145358081	N
0001085146-25-005139	0	485	276476903	N
0001892134-25-000006	0	49	2500738743	N
0001068837-25-000033	4	4062	100487469363	N
0001172661-25-003367	0	64	621024252	
0001172661-25-003366	0	109	2275369467	
0002023709-25-000003	0	50	106084191	N
0002011314-25-000005	0	184	776923	N
0001085146-25-005138	0	72	1416662059	N
0001172661-25-003364	0	15	929554555	
0001172661-25-003363	1	283	535860270	
0000072971-25-000214	6	17891	483402532593	N
0001172661-25-003362	0	68	507332617	
0001172661-25-003361	0	1171	5268236510	
0001214659-25-012123	0	7	995516685	
0001172661-25-003360	0	1174	2246525972	
0001172661-25-003359	0	13	522467900	
0001424367-25-000012	1	226	991317214	N
0000010742-25-000016	0	189	5238602724	N
0001085146-25-005137	0	367	3531241415	N
0000919574-25-004812	1	11	84341489	Y
0001566801-25-000004	0	62	296808391	N
0002000730-25-000004	0	24	203115650	N
0001172661-25-003358	0	9	207094380	
0001085146-25-005136	0	211	1122841101	N
0001697013-25-000008	0	68	1087220864	N
0000935836-25-000510	0	32	881138468	
0001213900-25-076263	5	351	3150386870	
0001172661-25-003357	0	27	1525950249	
0001085146-25-005135	0	33	235656860	N
0001172661-25-003356	0	206	469399655	
0001085146-25-005134	0	115	265676177	N
0000814133-25-000074	0	230	19101450118	N
0001816427-25-000004	0	379	536406146	N
0001172661-25-003355	0	354	1891333455	
0001085146-25-005133	0	17	26149599	N
0001420506-25-002108	0	21	129965366	N
0002009911-25-000006	0	11	243362460	N
0000950123-25-008173	13	10976	405721741946	N
0001085146-25-005132	0	31	928820424	N
0001172661-25-003354	0	27	599460754	
0001085146-25-005131	0	140	613907521	N
0001085146-25-005130	0	30	606160174	N
0001698055-25-000005	0	71	1309461	N
0001965104-25-000005	0	21	693853578	N
0002010766-25-000003	0	56	119355730	N
0001172661-25-003353	0	144	400634710	
0001085146-25-005129	0	8	301258604	N
0001172661-25-003351	2	69	2325916748	
0001600151-25-000003	0	730	1408799	N
0001754960-25-000604	0	37	119015877	N
0001085146-25-005128	0	22	301435064	N
0001512073-25-000004	0	113	195209669	N
0000897069-25-001334	0	32	1328451108	
0001085146-25-005127	1	15	346173056	N
0001872766-25-000008	0	9	310370910	N
0001085146-25-005126	0	15	129320701	N
0001011438-25-000443	0	54	18933013675	
0001085146-25-005125	0	892	4514672958	N
0001104659-25-078312	0	41	308468802	
0001420506-25-002106	0	64	134501159	N
0001085146-25-005124	0	1508	11968127825	N
0001420506-25-002105	0	37	1320724374	N
0001720350-25-000005	0	40	287699668	N
0000897069-25-001332	0	49	225620254	
0001213900-25-076245	0	18	115279031	
0001643351-25-000005	0	26	168626652	N
0000899140-25-000964	7	3150	56473570273	
0001085146-25-005122	0	0	0	N
0001085146-25-005120	0	303	962060174	N
0001539639-25-000006	0	7	168540	N
0001398344-25-015470	0	44	125678659	
0001172661-25-003349	0	911	18930893254	
0001178913-25-002923	1	56	169771679	
0001421224-25-000010	0	1354	50497235721	N
0001444864-25-000006	1	12	160328373	N
0001085146-25-005118	0	64	147565419	N
0002001943-25-000003	0	153	287553521	N
0002033920-25-000003	0	70	282462536	N
0000919574-25-004804	1	26	126333396	
0001085146-25-005117	0	1	0	N
0001454027-25-000004	0	3603	22465170518	N
0001085146-25-005115	0	992	9576052140	N
0001420506-25-002096	0	35	1132782105	N
0001104659-25-078296	3	2	203978224	
0001011438-25-000442	0	57	23813131505	
0002010710-25-000006	0	39	126787876	N
0000945621-25-000771	0	40	2845195658	Y
0002045104-25-000007	0	10	268469736	N
0001420506-25-002093	0	10	95238362	N
0001278641-25-000003	0	55	252369	N
0001104659-25-078291	0	1148	3637506564	
0000950123-25-008156	0	71	2389392865	N
0000899140-25-000961	0	1437	810659157	
0001214659-25-012119	0	330	406293085	
0001995383-25-000003	0	39	99466534	N
0001817187-25-000005	0	0	0	N
0001420506-25-002090	0	26	564141407	N
0001214659-25-012118	0	44	1036692350	
0001835700-25-000003	0	4	8156675	N
0000935836-25-000509	0	166	1932546399	
0001069183-25-000192	0	1	144000000	N
0001420506-25-002087	0	68	250123870	N
0001398344-25-015464	0	64	791247740	
0000943663-25-000230	1	12	423317720	
0000935836-25-000508	0	18	269588072	
0000919574-25-004802	0	32	151297849	
0001834630-25-000007	0	0	0	N
0001085146-25-005113	0	24	1785395279	N
0000950123-25-008154	0	1655	5233678374	N
0001104659-25-078279	0	109	195605788	
0001085146-25-005112	0	112	133825045	N
0000935836-25-000507	0	41	2038476477	Y
0001965207-25-000007	0	1694	470043013	N
0000935836-25-000506	0	37	1689330628	
0001132716-25-000023	0	2	567930483	
0001172661-25-003348	0	30	398679513	
0001085146-25-005109	0	829	43832035218	N
0001013594-25-001025	0	30	164030310	
0001802131-25-000006	0	0	0	N
0002054921-25-000005	0	311	112924748	N
0000935836-25-000505	0	12	943053513	
0001420506-25-002082	0	88	870093347	N
0001420506-25-002080	0	130	2271416989	N
0000935836-25-000504	0	11	107708071	
0001172661-25-003347	0	89	146998381	
0001213900-25-076212	0	7	104254973	
0001213900-25-076211	0	4	119705039	
0000950123-25-008151	1	1	47194579	N
0000950123-25-008150	0	499	963671358	N
0001123292-25-000364	1	14	1280204668	
0000935836-25-000503	1	34	1827018745	
0001172661-25-003346	0	81	766335793	
0001737109-25-000006	25	1901	9968144060	N
0001085146-25-005106	0	481	1147774813	N
0001132716-25-000022	0	4	1006262183	
0001085146-25-005105	0	40	181196057	N
0001420506-25-002077	0	421	297515581	N
0001420506-25-002076	0	27	610220202	N
0001172661-25-003345	0	237	792458768	
0001601407-25-000004	0	31	3627286268	N
0001858353-25-000007	0	19	367900334	N
0001213900-25-076202	0	113	238486816	
0001472850-25-000007	0	12	912980016	N
0001420506-25-002072	0	12	2021570265	N
0001802893-25-000004	0	19	98665716	N
0001765380-25-000374	0	235	739596315	N
0001724140-25-000014	0	17	560855633	
0001085146-25-005104	15	4322	204020843964	
0001013594-25-001022	0	20	7850255	
0002010710-25-000005	0	133	370570354	N
0001085146-25-005103	0	48	207325637	N
0001540531-25-000006	0	17	945508364	N
0001520710-25-000007	0	205	988582942	N
0001085146-25-005102	0	0	0	N
0001085146-25-005101	0	0	0	N
0001172661-25-003344	0	18	37817584	
0001085146-25-005100	0	0	0	N
0001085146-25-005099	0	0	0	N
0001172661-25-003343	0	27	651188046	
0002026079-25-000004	0	3	808437377	N
0001172661-25-003342	0	20	252625641	
0001085146-25-005098	0	0	0	N
0001420506-25-002068	0	38	2829586827	N
0000919574-25-004794	3	452	712674272	
0000945621-25-000769	0	975	1028365365	
0001420506-25-002066	0	76	406800833	N
0001172661-25-003341	0	1	45419121	
0000021175-25-000078	3	14	194902733	N
0001172661-25-003340	0	4	222781213	
0001132716-25-000021	0	8	1320512956	
0001104659-25-078246	0	18	4034419051	
0001172661-25-003339	0	24	456639333	
0000728083-25-000009	0	37	367385545	N
0001420506-25-002063	0	25	126067101	N
0001844640-25-000010	2	4418	96176128569	N
0001910592-25-000006	0	120	386094303	N
0001172661-25-003338	0	43	5800170883	
0001041062-25-000162	4	5589	86271329817	N
0001767730-25-000005	0	144	408679	N
0001172661-25-003337	0	110	645122584	
0001172661-25-003336	0	8	200099229	
0001445911-25-000021	0	296	745983	N
0001308527-25-000004	0	282	5537546282	N
0001420506-25-002061	0	64	1235939225	N
0001172661-25-003335	0	26	876024256	
0001104659-25-078238	6	14	1469130098	
0000899140-25-000953	5	2300	48800428702	
0000060086-25-000170	0	28	12055068614	N
0001085146-25-005096	0	441	1495555934	N
0001062993-25-014370	0	111	1743983571	N
0001837343-25-000005	0	20	2021929105	N
0001172661-25-003334	0	7	1283415464	
0001595077-25-000009	0	32	408227678	N
0001633799-25-000011	0	67	2739128541	
0001420506-25-002058	0	12	121944334	N
0001420506-25-002057	0	136	588278400	N
0001990467-25-000006	0	302	726018855	N
0001665518-25-000002	0	107	335731	N
0000904454-25-000424	0	9	690912275	
0001806755-25-000005	0	223	2617752524	N
0001568621-25-000010	0	24	652810405	N
0001062993-25-014368	0	2313	40977094234	N
0001172661-25-003333	0	64	674266633	
0001104659-25-078222	0	77	330554237	
0001718251-25-000010	0	185	220171525	N
0001172661-25-003332	0	30	699689347	
0001013594-25-001021	0	4	172175519	
0000950123-25-008144	0	225	3360962401	N
0001172661-25-003331	0	190	2106066648	
0002010204-25-000003	0	23	1747932682	N
0000950123-25-008142	1	543	2015536818	N
0001085146-25-005095	0	438	4175718511	N
0001172661-25-003330	0	85	272456721	
0002009520-25-000005	0	11	291499262	N
0001132716-25-000020	0	12	2103095042	
0001085146-25-005094	0	83	897270827	N
0001420506-25-002053	0	15	293339870	N
0001927724-25-000005	0	172	148011804	N
0001085146-25-005093	0	16	1106366723	N
0001398344-25-015458	1	2774	19765717662	
0001085146-25-005092	0	68	14864118278	N
0001420506-25-002051	0	18	248657941	N
0001420506-25-002050	0	76	168661716	N
0001085146-25-005091	0	10	11533751094	N
0002056100-25-000003	0	181	132485	N
0001085146-25-005090	0	1	0	N
0001665077-25-000005	0	11	198620257	N
0001085146-25-005089	0	0	0	N
0001085146-25-005088	0	0	0	N
0002001900-25-000021	9	2162	4006154478	N
0001085146-25-005087	12	60	706249833	
0001420506-25-002047	0	9	336120000	N
0000950142-25-002176	0	15	3629524404	
0000904454-25-000420	2	44	1666796524	
0001106565-25-000008	0	194	2351686584	N
0001481986-25-000039	4	1089	4421674820	N
0001085146-25-005086	0	0	0	N
0001420506-25-002046	0	4	2052289976	N
0001085146-25-005085	0	0	0	N
0001085146-25-005084	0	0	0	N
0001104659-25-078208	0	9	5477355057	
0001085146-25-005083	0	0	0	N
0001085146-25-005082	0	0	0	N
0001085146-25-005081	0	0	0	N
0001085146-25-005080	0	0	0	N
0001085146-25-005079	0	0	0	N
0002071170-25-000025	0	573	236076531	N
0001085146-25-005078	0	0	0	N
0001420506-25-002044	0	8	145945692	N
0001085146-25-005077	0	35	536028271	N
0000919574-25-004789	1	18	307732447	
0001085146-25-005076	0	2114	8038229941	N
0001140361-25-031079	0	68	693915864	
0001085146-25-005075	0	10	1761515910	N
0001085146-25-005074	0	1180	4213610004	N
0001717479-25-000004	0	286	943212	N
0001600698-25-000014	0	18	190886613	
0001172661-25-003327	2	49	1339747354	
0000701059-25-000016	0	2802	34645395	N
0001420506-25-002040	0	147	410259338	N
0001103887-25-000006	0	56	1901729	N
0001904373-25-000007	0	20	115440682	N
0001357550-25-000027	2	409	8661825018	Y
0000938206-25-000037	0	416	12498354184	
0001590729-25-000009	0	2	353953176	N
0000902219-25-000356	10	7478	550984088288	N
0001398344-25-015451	2	696	1704942216	
0001357550-25-000026	2	1	39295858	
0001172661-25-003325	0	64	41653776355	
0001420506-25-002037	0	352	5896076488	N
0001420506-25-002036	0	578	377278433	N
0000919574-25-004780	2	60	431624794	
0001172661-25-003324	0	4	233070450	
0001132716-25-000019	0	354	1952323692	Y
0002052308-25-000006	0	71	175485391	N
0001062993-25-014366	0	602	2102303050	N
0001814554-25-000080	0	4	472552760	
0001213900-25-076165	0	3995	19394688980	
0001892688-25-000149	0	96	328219079	N
0001178913-25-002913	2	131	17389381416	
0001134007-25-000009	1	123	1294267054	N
0001172661-25-003322	1	164	723376402	
0001398344-25-015448	0	75	255244285	
0001140361-25-031075	1	54	224395261	
0001104883-25-000010	0	59	689849547	N
0001420506-25-002033	0	54	311575076	N
0001013594-25-001017	0	58	2212499230	
0001172661-25-003320	0	89	149707359	
0001665337-25-000006	11	647	509085565	N
0001951757-25-001090	0	8	64584718	N
0000936753-25-000065	2	199	8822290087	N
0001848809-25-000005	0	53	101235881	N
0001420506-25-002032	0	4	55146380	N
0001951757-25-001089	0	79	102446819	N
0001844640-25-000007	0	27	22436779	N
0001570271-25-000011	0	1142	835155923	N
0001062993-25-014363	0	73	90357850	N
0001892688-25-000148	0	23	1112762098	N
0001672355-25-000007	0	28	632040475	N
0001013594-25-001015	0	3	581070374	Y
0001398344-25-015447	0	82	301221420	
0001172661-25-003319	0	138	557486482	
0001172661-25-003318	0	35	866801595	
0001162044-25-000813	0	20	110784145	
0001013594-25-001014	0	3	467931068	
0001420506-25-002029	0	8	126332680	N
0001013594-25-001013	0	3	568153338	
0002044001-25-000002	0	166	266008	N
0001104659-25-078187	0	1	0	
0001162044-25-000812	0	102	285837349	
0001172661-25-003317	0	166	392633449	
0001892688-25-000147	0	20	193245042	N
0001599814-25-000007	0	28	910773628	N
0001944755-25-000005	0	239	308953226	N
0001172661-25-003316	0	20	109613737	
0001849517-25-000010	0	19	390464870	N
0000891836-25-000050	0	1	0	Y
0001178913-25-002909	1	12	541928	
0001420506-25-002028	0	23	1706030013	N
0001426486-25-000006	0	45	1867437060	N
0002073679-25-000001	0	23	113336178	N
0001535943-25-000011	0	166	549232181	N
0001980273-25-000004	0	62	360853712	N
0001172661-25-003314	0	935	1174990291	
0001844103-25-000010	0	3	118359653	N
0001104659-25-078184	0	275	2112510110	
0001172661-25-003312	2	58	235017395	
0001172661-25-003311	0	294	10801284212	
0001172661-25-003310	3	1667	3325552241	
0001420506-25-002025	0	55	169117221	N
0001172661-25-003309	1	146	272132045	
0001214659-25-012059	0	15	8912360542	
0001437749-25-026720	1	25	131199023	Y
0001376474-25-000745	0	51	897013263	
0001172661-25-003308	0	145	760623476	
0001172661-25-003307	0	62	109205224	
0002005134-25-000008	0	29	206643582	N
0001565332-25-000008	0	17	3010030754	N
0000897069-25-001327	0	35	310576906	
0001776090-25-000005	0	15	1180273171	N
0001104659-25-078176	0	10	1564404250	
0000950123-25-008124	0	376	16290614416	N
0001705712-25-000007	0	4	262197181	N
0000902664-25-003588	0	25	18939394383	
0001323953-25-000018	0	20	2469834577	N
0000919574-25-004762	0	11	9853130	Y
0001011438-25-000429	10	424	18936673400	
0001803194-25-000005	0	9	123978434	N
0001172661-25-003306	0	154	931325120	
0001214659-25-012057	0	20	2395023654	
0001632833-25-000004	0	1	171972297	N
0001398344-25-015429	3	1256	9111734981	
0001845660-25-000004	0	26	110433257	N
0001172661-25-003304	2	270	19105821490	
0000945621-25-000765	5	270	3625188456	
0001172661-25-003302	0	1	1550562385	
0001970465-25-000008	0	150	661098942	N
0001393825-25-000062	1	1444	29446119595	
0001172661-25-003301	0	187	940606460	
0001172661-25-003299	0	21	3122706435	
0001172661-25-003297	0	81	198169733	
0001012975-25-000442	0	3	236062061	N
0000950123-25-008117	2	12	454919116	N
0001214659-25-012055	0	15	4809029146	
0001385642-25-000009	0	25	331629758	
0001172661-25-003295	0	134	3951404864	
0001398344-25-015425	2	6	208524113	
0001172661-25-003291	0	17	1188305746	
0001172661-25-003290	0	39	5041735546	
0001172661-25-003289	0	98	3317228054	
0001172661-25-003288	0	15	2015879892	
0001856083-25-000004	0	66	3118189972	N
0001214659-25-012051	0	28	1953645784	
0000950123-25-008111	12	22017	577633314592	N
0001420506-25-002021	0	39	410062650	N
0001172661-25-003287	0	12	398858237	
0001420506-25-002020	0	326	661344469	N
0001172661-25-003286	0	238	9419877593	
0000950123-25-008110	0	234	453869597	N
0002011335-25-000003	0	37	1170672100	N
0001172661-25-003285	0	1	326395843	
0001420506-25-002018	0	60	5745146948	N
0001420506-25-002017	0	1	0	N
0001644187-25-000007	0	119	1106887110	N
0001172661-25-003284	0	51	903799594	
0001085146-25-005068	0	69	301408563	N
0001104659-25-078162	1	179	5099567730	
0001999371-25-011302	0	1077	30313302120	
0001172661-25-003283	0	66	191712441	
0001420506-25-002013	0	7	4070171	N
0001277372-25-000002	2	511	1909778626	N
0001420506-25-002011	1	16	378480020	N
0001085146-25-005067	0	56	153404521	N
0002079571-25-000002	0	185	211889637	N
0001172661-25-003282	0	8	248673856	
0000919574-25-004749	1	11	550592886	
0001455915-25-000004	0	1040	5998523894	N
0001172661-25-003280	0	25	254334894	
0001172661-25-003279	1	843	59346133871	
0001214659-25-012049	0	10	6114406743	
0001085146-25-005066	0	0	0	N
0001085146-25-005065	1	134	1522318063	N
0001420506-25-002009	0	65	542919135	N
0001172661-25-003278	0	33	7203884183	
0001398344-25-015416	1	127	1963767277	
0001398344-25-015414	0	50	183256760	
0001398344-25-015412	0	153	2456765650	
0001398344-25-015410	0	3	2152935	
0001398344-25-015409	1	104	239927206	
0001398344-25-015407	0	16	167776423	
0001398344-25-015405	0	174	17674038313	
0001398344-25-015403	0	415	14415280033	
0001398344-25-015404	0	9	120699674	
0001398344-25-015402	2	184	51920364015	
0001172661-25-003277	0	39	55284543	
0001398344-25-015399	0	110	351839772	
0001398344-25-015398	0	163	1625758668	
0000902664-25-003587	0	10	1991086576	
0001398344-25-015397	0	291	5725406016	
0001398344-25-015396	0	21	339598418	
0001398344-25-015395	0	37	101962818	
0000950123-25-008095	0	1	130897907	N
0001398344-25-015392	0	131	170087411	
0001398344-25-015390	0	26	1218352091	
0001398344-25-015391	0	550	1420229374	
0001398344-25-015394	0	10	1115187507	
0001398344-25-015393	0	54	70462205	
0000950123-25-008096	0	2	198368121	N
0000950123-25-008097	0	1	1354629290	N
0000950123-25-008092	0	1	183477369	N
0000950123-25-008090	0	23	628781325	N
0000950123-25-008094	0	2	77675926	N
0000950123-25-008091	1	3	85257828	N
0001172661-25-003276	1	14	338157471	
0001172661-25-003275	0	33	3147191493	
0001172661-25-003274	0	75	153647854	
0001172661-25-003273	0	93	1604789362	
0001013594-25-001006	0	55	165392994	
0001172661-25-003271	0	12	1049638401	
0001013594-25-001005	0	30	584667159	
0001420506-25-002007	0	0	0	N
0001729829-25-000050	0	3505	98415069591	N
0001062993-25-014357	0	346	2954540368	N
0001013594-25-001004	0	1	0	
0001768041-25-000004	0	17	1175504442	N
0001172661-25-003265	0	22	849211015	
0001647251-25-000009	0	10	50706910931	N
0001013594-25-001003	0	40	122124225	
0001213900-25-076093	0	31	712146315	
0001999371-25-011301	0	646	6859999288	
0001420506-25-002005	0	17	129935291	N
0001667731-25-001116	0	77	70217395	
0001172661-25-003259	1	442	456399456	
0000898427-25-000018	6	2672	34811332054	N
0001420506-25-002003	0	6	167453864	N
0001012975-25-000441	0	1	131515776	N
0001872787-25-000006	0	53	301883746	N
0000950123-25-008072	0	82	454236237	N
0000950157-25-000672	3	1	31926400	Y
0001172661-25-003257	0	27	1040469290	
0002079571-25-000001	0	200	249307942	N
0001420506-25-002001	0	0	0	N
0001420506-25-001999	1	57	580768417	N
0002061470-25-000005	0	1	2231266374	N
0001999371-25-011297	0	2	842445	
0000950123-25-008067	0	11	416379857	N
0001172661-25-003256	0	128	367009774	
0000908834-25-000253	0	362	1313444247	
0000950123-25-008066	0	13	154437217	N
0000908834-25-000252	0	276	1984665074	
0000908834-25-000251	0	153	1424082939	
0001420506-25-001997	0	8	355479048	N
0000908834-25-000250	0	2	548044175	
0001172661-25-003255	0	1	471864096	
0001420506-25-001995	0	82	186489840	N
0000908834-25-000248	0	141	23178105570	Y
0001172661-25-003254	1	119	186888568	
0000908834-25-000247	0	7	2225784880	
0000908834-25-000246	0	6	2305844230	
0000908834-25-000245	0	5	1193805550	
0000908834-25-000244	0	4	1221063600	
0000908834-25-000243	0	6	1453885890	
0001172661-25-003253	0	72	1092288420	
0000950142-25-002167	0	10	8553219	
0001493215-25-000007	0	73	7021315119	N
0001172661-25-003252	0	182	4813887193	
0002078832-25-000005	0	34	95382143	N
0001104659-25-078131	0	4	19196504	
0001104659-25-078127	0	30	5710277507	
0001214659-25-012047	0	1992	13033346956	
0001214659-25-012042	1	3	194567603	
0001214659-25-012046	0	150	956176756	
0001214659-25-012045	0	11	186966342	
0001214659-25-012044	0	118	400636824	
0000950123-25-008060	3	12	369155175	N
0001213900-25-076052	0	1	1145402012	
0001213900-25-076053	1	111	1574417655	
0002078832-25-000004	0	27	73144283	N
0001172661-25-003248	0	8	673286713	
0000897101-25-000467	1	524	4684288	
0000093751-25-000521	11	4260	2668089319996	N
0001085146-25-005060	0	27	1035370574	N
0001172661-25-003247	1	96	1318618728	
0001104659-25-078119	0	41	1312695099	
0001481045-25-000007	4	1753	27093521	N
0001172661-25-003246	0	426	1063151452	
0002078832-25-000003	0	27	181874894	N
0001848809-25-000004	0	9	175936947	N
0001834913-25-000003	0	43	191386948	N
0001884716-25-000005	0	13	49320250	N
0000950123-25-008034	23	6	3136155179	N
0002071170-25-000021	0	658	355641302	N
0002071170-25-000020	0	654	293285242	N
0001801547-25-000008	0	39	23016527870	N
0000902664-25-003586	0	71	17599663418	
0002071170-25-000019	0	627	303042730	N
0002071170-25-000018	0	582	275099166	N
0001661580-25-000006	0	295	12435124	N
0002071170-25-000017	0	564	267907857	N
0000950123-25-008009	0	838	14886425369	N
0000902664-25-003584	0	1	0	Y
0000950123-25-008007	0	556	1702338549	N
0001104659-25-078074	0	7	568913830	
0001104659-25-078072	0	104	2637866915	
0001801547-25-000007	0	26	7385809681	N
0001104659-25-078065	1	43	55146250	
0002071170-25-000016	0	558	217965384	N
0000950123-25-008001	0	1	2734986	Y
0000950123-25-007996	4	2	123899218	N
0000950123-25-007997	0	14	226478856	N
0000950123-25-007999	4	577	41673086478	N
0000950123-25-007994	0	20	4899068860	N
0000950123-25-007990	2	113	35738360	N
0000950123-25-007987	0	1	266642409	N
0000950123-25-007983	2	2	217467423	N
0002071170-25-000015	0	389	83795437	N
0000950123-25-007978	2	1	78917189	N
0002003159-25-000003	0	0	0	
0000950103-25-010286	0	116	4497408654	
0002071170-25-000014	0	374	84643545	N
0001213900-25-076010	0	4	238134281	
0001104659-25-078038	0	97	2471489536	
0001104659-25-078036	0	145	1312925470	
0001861244-25-000006	1	8	272340	N
0001104659-25-078025	0	2	115253255	
0001104659-25-078013	0	5	129909009	
0001104659-25-078012	3	3	3001791	Y
0002014039-25-000006	0	15	512318703	N
0000950103-25-010284	1	2	29400702	
0000950123-25-007962	0	41	3444966415	N
0000950123-25-007960	2	443	54535716	N
0002008306-25-000003	0	25	282749118	N
0001104659-25-077998	0	7	206756971	
0001641172-25-023683	3	1	2002515048	
0001842785-25-000010	0	8	766396897	N
0002071170-25-000013	0	338	68721336	N
0001104659-25-077983	1	3	5255222025	
0001778131-25-000005	0	739	10159025	N
0001650258-25-000005	0	24	304143867	N
0001732539-25-000012	0	21	1000991885	N
0000950103-25-010281	3	5	2024238360	
0001104659-25-077976	0	4	50085514	
0001104659-25-077966	0	3	43134425	
0002071170-25-000012	0	349	96614711	N
0001641172-25-023674	1	10	12614836435	
0001104659-25-077958	30	131	26156322215	
0001612063-25-000010	1	807	1957099243	
0001104659-25-077950	0	2	7651480	
0001641172-25-023672	0	1	353146500	
0001104659-25-077949	0	1	142624960	
0001104659-25-077946	0	3	104098141	
0002040608-25-000004	0	9	399440349	N
0000950123-25-007940	0	15	91275131	N
0000950123-25-007937	0	501	250894813	N
0001104659-25-077930	0	2	1755813286	
0001214659-25-012024	0	148	7161278554	
0001104659-25-077906	0	2	397042694	
0001104659-25-077896	1	59	359634893	
0001713269-25-000004	0	12	394969935	N
0001104659-25-077836	0	1	59119457	
0001104659-25-077829	2	28	1871536343	
0001768111-25-000012	0	27	151153996	N
0000919574-25-004649	2	57	115098856	
0001560717-25-000006	1	1143	6316677701	N
0000919574-25-004667	1	13	1569718514	
0001715228-25-000003	0	90	265175644	N
0001601348-25-000004	0	916	406758362	N
0000919574-25-004664	4	302	1253942445	
0001214659-25-012018	0	86	3188125552	
0001763146-25-000004	0	229	656201363	N
0000919574-25-004697	2	12	5114930727	
0001951757-25-001087	0	55	123101022	N
0000919574-25-004679	1	22	310666711	
0001986152-25-000066	0	113	247086904	N
0001213900-25-075901	0	42	977105491	
0000919574-25-004653	0	41	432108077	
0001085146-25-005043	0	26	181347331	N
0001214659-25-012016	0	21	158806980	
0001420506-25-001983	0	78	320667971	N
0001986152-25-000065	0	83	276610660	N
0001029311-25-000009	0	115	661604962	
0000919574-25-004703	0	136	1567741298	
0001448793-25-000008	0	3	205328398	N
0000919574-25-004654	0	24	1073258591	
0000919574-25-004645	1	17	872794797	
0001389958-25-000020	4	2969	54059459853	N
0001802695-25-000007	1	15	397389975	N
0001513126-25-000005	0	137	2369765	N
0001600636-25-000003	1	92	291937	N
0000919574-25-004636	1	18	115111488	
0001951757-25-001088	0	87	173888205	N
0002067071-25-000003	0	24	124822165	N
0001420506-25-001985	0	214	86602712	N
0000919574-25-004635	0	4	220958086	
0001802984-25-000006	0	568	1957847901	N
0001632118-25-000008	0	31	220835009	N
0000919574-25-004693	1	14	1030333399	
0001759004-25-000002	2	823	4203845873	N
0001104659-25-077667	0	180	361810882	
0000919574-25-004678	0	17	327536683	
0001986152-25-000063	0	370670	60	N
0001172661-25-003239	0	472	30834332652	
0000919574-25-004631	0	62	159524667	
0000919574-25-004672	0	35	654609017	
0001632844-25-000005	0	526	142621172	N
0001172661-25-003245	0	46	45383400	
0000950123-25-007873	0	106	694669320	N
0000919574-25-004671	1	24	20483507	
0001317947-25-000007	0	6	275526299	N
0000919574-25-004668	0	30	175217044	
0000950123-25-007878	0	6340	25765109021	N
0001772715-25-000006	2	1299	490731418	N
0001213900-25-075933	0	21	301816471	
0001626116-25-000004	9	1684	1866467777	N
0001275218-25-000004	1	1167	4774014	N
0000919574-25-004682	0	15	232154499	
0002058093-25-000006	0	29	451527969	N
0001140361-25-030943	0	1	0	Y
0001420506-25-001987	0	50	107206668	N
0000919574-25-004637	0	6	768380205	
0000732847-25-000014	0	83	367202179	N
0001695459-25-000006	0	2	2357385328	N
0001172661-25-003236	0	185	3742731063	
0002076107-25-000004	0	20	180476277	N
0001086763-25-000012	2	566	2698647584	
0001420506-25-001981	0	376	770158989	N
0000919574-25-004648	0	523	16876128352	
0001802879-25-000004	0	107	241206	N
0000919574-25-004676	3	36	100627704	
0001214659-25-012008	0	134	176487784	
0000919574-25-004639	2	11	1645236037	
0000919574-25-004628	0	43	5832869392	
0000919574-25-004644	0	0	0	Y
0000919574-25-004641	0	3	249664768	
0000919574-25-004627	1	26	213080953	
0001214659-25-012011	0	517	50099954663	
0001666736-25-000008	0	316	2587124790	N
0001681662-25-000004	0	37	66860	N
0000919574-25-004687	3	51	769940911	
0000932540-25-000034	0	8339	45197586657	N
0001104659-25-077729	0	251	268824869	
0001986152-25-000067	0	94	462779463	N
0001420506-25-001993	0	67	227220650	N
0001140361-25-030927	1	1480	8128236554	
0000919574-25-004655	0	13	2648470384	
0000919574-25-004657	0	19	51303799	
0001172661-25-003237	0	33	4994660284	
0001768111-25-000011	0	24	2111264552	N
0000919574-25-004698	0	361	611159538	
0000919574-25-004699	2	1	12202502	
0001910312-25-000003	0	60	101172	N
0000919574-25-004660	1	46	465336847	
0001938514-25-000006	0	656	391572822	N
0000919574-25-004663	1	189	59979893472	
0000919574-25-004659	0	38	177286278	
0001845199-25-000004	0	415	177073996	N
0001104659-25-077736	0	210	407573395	
0000919574-25-004629	1	21	179115900	
0002063952-25-000003	0	79	151117192	N
0001993352-25-000005	0	109	484876027	N
0001967261-25-000004	0	58	155455541	N
0001420506-25-001991	0	59	21046820	N
0001846311-25-000002	0	71	791775	N
0001986152-25-000068	0	44	117246598	N
0001635409-25-000005	1	0	0	N
0001951757-25-001086	1	118	296463054	N
0001832158-25-000005	1	341	471788706	N
0001172661-25-003231	0	84	403915573	
0001140361-25-030867	0	433	872262476	
0001172661-25-003226	0	615	2644130697	
0001213900-25-075837	0	11	6509617	
0001172661-25-003225	0	1624	23071237805	
0001221073-25-000080	0	147	351034571	
0002043129-25-000004	0	135	211802	N
0000919574-25-004625	0	48	122019728	
0001221073-25-000079	0	65	256822836	
0001221073-25-000078	0	86	187067245	
0001221073-25-000077	0	355	527076566	
0000949509-25-000005	2	46	57644039	N
0001172661-25-003221	0	31	188727324	
0001172661-25-003219	0	165	376595953	
0001085146-25-005042	0	1	5411052	N
0001085146-25-005041	0	66	1080417886	N
0001085146-25-005040	0	354	1041202841	N
0001085146-25-005039	0	191	636356914	N
0001172661-25-003216	2	45	4704514584	
0001213900-25-075815	0	82	539520828	
0000919574-25-004622	1	4	79866769	
0001085146-25-005038	0	0	0	N
0001085146-25-005037	0	0	0	N
0000949509-25-000004	2	178	5814694465	N
0001085146-25-005036	0	0	0	N
0001085146-25-005035	0	0	0	N
0001770940-25-000004	0	27	43784650	N
0001085146-25-005034	5	3063	75964986977	
0001172661-25-003212	0	64	109022271	
0001085146-25-005033	0	20	142131996	N
0001085146-25-005032	0	100	1161193845	N
0001085146-25-005031	0	1	0	N
0001172661-25-003209	0	61	96057467	
0001172661-25-003210	18	4863	289689243871	
0001085146-25-005030	0	48	435809904	N
0001085146-25-005029	0	168	279768756	N
0001172661-25-003208	0	232	209577012	
0001541496-25-000013	0	129	748389875	
0001085146-25-005028	0	240	946147014	N
0001652327-25-000006	0	17	284194845	N
0002011821-25-000005	0	193	402342538	N
0000919574-25-004616	1	3	146416260	
0000950123-25-007852	0	8	52949981	N
0000918893-25-000006	0	77	412529727	
0001691304-25-000005	1	13	215600331	N
0001172661-25-003198	0	492	1463627825	
0001172661-25-003195	2	2	75272883	
0001214659-25-012000	0	93	411674817	
0001691813-25-000015	0	7	997064930	N
0001172661-25-003192	3	715	10763814207	Y
0001809494-25-000004	0	29	85357225	N
0001172661-25-003189	0	29	1550023356	
0001398344-25-015319	0	108	280419573	
0001466697-25-000016	0	915	2709067	N
0001956564-25-000005	0	92	242159279	N
0001172661-25-003185	0	404	782772690	
0001719087-25-000007	1	316	187424251	N
0001303159-25-000004	0	549	9021532772	N
0001569638-25-000006	1	157	583353	N
0001318757-25-000034	4	5574	88778648031	N
0001504941-25-000006	0	140	849358165	N
0001967018-25-000003	0	125	383335186	N
0001420506-25-001976	0	19	291944383	N
0001172661-25-003175	0	206	974256740	
0001172661-25-003174	0	8	235765452	
0001398344-25-015312	0	83	3438158952	
0001172661-25-003170	2	622	19329915189	
0001420506-25-001973	0	89	136188867	N
0000950123-25-007843	0	219	177974737449	N
0001062993-25-014308	0	40	575932977	N
0001415889-25-021657	0	5	719564171	N
0001172661-25-003169	0	33	928153110	
0001172661-25-003168	0	335	1007544661	
0001218749-25-000006	0	39	290560197	N
0001742435-25-000005	0	477	900584307	N
0001940461-25-000006	0	39	35784366	N
0000950123-25-007841	0	5	215970187	N
0001811739-25-000003	0	124	1321806	N
0001691813-25-000013	0	6	187379712	N
0001941369-25-000006	0	147	149723687	N
0002011250-25-000005	0	90	95955890	N
0001172661-25-003164	0	6	90491629	
0000919574-25-004593	0	0	0	
0001892688-25-000146	0	23	932576921	N
0001172661-25-003158	0	225	473451617	
0001083831-25-000011	5	3057	57030939081	N
0001172661-25-003157	4	133	1015684182	
0000935836-25-000497	0	59	101927543	
0001140361-25-030817	0	184	164327030	
0001140361-25-030816	0	1222	14084112039	
0001140361-25-030815	0	265	651139887	
0001140361-25-030814	0	1048	10122302820	
0001420506-25-001963	0	58	178845033	N
0001415889-25-021647	1	1	0	N
0000905148-25-002856	7	3946	9078718409	
0001754960-25-000603	0	49	136357508	N
0001689933-25-000004	0	274	766042555	N
0001661140-25-000003	0	109	3917352161	
0001708828-25-000029	0	35	12397824	N
0001415889-25-021644	0	90	714455988	N
0001667731-25-001115	0	85	431690342	
0001632813-25-000003	2	305	9038127	N
0001766904-25-000003	28	2961	206645527	N
0001667731-25-001114	0	24	344439586	
0000814375-25-000046	1	61	4248392118	N
0001214659-25-011980	0	196	336072205	
0001835730-25-000006	0	39	1208226267	N
0001995612-25-000007	0	14	265241761	N
0001628280-25-040153	1	1	0	Y
0001137774-25-000134	0	246	4853926719	N
0001667731-25-001113	0	102	388774788	
0000945621-25-000761	0	2	18861724	
0001420506-25-001961	0	38	159588843	N
0001757282-25-000005	0	90	239520	N
0001754960-25-000601	0	230	630138505	N
0001999371-25-011256	0	91	732191133	
0001061768-25-000005	0	23	4130042	N
0001708828-25-000028	0	683	25064289905	N
0001104659-25-077579	0	2	148710752	
0000913760-25-000177	3	869	2057334007	
0000902664-25-003557	0	6	111259076	
0001628280-25-040147	1	11	334597257	N
0001535845-25-000009	0	1086	51385183331	N
0001104659-25-077571	0	118	1594952679	
0001427119-25-000011	1	13	3650749574	N
0001906719-25-000003	0	56	283471993	N
0001628280-25-040146	1	2721	17029090697	N
0001314273-25-000005	0	43	843021	N
0001719165-25-000009	1	275	5854643	N
0001104659-25-077566	1	109	1309443683	
0001104659-25-077563	2	184	425296923	
0001099219-25-000198	0	6	10392142	N
0001104659-25-077560	1	126	2223525461	
0001104659-25-077556	0	1018	22558606884	
0001012975-25-000440	2	20	63431048	N
0001667731-25-001112	0	131	340162755	
0001104659-25-077551	0	46	90011639	
0000950142-25-002152	0	4	358766872	
0001104659-25-077550	1	571	2134067550	
0001706013-25-000007	0	75	1282958963	N
0001443689-25-000014	0	55	2590867093	Y
0001580642-25-005096	2	1428	1026570380	
0001104659-25-077549	0	403	10525359959	
0001104659-25-077548	1	119	708801500	
0000803016-25-000021	0	42	240517313	N
0001104659-25-077547	1	641	8891924829	
0001104659-25-077546	0	2	131661551	
0001956649-25-000004	0	81	145018970	N
0001667731-25-001111	0	79	129566377	
0001432529-25-000008	0	512	3515425322	N
0001012975-25-000438	1	12	161342907	N
0001104659-25-077543	0	1	30755902	
0001835407-25-000004	0	4	472945086	N
0001398344-25-015278	2	1366	41903529040	
0000950123-25-007833	0	4	237567809	N
0001104659-25-077536	0	3	1053267422	
0001213900-25-075653	0	3	9609457787	
0001104659-25-077532	0	6	896638110	
0000040729-25-000022	2	105	885191628	N
0001667731-25-001110	0	188	479012597	
0001104659-25-077530	0	6	1241731234	
0001011438-25-000422	0	119	264693147	
0001036248-25-000008	0	129	910401483	N
0001475045-25-000006	2	1374	3562681215	N
0001667731-25-001109	0	57	93648944	
0002023570-25-000005	0	1268	236858635	N
0001104659-25-077527	0	5	459607523	
0001415889-25-021634	1	1	67976906	N
0001085146-25-005026	1	24	11606071163	N
0001085146-25-005024	0	18	434269391	N
0001085146-25-005025	0	29	175460344	N
0000921895-25-002194	3	60	974590161	
0000921895-25-002193	3	12	389795268	
0001085146-25-005022	0	56	425206644	N
0001085146-25-005023	0	12	72922531	N
0001085146-25-005021	1	174	650932007	N
0001085146-25-005020	0	13	182774011	N
0001085146-25-005019	0	8	489084807	N
0001085146-25-005018	0	248	450325970	N
0001512162-25-000047	0	105	3228764	N
0001085146-25-005017	0	38	112484540	N
0001085146-25-005016	0	106	587747237	N
0001085146-25-005015	0	47	965689129	N
0001085146-25-005014	0	0	0	N
0001085146-25-005013	0	724	1057403462	N
0001085146-25-005012	0	560	17437862199	N
0001085146-25-005011	5	1334	48857881606	N
0001420506-25-001956	0	42	281518603	N
0001213900-25-075639	0	126	952844877	
0001214659-25-011975	0	142	572207569	
0000902664-25-003554	0	9	58627004	
0001398344-25-015268	0	29	3414547293	
0000950123-25-007831	0	109	10275076905	N
0001645890-25-000004	0	285	1062530106	N
0001062993-25-014288	0	9	251912014	N
0001766561-25-000003	0	35	66102	N
0000926171-25-000011	4	5709	106763227219	N
0001754960-25-000599	0	101	170774983	N
0002041943-25-000003	0	763	146674302	N
0001986152-25-000062	0	2274	308767077	N
0001174850-25-000038	0	212	578745415	N
0001569884-25-000010	0	96	375963166	N
0001214659-25-011974	0	115	161537436	
0001172661-25-003151	0	585	24791713463	
0000950123-25-007828	0	1	60233193	N
0001176347-25-000008	0	4	630814	N
0001765380-25-000373	0	60	590587452	N
0001077428-25-000139	0	138	276461985	N
0001802655-25-000006	0	358	1070856675	N
0001584801-25-000004	0	36	1293954787	N
0001172661-25-003149	1	1715	6115299626	
0001256484-25-000028	11	20680	727164885290	N
0001037389-25-000034	0	3522	75171481593	N
0002055216-25-000003	0	156	134724748	N
0000943663-25-000224	0	99	6318128147	
0001018331-25-000006	7	2064	63029874	
0001172661-25-003147	0	120	897420021	
0001044797-25-000004	1	84	2065330562	N
0001349353-25-000008	0	15	463483227	N
0001376474-25-000744	0	167	205506820	
0001775863-25-000008	0	407	1175358296	N
0001172661-25-003146	0	89	344101713	
0001214659-25-011971	0	22	69195798	
0000312069-25-000558	6	11369	251887114	N
0001047859-25-000004	0	15	62955690	N
0000897069-25-001322	0	2053	17355383827	
0001593387-25-000006	2	1307	2561795382	N
0001361974-25-000011	0	176	17550958	N
0001694127-25-000003	0	8	250186826	N
0001283072-25-000004	4	2973	12600203061	N
0001172661-25-003144	0	72	81554448	
0001172661-25-003143	0	105	3596574628	
0001633227-25-000003	0	125	793715356	N
0001214659-25-011968	0	114	202554611	
0001172661-25-003142	0	185	419755432	
0001767812-25-000005	0	60	422815429	N
0000913760-25-000176	3	346	245304775	
0001353098-25-000005	0	16	287405158	N
0002058915-25-000004	4	1169	219822769	N
0001214659-25-011966	0	190	611046832	
0001172661-25-003141	1	4175	55126758564	
0000914208-25-000341	14	24840	587990232435	N
0000724683-25-000112	0	20	129642038	N
0001807270-25-000004	1	498	100922376	N
0001172661-25-003140	0	3	71429166	
0001172661-25-003139	0	4430	25746124546	
0001110806-25-000003	0	244	1303397	N
0001104659-25-077496	0	24	486327395	
0000913760-25-000175	3	515	1579166817	
0001812853-25-000004	0	235	138858138	N
0001768089-25-000005	0	124	317593590	N
0001894571-25-000005	0	19	1117415850	N
0001713521-25-000004	0	107	356496193	N
0001104659-25-077492	0	25	395968030	
0001463217-25-000006	0	1352	138503313	N
0001445546-25-005500	4	2844	124337582051	
0001828822-25-000003	0	19	124399692	N
0001172661-25-003138	0	6	268064106	
0000892712-25-000095	0	289	1031981446	N
0001315863-25-000601	0	45	5955315478	N
0000913760-25-000174	3	426	252859171	
0000884589-25-000009	0	581	4194667915	N
0002033266-25-000005	1	231	163434145	N
0001964437-25-000008	0	24	246760882	N
0001420506-25-001938	0	28	159991231	N
0000913760-25-000173	3	433	1566820827	
0001710537-25-000006	2	12073	2214770369	N
0000950123-25-007808	3	189	201950275	N
0001123292-25-000359	2	2	466372349	
0002035601-25-000004	0	94	168360314	N
0001555512-25-000003	0	20	228817307	N
0001322853-25-000007	0	53	439203297	N
0001656150-25-000003	0	55	172887866	N
0001623632-25-000972	7	4129	53114491069	
0001162695-25-000003	0	57	678392985	N
0001651023-25-000006	0	677	3252649291	N
0001214659-25-011960	0	64	469667517	
0000913760-25-000172	2	388	222969180	
0001872130-25-000011	0	54	96555458	N
0001785545-25-000005	0	229	489449829	N
0000913760-25-000171	2	303	1151995174	
0001730299-25-000003	0	64	144569	N
0000929638-25-003005	2	2	388	
0000929638-25-003004	1	295	4373518	
0000913760-25-000170	2	376	213844899	
0001104659-25-077468	0	78	254393302	
0000919458-25-000003	0	511	1388657497	N
0001214659-25-011958	0	54	1451547482	
0001600583-25-000006	0	41	111467800	N
0000913760-25-000169	2	295	1039239381	
0001951757-25-001085	1	114	118720631	N
0001951757-25-001084	0	164	173287539	N
0001398344-25-015245	0	65	706864136	
0001172661-25-003135	0	25	15031700325	
0001286534-25-000003	0	76	495716	N
0001062993-25-014282	0	652	128163505113	N
0001626220-25-000006	0	34	2422117619	N
0001606720-25-000004	1	38	362780251	N
0001420506-25-001929	0	39	594314614	N
0001940033-25-000005	0	159	304099166	N
0001020066-25-000029	0	20	507820315	N
0001951757-25-001083	4	1179	10320384907	N
0001701879-25-000003	0	85	11654011	N
0001398344-25-015242	0	127	441434242	
0002079921-25-000002	1	27	110086009	N
0001689013-25-000004	0	302	660790681	N
0002035601-25-000003	0	121	220469340	N
0000071633-25-000012	0	5	351300766	N
0001759354-25-000005	0	46	167854769	N
0001349434-25-000003	0	56	3753739100	N
0001020066-25-000028	0	66	34831307652	N
0001727573-25-000011	0	68	336083840	N
0002011325-25-000004	0	18	189805232	N
0001398344-25-015239	0	18	129471009	
0002079995-25-000003	0	169	121356358	N
0001420506-25-001926	0	267	69607395	N
0002079995-25-000002	0	159	116649824	N
0001080132-25-000003	0	89	249291638	N
0002079995-25-000001	0	156	116588168	N
0001104659-25-077455	0	495	755681029	
0000898432-25-000599	1	483	3564828448	
0000944733-25-000003	0	44	219844357	N
0001908612-25-000006	0	97	201818583	N
0000914208-25-000340	0	7	71081696	N
0000898432-25-000597	0	20	85503410	
0000919574-25-004558	4	243	3562462717	
0001971875-25-000003	0	196	346568083	N
0001402828-25-000008	1	1919	141499615573	N
0001214659-25-011950	0	52	261839408	
0001021117-25-000003	0	130	556259999	N
0002080423-25-000002	0	231	811255206	N
0001512901-25-000003	0	111	463554136	N
0002055574-25-000003	0	46	154757013	N
0001512991-25-000030	0	1595	3900438979	N
0000950123-25-007797	7	12763	29104088084	N
0001034541-25-000005	0	28	3418883792	N
0001041062-25-000152	3	454	11064960484	N
0002010278-25-000005	0	149	509279977	N
0000919574-25-004555	2	7	287374223	
0001420506-25-001923	0	62	833769194	N
0000898432-25-000595	0	19	69161354	
0001140361-25-030741	1	84	595043651	
0001962933-25-000004	0	97	349023957	N
0001104659-25-077447	0	116	311590319	
0001677044-25-000015	4	14286	45316526646	N
0001765380-25-000372	0	167	277332564	N
0002000324-25-002721	0	304	8391819851	N
0001104659-25-077444	0	1	177230	
0001915842-25-000018	0	103	6250130186	N
0002059579-25-000004	0	69	230398497	N
0001104659-25-077440	0	120	134104819	
0001951757-25-001082	0	56	195971638	N
0001104659-25-077438	0	418	1492855641	
0001085936-25-000028	2	398	3748107087	N
0001642570-25-000009	0	202	804492654	N
0001420506-25-001916	0	43	269067590	N
0001104659-25-077432	0	31	182841777	
0002051605-25-000004	0	173	142737269	N
0000945621-25-000757	4	525	6190318561	
0001630709-25-000005	0	11	96754149	N
0001941040-25-000482	0	25	1659068726	
0001104659-25-077427	0	253	701997290	
0001855713-25-000007	0	527	1546250396	N
0001214659-25-011946	0	38	160612015	
0001104659-25-077422	0	217	856083601	
0001398344-25-015229	0	255	2049159536	
0001511291-25-000003	0	30	354466	N
0001986152-25-000061	0	85	401670269	N
0000919574-25-004549	0	6	294568075	
0000945621-25-000752	2	5	353554512	
0001104659-25-077418	0	137	838085639	
0001941040-25-000481	0	1250	9581611299	
0002054682-25-000005	0	73	207380900	N
0000943663-25-000218	0	8	455141897	
0001398344-25-015226	0	117	379364322	
0001462390-25-000018	0	102	152589767	N
0001437749-25-026425	0	308	166293866	N
0001879898-25-000006	4	15	858771418	
0001629984-25-000006	0	34	260050879	N
0001322613-25-000005	0	27	415837	N
0001085146-25-005005	0	261	1210274653	N
0001104659-25-077409	0	181	995918768	
0000943663-25-000216	0	100	776529433	
0001566475-25-000015	0	2626	56076802590	
0001727827-25-000007	0	430	325456217	N
0000900973-25-000008	3	148	29941487823	N
0001667731-25-001106	0	367	519254379	
0001566475-25-000013	0	2626	56076802590	
0001454502-25-000004	1	10	570775	N
0000913760-25-000168	2	372	193663444	
0001765690-25-000002	0	468	1074694245	N
0000913760-25-000167	2	278	922288432	
0000919079-25-000010	0	1114	156971424045	
0001745796-25-000006	0	47	532851	N
0001831003-25-000005	0	308	370730	N
0000899140-25-000948	0	6	1751677857	
0000913760-25-000166	2	361	187210212	
0000926171-25-000010	4	5709	106763227219	N
0001172661-25-003133	0	240	32586427255	
0001597857-25-000006	1	68	355445360	N
0001599016-25-000004	0	52	316018601	N
0001736225-25-000027	0	1406	11402310	N
0001765380-25-000370	0	441	1108444738	N
0000913760-25-000165	2	264	818990884	
0001172661-25-003132	0	77	656652246	
0000898432-25-000593	0	37	336612649	
0002052590-25-000003	0	56	94194069	N
0002036388-25-000009	0	78	119640856	N
0001377635-25-000008	0	6	27685147	N
0000850529-25-000005	0	986	251889373564	N
0001735513-25-000004	0	436	772365	N
0000919574-25-004541	0	84	236994566	
0001642044-25-000006	1	51	28233	N
0001556008-25-000003	0	8	107508372	N
0001697228-25-000004	0	5	89375018	N
0001535061-25-000005	0	827	3595997278	
0001172661-25-003131	0	4	14708493	
0002052564-25-000004	0	67	198063416	N
0000913760-25-000164	2	400	180833921	
0001999371-25-011223	0	715	4347039680	
0001827734-25-000005	0	24	2099828617	N
0001767366-25-000008	0	57	261190343	
0000913760-25-000163	2	254	743338613	
0000950123-25-007783	0	4	194252064	N
0001172661-25-003130	0	1111	22188732130	
0001085146-25-004997	0	144	240006003	N
0000200724-25-000006	0	512	1191498229	N
0000897101-25-000466	0	127	450375178	
0000913760-25-000162	2	356	177440735	
0001172661-25-003129	0	274	1405016056	
0002006405-25-000004	0	52	59997701	N
0001710537-25-000005	0	1563	296450670	N
0001602476-25-000004	0	89	229419513	N
0002056576-25-000003	0	79	48842610	N
0001965307-25-000004	0	144	124609	N
0002055645-25-000006	0	9	64667389	N
0001011443-25-000031	0	202	4719278337	Y
0001420506-25-001911	0	240	163952901	N
0001590144-25-000006	0	9	16630510	N
0001587281-25-000011	2	345	75735435	N
0001341401-25-000034	0	178	7650162031	N
0000913760-25-000161	2	269	786393853	
0001058470-25-000007	0	189	438255406	N
0001011443-25-000030	0	14	2116172294	
0002057073-25-000005	0	13	79802023	N
0000897069-25-001318	1	1	72628000	Y
0001011443-25-000029	0	1	27822682	
0001769700-25-000006	0	51	208373445	N
0000913760-25-000160	2	440	168117099	
0001883719-25-000006	0	78	135098364	N
0001842361-25-000006	0	26	236341450	N
0001750405-25-000005	0	988	500019318	N
0001172661-25-003128	0	112	106969448	
0001013594-25-000994	0	77	134933296	
0000950123-25-007781	2	4963	131911756550	N
0001816616-25-000005	0	60	2942435964	N
0001376879-25-000006	0	25	7923718	N
0001214659-25-011937	0	168	318820892	
0001214659-25-011936	0	67	82568737	
0001398344-25-015216	1	11	218476860	
0000913760-25-000159	2	262	747006346	
0000310436-25-000004	0	28	33006491	N
0000945621-25-000748	0	129	6498187105	
0001807092-25-000008	0	18	168935796	N
0001104659-25-077368	3	40	1828541	
0001765380-25-000369	0	324	1198620810	N
0001631084-25-000003	0	20	311064197	N
0001741001-25-000007	0	117	186674330	N
0000913760-25-000158	2	587	687193008	
0001039807-25-000006	0	286	1505775	N
0001762068-25-000005	0	107	373518564	N
0001696438-25-000006	0	61	148091887	N
0002008648-25-000003	0	49	163157345	N
0000913760-25-000157	2	111	155060498	
0001062993-25-014268	0	863	12729057637	N
0001172661-25-003127	0	35	1242357913	
0001821219-25-000002	0	20	443380	N
0001085146-25-004993	0	167	1472011798	N
0000860643-25-000004	0	85	9408724979	N
0001998389-25-000006	0	54	192368359	N
0001213900-25-075422	0	3	74273801	
0001172661-25-003126	0	37	141359697	
0001062993-25-014266	0	63	1629448350	N
0001114928-25-000007	0	57	2465003106	N
0000913760-25-000156	2	355	537477086	
0001172661-25-003125	0	83	427434982	
0001172661-25-003124	0	25	1695539182	
0001754960-25-000597	0	22	382760040	N
0001099281-25-000009	0	52	484925755	N
0000913760-25-000155	2	199	191559934	
0002044874-25-000007	0	89	88593498	N
0000929638-25-002988	1	1	613047598	
0000898432-25-000591	1	16	82391669	
0001172661-25-003122	0	92	251515456	
0001172661-25-003121	0	261	4638829584	
0000950123-25-007775	3	552	12599873997	N
0001013594-25-000992	0	24	751966021	
0001765536-25-000007	0	809	4424203456	N
0000913760-25-000154	2	510	611065208	
0000929638-25-002987	1	1	147579391	
0002005369-25-000020	5	2	930229455	
0001172661-25-003120	0	111	402165583	
0001422848-25-000151	2	580	687946402170	N
0001422848-25-000149	2	431	499459087347	N
0000913760-25-000153	2	211	206590992	
0001422848-25-000148	3	287	5205822204	N
0001172661-25-003119	0	7	54313750	
0001359262-25-000005	0	24	998336416	N
0001422848-25-000147	3	148	2610434764	N
0001422848-25-000146	3	301	10294502788	N
0001422848-25-000145	2	443	580563961423	N
0001352272-25-000012	0	21	93080355	
0001172661-25-003118	0	46	213787462	
0001422848-25-000144	3	279	11543651270	N
0000919574-25-004520	1	34	349513717	
0001993888-25-000015	6	2000	98300620504	N
0001422848-25-000143	3	144	561351357	N
0001040188-25-000057	9	3239	155069729031	
0001801573-25-000004	0	64	162154715	N
0001641604-25-000005	0	22	195085871	N
0001172661-25-003117	2	472	1484160819	
0002011184-25-000013	0	176	708698355	N
0000913760-25-000152	2	547	1057847016	
0001420506-25-001904	0	81	295267359	N
0001420506-25-001902	0	16	90685086	N
0002050130-25-000005	0	579	2507914184	N
0001965484-25-000003	0	2898	185577623	N
0001766721-25-000004	0	13	359671696	N
0000913760-25-000151	2	74	186386475	
0001344717-25-000011	0	331	649646185	N
0001439805-25-000007	0	254	2060467	N
0001765595-25-000006	0	119	460597	N
0000913760-25-000150	2	74	186386475	
0001213900-25-075395	0	8	1273606715	
0001986152-25-000060	0	104	197903357	N
0001013234-25-000003	0	109	188480746	N
0001140361-25-030726	0	353	1447371700	
0001740316-25-000003	0	123	434325	N
0002022614-25-000006	0	28	122272738	N
0002052594-25-000006	3	175	3490929679	N
0001376474-25-000743	0	47	154975430	
0001172661-25-003115	0	108	988330426	
0001658020-25-000011	0	210	7083275793	N
0001420506-25-001900	0	15	224350944	N
0000913760-25-000149	2	37	31429579	
0001172661-25-003113	0	73	187126195	
0001172661-25-003112	0	20	187698494	
0001172661-25-003111	3	3046	25668655121	
0001062993-25-014263	0	31	1758722885	N
0001420506-25-001899	0	11	140893129	N
0000897069-25-001316	0	206	837012664	
0001172661-25-003110	0	105	543391869	
0001993485-25-000006	0	70	2573140058	N
0001569137-25-000007	0	104	829948434	N
0001172661-25-003109	0	123	584224795	
0001420506-25-001895	0	420	830713941	N
0001172661-25-003107	0	67	118883435	
0002005369-25-000014	2	111	1932435966	
0001172661-25-003106	0	144	587335519	
0001353394-25-000006	0	22	969178703	N
0001700286-25-000013	1	42	634256996	
0001420506-25-001894	0	46	175374342	N
0000902664-25-003541	0	2	816528300	
0001819581-25-000005	0	98	336582180	
0001556785-25-000025	0	38	5672703847	
0001420506-25-001892	0	69	340345605	N
0002081278-25-000001	0	236	398258044	N
0001584087-25-000019	0	113	217083979	N
0001172661-25-003105	1	1090	8078271194	
0001398344-25-015201	0	285	2205098820	
0000913760-25-000148	2	540	836588603	
0001768824-25-000008	0	13	32041	N
0001172661-25-003103	1	6	543881181	
0001162044-25-000811	0	148	565781679	
0001172661-25-003102	1	51	11681958363	
0001624758-25-000006	1	1786	3000847	N
0001604350-25-000024	0	24	1822375112	
0001376474-25-000742	0	64	287069528	
0001062993-25-014256	0	95	70277732787	N
0001398344-25-015198	2	172	1897300342	
0001942364-25-000004	0	299	2687041836	N
0001951757-25-001081	0	48	188721628	N
0001172661-25-003101	1	221	682956177	
0001104659-25-077329	0	28	136392535	
0001951757-25-001080	0	249	587894808	N
0001951757-25-001079	0	107	142919665	N
0001951757-25-001078	0	366	439322509	N
0001172661-25-003099	0	132	132312541	
0001951757-25-001077	1	110	175968165	N
0001808389-25-000004	0	199	1329829934	N
0001376474-25-000740	0	27	94168097	
0001951757-25-001076	0	114	122061893	N
0001951757-25-001075	0	70	230275643	N
0001951757-25-001074	0	111	689748959	N
0001951757-25-001073	0	87	241748321	N
0001896379-25-000006	0	18	310219262	N
0001398344-25-015195	0	26	287804907	
0001951757-25-001072	0	77	215699263	N
0000904454-25-000412	0	10	1355564277	
0000810265-25-000009	0	3197	75181041	N
0001568303-25-000007	0	368	383177705	N
0000950123-25-007762	0	14	73922171	N
0001765380-25-000368	0	104	118671499	N
0001632968-25-000006	0	137	1267666121	N
0001641864-25-000007	0	55	2915802815	N
0001140361-25-030722	0	237	4697182595	
0001140361-25-030720	14	3070	118313634893	
0001172661-25-003098	0	100	332811292	
0001062993-25-014250	0	73	323053733	N
0001062993-25-014249	0	83	31453340782	N
0001172661-25-003097	1	106	202305593	
0001062993-25-014244	0	80	759083048	N
0001398344-25-015191	0	1092	686924532	
0002059365-25-000005	0	93	132638222	N
0001172661-25-003096	0	60	704857232	
0001427514-25-000005	0	537	3022031855	N
0001214659-25-011913	0	76	126381453	
0001420506-25-001887	0	194	294328039	N
0001062993-25-014242	0	1699	77186128207	N
0000312348-25-000028	1	1145	79798430447	N
0001534653-25-000009	1	930	22920737523	N
0001081668-25-000011	0	48	340032887	N
0000904793-25-000007	0	13	171509	N
0001415889-25-021537	7	3455	129871987526	N
0001587281-25-000007	0	439	295800787	N
0001398344-25-015189	0	698	1210243908	
0001999371-25-011194	0	11	143229890	
0001587281-25-000005	2	401	2643585706	N
0001587281-25-000003	2	454	4656015519	N
0001214659-25-011911	0	70	215705260	
0001172661-25-003095	0	86	318196702	
0001834499-25-000010	1	400	2754489963	N
0001374170-25-000079	0	1707	801148788270	N
0002057421-25-000059	0	16	359554931	N
0001782974-25-000004	0	9	282239083	N
0001800608-25-000003	0	52	34700053	N
0001085146-25-004980	1	860	21171786362	N
0001104659-25-077291	0	1	0	
0001172661-25-003093	1	26	492289956	
0001085146-25-004979	0	784	2713385924	N
0001085146-25-004978	1	235	1016298565	N
0001999371-25-011189	0	9	114031560	
0001323645-25-000008	0	2312	36303709281	N
0002010453-25-000003	0	156	145372860	N
0001085146-25-004977	0	0	0	N
0001104659-25-077288	0	80	113952029	
0001719387-25-000008	0	11	601305987	N
0001085146-25-004976	0	0	0	N
0001085146-25-004975	0	0	0	N
0001085146-25-004974	0	0	0	N
0001510940-25-000005	0	21	761426347	N
0000950123-25-007744	3	6	687539822	N
0001085146-25-004973	0	0	0	N
0001730814-25-000005	0	232	544744347	N
0001085146-25-004972	0	41	1316546907	N
0001085146-25-004971	0	24	110019984	N
0001085146-25-004970	0	0	0	N
0001085146-25-004969	0	128	751227304	N
0001140361-25-030709	0	188	462500958	
0001085146-25-004968	0	94	6174318016	N
0001042537-25-000006	0	21	210440057	N
0001085146-25-004966	0	133	391760842	N
0001398344-25-015185	0	26	179226497	
0001398344-25-015186	0	12	416064315	
0001398344-25-015184	0	155	4709793187	
0001013594-25-000991	0	153	522083689	
0001420506-25-001876	0	119	370969854	N
0001752724-25-186512	2	406	6044790203	N
0000938076-25-000008	0	2148	56350624655	N
0000892712-25-000092	2	1031	2222112759	N
0001085146-25-004965	1	99	278894341	N
0001085146-25-004964	0	266	1232764711	N
0001720235-25-000005	0	179	334194136	N
0001085146-25-004963	0	40	2215701190	N
0001085146-25-004962	0	262	340102714	N
0001085146-25-004961	0	94	273989582	N
0001085146-25-004960	0	33	37348814	N
0001789082-25-000005	0	18	1896132376	N
0001651424-25-000010	1	1000	5805428390	N
0001104659-25-077272	0	39	90429085	
0001104659-25-077271	0	16	340047000	
0001104659-25-077270	0	261	543483728	
0000950123-25-007735	0	4	384056300	N
0001012975-25-000433	0	62	453542009	N
0001104659-25-077249	1	2	1852345	
0001595521-25-000007	0	220	502929269	N
0001843527-25-000004	0	31	293970091	N
0000873630-25-000007	15	9561	166505723974	N
0001085146-25-004957	0	3653	137190418675	N
0001072613-25-000542	0	608	33230736907	
0002032331-25-000009	1	63	112602542	N
0001910173-25-000005	0	15	134744322	N
0001822015-25-000009	0	9	124419288	N
0001840129-25-000005	0	70	378346873	N
0001911270-25-000005	0	0	0	N
0000950123-25-007728	56	23134	78473815145	N
0000950123-25-007720	0	26	694668770	N
0001104659-25-077140	0	10	1485311348	
0001817652-25-000005	0	61	1279986484	N
0001104659-25-077127	0	56	969226761	
0001549575-25-000006	0	5	271601546	
0002080247-25-000001	0	102	572181819	N
0001965546-25-000004	0	11	141541011	N
0001213900-25-075249	0	90	791015290	
0001104659-25-077118	0	97	4271184643	
0001104659-25-077112	2	1	1532421631	
0000950123-25-007717	0	1	249276210	N
0000950123-25-007716	2	22	141839617	N
0000950123-25-007711	0	33	249983388	N
0000950123-25-007712	0	7	1017845473	N
0000950123-25-007705	4	239	6139756771	N
0000950123-25-007710	0	699	44948771026	N
0001768375-25-000007	0	29	4601166	N
0001104659-25-077096	0	6	141977666	
0001964631-25-000006	0	8	331462008	N
0001104659-25-077064	4	1	1384390874	
0001104659-25-077063	0	48	163271716	
0001214659-25-011890	2	189	999999281	
0001801547-25-000005	0	20	1527724740	N
0001817681-25-000004	0	1	130305437	N
0000950142-25-002146	0	6	9408534159	
0001214659-25-011879	0	1527	7169848292	
0001104659-25-077016	0	31	2568525706	
0001095449-25-000061	0	141	215422889	N
0001085146-25-004949	0	1335	2778377005	N
0001172661-25-003092	0	11	62753124	
0001844835-25-000005	0	133	684940955	N
0001754960-25-000576	0	40	134444762	N
0001961738-25-000006	0	40	488409159	N
0001221073-25-000076	0	174	212149351	
0001634255-25-000006	1	7	401210295	N
0001754960-25-000578	0	34	119774587	N
0001754960-25-000586	0	44	95657656	N
0001085146-25-004951	0	288	2023161178	N
0002036114-25-000003	0	538	153810313	N
0001754960-25-000585	0	48	98509092	N
0000943663-25-000213	0	57	9698098462	
0001808029-25-000011	0	12	313629955	N
0001398739-25-000013	0	523	12293888	N
0001214659-25-011885	0	19	9785093470	
0001062993-25-014224	0	117	348572462	N
0001986042-25-000012	0	1499	1281731874	N
0001420506-25-001875	0	151	496986669	N
0002079815-25-000002	0	58	132454824	N
0002033536-25-000068	0	490	4030426645	N
0001754960-25-000593	0	400	3846345988	N
0000919574-25-004495	2	35	280745994	
0001754960-25-000580	0	52	121134647	N
0001056973-25-000013	0	65	242111554	N
0001104659-25-076994	0	73	124592715	
0002036114-25-000002	0	234	106625429	N
0001832237-25-000005	0	87	558627	N
0001095449-25-000062	0	50	106976640	N
0001085146-25-004950	0	100	1161193845	N
0000919574-25-004499	0	8	153586566	
0001172661-25-003089	0	11	3102803664	
0001845849-25-000003	1	273	32432570	N
0000950123-25-007666	0	27	497331104	N
0002045258-25-000004	6	111	134850812	N
0001754960-25-000592	0	11	140808716	N
0001908617-25-000006	0	52	158553320	N
0002079815-25-000003	0	56	123666556	N
0000950123-25-007665	0	2	101780260	N
0001754960-25-000582	0	82	97982033	N
0001750585-25-000008	0	19	94821540	N
0001754960-25-000587	0	43	91090449	N
0001172661-25-003090	0	171	2145714310	
0002063364-25-000203	0	49	104782477	N
0000919574-25-004493	1	6	71826931	
0002031554-25-000004	0	11	384641961	N
0001104659-25-076952	10	9	283528357	
0001104659-25-077000	0	36	61632627	
0001214659-25-011877	4	42	65224783	
0001420506-25-001872	0	11	204509680	N
0001172661-25-003091	0	98	484936875	
0001140361-25-030647	0	177	7774582487	
0001172661-25-003088	0	23	351588902	
0002039501-25-000012	0	63	79710584	N
0001754960-25-000584	0	48	111217882	N
0001104659-25-077002	3	150	162805598	
0002010858-25-000004	0	324	524851782	N
0001730896-25-000038	0	167	2590903421	N
0001754960-25-000589	0	148	216302257	N
0002066359-25-000002	0	51	130048656	N
0001755723-25-000003	0	171	297290020	N
0002079815-25-000001	0	60	159681441	N
0002056427-25-000004	0	8	109133568	N
0001846789-25-000005	0	48	236228037	N
0001085601-25-000007	0	44	2444602313	N
0001140361-25-030609	1	321	142199170	
0001730467-25-000004	0	46	524506732	N
0001111797-25-000006	0	41	260034952	N
0000950123-25-007655	1	4	711920924	N
0002010374-25-000005	0	82	215985	N
0001404652-25-000004	0	427	1528743332	N
0001172661-25-003087	0	393	787531757	
0001013594-25-000987	0	84	215763646	
0001013538-25-000006	0	58	1580958947	N
0001140361-25-030605	0	5	514946020	
0001964958-25-000004	0	678	1164262952	N
0001698926-25-000003	0	121	199275841	N
0000899140-25-000939	0	6	100810394	
0001512858-25-000003	0	36	349735000	N
0001739728-25-000004	3	1810	3817942683	N
0001056823-25-000019	0	352	8433163227	N
0001632958-25-000011	0	13	970209226	N
0002011882-25-000002	0	343	1421839543	N
0001214659-25-011870	0	37	489886299	
0001890698-25-000003	0	160	198504892	N
0001104659-25-076898	0	11	662354749	
0001979028-25-000004	0	51	767904779	N
0001172661-25-003085	0	153	816954373	
0001315478-25-000025	0	135	14325487664	N
0001546531-25-000008	1	3	13770975	N
0001104659-25-076893	1	9	72575243	
0000752798-25-000014	4	0	0	N
0001546531-25-000006	3	6	102620586	N
0001172661-25-003083	0	85	803921648	
0001765380-25-000364	0	101	186602506	N
0001172661-25-003082	0	99	956152833	
0001104659-25-076885	0	191	841283403	
0002017259-25-000014	1	290	328261030	N
0000950123-25-007647	0	2	29238731	N
0001104659-25-076877	0	2	108051557	
0001757128-25-000005	0	698	6973239	N
0002012041-25-000009	0	35	254916840	N
0001776821-25-000003	0	62	214952073	N
0000950123-25-007645	0	1	160488046	N
0001469751-25-000008	0	316	5123171133	N
0001104659-25-076868	0	1	253464074	
0001214659-25-011865	0	82	392634513	
0001398344-25-015122	0	76	226253045	
0001828301-25-000027	6	2275	2412093501	N
0000947871-25-000740	6	1024	6268359513	
0001513779-25-000003	0	65	200528	N
0002033536-25-000067	0	350	2217554826	N
0001765380-25-000363	0	166	355960474	N
0000890163-25-000009	0	342	1228250842	
0001172661-25-003081	0	28	108413607	
0001172661-25-003080	0	103	106681862	
0002032561-25-000002	0	88	219150570	N
0001723397-25-000005	0	4117	12799019550	N
0001381954-25-000004	0	34	255885	N
0001172661-25-003078	1	154	4927210575	
0001667731-25-001102	0	72	979389464	
0001214659-25-011858	0	0	0	
0000950142-25-002142	0	2	267908362	
0001104659-25-076833	1	2	53766386	
0001331875-25-000058	0	14	3965151915	N
0001398344-25-015113	0	153	265241734	
0001764049-25-000010	0	292	1069558	N
0000950142-25-002141	0	3	316240843	
0000007789-25-000121	1	321	3528155745	N
0000921895-25-002157	2	14	221863414	
0001104659-25-076821	0	20	177883819	
0001739877-25-000005	0	626	4909383457	N
0000950142-25-002140	0	3	551651707	
0001730293-25-000006	0	627	1227596158	N
0001104659-25-076820	0	6	80728913	
0001542108-25-000005	0	133	1163366126	N
0002000324-25-002709	1	1472	5585526897	N
0001104659-25-076815	0	6	123796408	
0001097833-25-000012	2	29	150453423	N
0001214659-25-011856	0	13	267419808	
0000201772-25-000006	0	298	549965759	N
0001765380-25-000361	0	80	718647660	N
0001398344-25-015109	0	248	282397590	
0000050863-25-000117	2	3	255517497	N
0000846797-25-000004	1	204	679804723	N
0001889539-25-000055	2	3	448686649	N
0001085146-25-004939	0	118	163394872	N
0001490429-25-000004	0	65	1273970946	N
0001085146-25-004938	0	100	136262177	N
0001085146-25-004937	0	173	453755962	N
0001765876-25-000004	0	178	1004910142	N
0001388443-25-000005	2	156	255582	N
0001376474-25-000736	0	34	101339304	
0001765380-25-000360	0	81	313841296	N
0001085146-25-004936	3	4644	25287751763	N
0001085146-25-004935	0	0	0	N
0001085146-25-004934	0	0	0	N
0001085146-25-004933	0	0	0	N
0001172661-25-003077	0	53	99302582	
0001802244-25-000008	0	67	54971478	N
0000919574-25-004475	1	535	6568999758	
0001974438-25-000004	0	135	93684	N
0001085146-25-004932	0	0	0	N
0001531593-25-000006	0	1058	519617230	N
0000948046-25-000112	17	13750	271584980364	
0000908834-25-000236	0	1	0	
0001085146-25-004931	0	0	0	N
0002032685-25-000004	0	1	187944901	N
0001085146-25-004930	0	0	0	N
0001085146-25-004929	0	0	0	N
0001475933-25-000007	0	257	105587484	N
0001085146-25-004927	0	741	2214681485	N
0001085146-25-004926	0	0	0	N
0001085146-25-004925	0	0	0	N
0001040210-25-000004	0	117	1744326134	N
0001085146-25-004924	6	1244	11896084736	N
0001974403-25-000004	0	23	8854278	N
0001667731-25-001101	0	93	504284772	
0001765380-25-000357	0	135	670962580	N
0001085146-25-004923	0	41	653957226	N
0001396318-25-000017	0	1235	23444282431	N
0001085146-25-004921	0	160	4259348107	N
0001667731-25-001100	0	72	211566488	
0001085146-25-004920	0	68	978557017	N
0001085146-25-004919	0	0	0	N
0001667731-25-001099	0	41	61412662	
0001390043-25-000003	0	53	310211066	N
0001085146-25-004918	1	22	136480253	N
0001667731-25-001098	0	37	215238528	
0001085146-25-004917	1	649	1647131260	N
0001885946-25-000003	0	30	77267508	N
0001667731-25-001097	0	629	432296220	
0001104659-25-076787	0	674	4457590604	
0001667731-25-001096	0	12	184299083	
0001085146-25-004916	0	149	169151939	N
0001085146-25-004915	4	1708	90047376740	N
0002054129-25-000004	1	57	311971584	N
0001667731-25-001095	0	242	473486405	
0001085146-25-004914	0	1461	4703425011	N
0001965542-25-000007	0	30	175529701	N
0001056559-25-000003	0	438	2364521806	N
0001754960-25-000575	0	1	7362006	N
0000950123-25-007639	0	131	1531062590	N
0001632966-25-000005	0	235	379103533	N
0001393389-25-000005	0	1206	761214096	N
0001765380-25-000355	0	302	1012878786	N
0001539041-25-000036	0	963	9714578	
0001085146-25-004911	0	52	114940680	N
0001697953-25-000007	0	458	1695736	N
0001667731-25-001094	0	265	404305006	
0001172661-25-003076	0	71	1178506496	
0001667731-25-001092	0	365	712085588	
0001172661-25-003075	0	3	35259155	
0001821268-25-000188	0	45	1859648416	
0001055980-25-000004	1	3763	3168691423	
0001172661-25-003074	1	57	822802884	
0001085146-25-004910	2	2847	184054411999	N
0001085146-25-004909	0	0	0	N
0002011399-25-000001	0	0	0	N
0001982273-25-000003	0	722	918490509	N
0001128213-25-000004	0	197	559773421	N
0001596468-25-000007	0	41	117647464	N
0000315032-25-000065	5	207	113084911147	N
0001986812-25-000008	0	13	218943021	N
0000919574-25-004471	2	1917	1274121350	
0001811513-25-000033	1	5	381805	N
0001793367-25-000004	0	167	657473332	N
0001765380-25-000350	0	119	813944450	N
0001085146-25-004908	1	879	6498750515	N
0001580642-25-005069	0	3808	4035123075	
0001877822-25-000006	0	51	413966121	N
0001278793-25-000006	0	91	252715860	N
0001735775-25-000005	0	0	0	N
0002055810-25-000003	3	1301	16496744272	N
0001104659-25-076764	0	457	1238278678	
0001104659-25-076763	0	141	306529066	
0001965267-25-000004	0	66	260537481	N
0001137774-25-000126	7	3827	77405254907	N
0001082339-25-000006	0	1105	6113482749	N
0001752724-25-186395	0	12	225517461	N
0001104659-25-076759	0	67	154778312	
0001104659-25-076758	0	96	283797260	
0001104659-25-076755	0	80	259466108	
0002022076-25-000003	0	86	157942915	N
0001104659-25-076750	0	85	338295266	
0001104659-25-076749	0	177	561691709	
0000950123-25-007628	1	58	853040105	N
0001104659-25-076748	0	195	418929011	
0001104659-25-076741	0	87	145668701	
0001259261-25-000007	0	116	418373	N
0001104659-25-076740	0	40	176695075	
0001104659-25-076739	0	320	1008766015	
0001765380-25-000344	0	110	149669104	N
0001104659-25-076738	0	110	113584283	
0001104659-25-076737	0	95	375083287	
0000009015-25-000015	5	216	4282321194	N
0001132699-25-000004	0	275	1335227	N
0001742315-25-000005	0	106	1103309238	N
0001104659-25-076731	0	170	308913854	
0001172661-25-003073	0	377	882812967	
0001104659-25-076730	0	171	310121493	
0001353395-25-000002	0	101	130054539	N
0001120048-25-000003	0	8	489078	N
0001977992-25-000003	0	101	182084374	N
0001838211-25-000007	0	23	386742931	N
0001172661-25-003071	0	51	237998836	
0001398344-25-015085	0	172	642433748	
0000950123-25-007621	0	1	0	N
0001878495-25-000017	0	124	65290758	N
0001483870-25-000005	2	802	3111229286	N
0001765380-25-000342	0	205	1880676518	N
0001941040-25-000478	1	84	695172620	
0002058285-25-000004	0	1458	138102012	N
0001172661-25-003069	1	537	2613001561	
0001909307-25-000010	0	37	173624719	N
0001765380-25-000339	0	277	733151982	N
0000941560-25-000025	0	76	400373837	N
0001512020-25-000010	1	48	74612	N
0001779040-25-000005	0	181	203691855	N
0001398344-25-015079	0	234	423668764	
0001690531-25-000005	0	164	1094500394	N
0001841857-25-000004	0	68	109809348	N
0001172661-25-003068	0	36	194829022	
0001569036-25-000007	0	71	700025	N
0001771944-25-000005	0	8	456699784	N
0001403438-25-000005	0	5548	299807977402	N
0001104659-25-076721	0	39	584125663	
0001398344-25-015075	0	477	4612262867	
0001085146-25-004895	0	0	0	N
0001448574-25-000005	0	469	4838072868	N
0001546865-25-000004	0	175	810379380	N
0001434165-25-000009	0	990	818663686	N
0001420506-25-001860	0	18	1000703596	N
0001844142-25-000004	0	97	271383666	N
0001740837-25-000009	1	46	1138263658	N
0001780985-25-000004	0	528	1400375	N
0001104659-25-076717	0	56	563159289	
0002059126-25-000004	0	5	968628771	Y
0001172661-25-003066	0	15	58308503	
0001898131-25-000003	0	79	465345	N
0001387303-25-000003	2	13	131505624	N
0001376474-25-000728	0	32	108288928	
0001420506-25-001859	0	0	0	N
0002054680-25-000004	0	36	107806242	N
0001172661-25-003065	1	90	504989395	
0001163648-25-000009	1	1327	26656612	N
0001282189-25-000004	0	34	303785704	N
0001765380-25-000337	0	34	277342827	N
0001172661-25-003064	0	2	167092613	
0000950123-25-007613	0	1	0	N
0000930413-25-002413	5	7719	361837087861	
0001172661-25-003063	0	249	417083033	
0001896476-25-000004	0	13	1467808940	N
0001689646-25-000007	0	589	1506554952	N
0001104659-25-076708	0	10	4485344288	
0001625292-25-000011	0	453	865998953	N
0001172661-25-003062	0	59	212832943	
0000354204-25-001097	4	13721	431918807315	N
0001898131-25-000002	0	148	223609	N
0001752724-25-186359	1	3632	578176067557	N
0001214659-25-011840	1	147	588417620	
0001025835-25-000129	1	309	187378690	N
0001162827-25-000005	0	54	623729016	N
0001172661-25-003061	0	692	11689203374	
0002011649-25-000005	0	95	128236342	N
0001172661-25-003059	0	176	508481549	
0001966116-25-000004	0	55	134000641	N
0000914973-25-000004	0	97	245236678	N
0001434819-25-000009	2	539	33771116349	
0001172661-25-003058	0	167	714174688	
0001314404-25-000003	0	124	3298736471	N
0001323255-25-000026	3	189	13369301432	
0001691982-25-000006	0	34	2140716436	N
0001140334-25-000006	0	580	5822639528	N
0002040393-25-000003	0	42	363329113	N
0001172661-25-003057	0	339	429161458	
0001213900-25-074785	4	3	106804050	
0001725296-25-000047	4	219	9641208175	N
0000919574-25-004464	1	15	387433156	
0001172661-25-003056	0	43	3584764188	
0000009634-25-000005	1	1639	6174758758	N
0001420506-25-001855	0	156	1168338558	N
0001595907-25-000004	0	23	73797414	N
0000897069-25-001282	0	329	193731055	
0001795705-25-000004	45	2769	463109019	N
0002034566-25-000005	0	61	139056701	N
0001006378-25-000014	1	569	7121523468	N
0001765380-25-000336	0	95	227008112	N
0001142031-25-000028	0	277	3023497693	N
0000950123-25-007601	1	1	243154032	N
0001802967-25-000006	0	9	136374214	N
0001951757-25-001071	0	114	508248667	N
0000950123-25-007596	1	1	91888341	N
0001951757-25-001070	0	82	189015630	N
0001951757-25-001069	0	26	148013147	N
0001951757-25-001068	0	59	184971218	N
0001951757-25-001067	0	82	99056996	N
0001172661-25-003055	0	125	234057151	
0001697855-25-000027	0	262	693691616	N
0001951757-25-001066	0	180	632479656	N
0001951757-25-001065	0	210	394366837	N
0001964203-25-000004	0	337	276610510	N
0000950123-25-007590	1	0	0	N
0001951757-25-001064	2	70	470177411	N
0001104659-25-076678	0	1	87781866	
0001951757-25-001063	0	47	108581533	N
0001077583-25-000005	0	145	3963277430	N
0000709428-25-000011	0	406	1143957583	N
0001951757-25-001062	0	157	164791836	N
0001951757-25-001061	0	112	151676054	N
0001951757-25-001060	0	49	143806569	N
0000872259-25-000008	0	332	19761587379	N
0001085146-25-004887	0	1	0	N
0001134813-25-000007	0	233	368018	N
0001428569-25-000005	0	29	300469213	
0001714678-25-000005	0	135	204720	N
0002056519-25-000007	0	419	123406135	N
0001104659-25-076670	0	9	249414450	
0001214659-25-011831	0	62	104270878	
0001832158-25-000004	1	228	359586043	N
0000894189-25-005538	0	3427	40230841505	
0001423442-25-000008	0	2479	14670407334	
0001633445-25-000009	0	1479	8866127232	
0001945037-25-000004	0	1001	386440002	N
0001104659-25-076668	0	80	385948865	
0001092838-25-000004	0	112	246255539	N
0001062993-25-014128	1	38	6936455294	N
0001499094-25-000004	0	25	4561676602	
0001104659-25-076665	0	3	2208968908	
0001104659-25-076664	0	220	660312505	
0001172661-25-003053	1	86	190715320	
0002059344-25-000003	0	220	269106	N
0001104659-25-076660	0	1	60587804	
0001843010-25-000004	0	461	1252148504	N
0002034054-25-000006	0	163	169746118	N
0001625292-25-000009	0	1449	2649761018	N
0001213900-25-074748	0	112	2763540776	
0002056519-25-000006	0	7185	147724768	N
0001910146-25-000008	0	74	367395509	N
0000108634-25-000009	0	100	116839293	N
0001104659-25-076657	0	1	132752203	
0001586767-25-000008	0	3035	2175840775	N
0001172661-25-003052	0	233	224531748	
0001172661-25-003051	0	222	413524301	
0002059344-25-000002	0	702	332256	N
0001104659-25-076654	0	4	408031862	
0000950123-25-007582	1	3	643264732	N
0002040263-25-000003	0	9	184377137	N
0000313028-25-000050	2	404	30172832316	N
0001348883-25-000013	1	761	123160554624	
0000935836-25-000487	0	1	0	
0001718570-25-000004	0	271	3420659	N
0001767868-25-000004	0	479	693715516	N
0001519676-25-000009	0	104	263138971	
0001888610-25-000004	0	15	133487182	N
0001104659-25-076650	4	5	610080840	
0002032350-25-000004	0	443	137540311	N
0001172661-25-003049	0	20	1299836802	
0001115418-25-000017	0	4194	116772519515	N
0001138897-25-000004	0	12	76340077	
0001789908-25-000004	0	2	172578233	N
0001951757-25-001059	0	70	90033621	N
0000764068-25-000101	3	8243	402868523429	N
0001630365-25-000009	0	130	298691462	N
0001137429-25-000004	0	221	315058887	N
0001094499-25-000007	2	85	2607623617	
0001748726-25-000003	0	77	383567473	N
0000897069-25-001280	0	399	8353219189	
0000829108-25-000004	0	572	14198870548	
0001104659-25-076632	0	14	250683200	
0002056519-25-000005	0	81	192521205	N
0001060021-25-000120	31	49987	5253068841298	N
0000946629-25-000007	0	181	152077606	N
0001838222-25-000006	0	107	602359	N
0002049542-25-000002	0	87	205318237	N
0001434997-25-000005	0	87	1121051657	N
0001184820-25-000013	0	249	464935067	N
0001765380-25-000332	0	243	936821126	N
0001581811-25-000007	1	25	9747354446	N
0000935836-25-000486	0	67	4697838829	
0000902664-25-003518	0	493	1800058316	
0001398344-25-015018	0	1054	2628965737	
0000867626-25-000014	0	505	1168335240	N
0001420506-25-001851	0	250	750605625	N
0001742418-25-000006	0	50	1438626602	N
0001420506-25-001849	0	272	2416931813	N
0001580415-25-000009	0	182	643192174	N
0001376474-25-000727	0	42	256150122	
0001420506-25-001848	0	95	133011762	N
0001512026-25-000006	0	280	1332380887	N
0001696615-25-000003	0	198	896337510	N
0001420506-25-001847	0	158	222265111	N
0001420506-25-001846	0	547	309681831	N
0001420506-25-001843	0	11	144275645	N
0001654033-25-000009	0	85	203016081	N
0001794467-25-000002	0	61	563757812	N
0001909316-25-000005	13	3050	3082075030	N
0000809593-25-000036	0	2	10080514	
0001062993-25-014121	0	17	262446232	N
0001085146-25-004863	0	88	105960148	N
0000945621-25-000733	0	22	576472813	
0001711360-25-000004	0	11	139944567	N
0000038777-25-000153	21	13663	377185682938	
0001162044-25-000810	0	1178	419484539	
0001802874-25-000008	0	4	198599194	N
0001214659-25-011826	0	28	85309175	
0000950123-25-007571	0	264	260836649	N
0001641864-25-000006	0	54	2712666291	N
0001807878-25-000008	0	3	74941134	N
0001104659-25-076600	0	2	6388625993	Y
0001910185-25-000004	0	0	0	N
0001533964-25-000007	3	1394	1957204	N
0001172661-25-003047	0	385	578358571	
0001001011-25-000008	0	168	162652742	N
0001398344-25-015014	0	544	439754833	
0002080094-25-000001	0	488	121074514	N
0001641864-25-000005	0	62	2735961075	N
0001172661-25-003046	0	40	759620736	
0001172661-25-003045	0	0	0	
0001843547-25-000009	0	3	5733711	N
0001999371-25-011103	3	65	1770704446	
0002021442-25-000003	0	24	168030243	N
0001040197-25-000005	0	3960	14472421310	N
0000950123-25-007568	0	613	2709190314	N
0001951757-25-001058	0	51	151185688	N
0002021047-25-000005	0	250	425975058	N
0001437749-25-026065	1	123	154641627	N
0001727783-25-000007	0	343	313454899	N
0001298088-25-000014	3	3459	55983098375	N
0000892712-25-000091	0	155	456766059	N
0001398344-25-015011	0	126	262081849	
0001727993-25-000009	0	154	478308460	N
0001589176-25-000004	1	117	1072042987	N
0001894044-25-000004	0	18	30875630	N
0000892712-25-000090	0	213	1793476573	N
0001062993-25-014119	0	52	130508159	N
0001601384-25-000007	0	281	974040804	N
0001398344-25-015009	0	15	1311488574	
0001765380-25-000329	0	69	158644168	N
0001524408-25-000009	0	63	3359957	N
0000950123-25-007564	0	1	84405500	N
0001398344-25-015007	0	135	573659399	
0001840755-25-000005	0	28	198411752	N
0001556245-25-000004	0	101	1392098690	N
0001420506-25-001832	0	750	729557284	N
0001217541-25-000014	0	180	21756185234	N
0001172661-25-003042	0	753	2420618855	
0001104659-25-076575	0	191	333993490	
0001765380-25-000328	0	73	318735555	N
0001172661-25-003041	1	60	186711484	
0002052710-25-000004	1	977	119705040	N
0001398344-25-015005	0	184	362393679	
0000902664-25-003517	0	41	512412836	
0001140361-25-030523	1	527	204396642	
0001910174-25-000004	0	59	114708225	N
0000919185-25-000009	17	31400	1529211332934	N
0002080880-25-000001	0	32	116628412	N
0001398344-25-015001	0	90	260112337	
0000912282-25-000858	1	716	24117917355	
0001803005-25-000004	0	75	267555307	N
0000898432-25-000586	0	49	1102269266	
0001976151-25-000022	0	749	1258926097	N
0001104659-25-076542	1	1512	20652647371	
0001765380-25-000327	0	100	96182776	N
0000950123-25-007561	1	10	1260014646	N
0001398344-25-014999	0	68	3686711873	
0001512020-25-000009	0	0	0	N
0001310929-25-000004	0	118	1708101209	N
0001854024-25-000005	0	6	71498886	N
0000919185-25-000007	0	289	2454144608	N
0001674020-25-000006	1	321	188602357	N
0001453526-25-000004	0	41	96569337	N
0001747744-25-000005	0	20	237649890	N
0001561082-25-000003	0	157	7675472835	N
0001172661-25-003039	0	21	405166711	
0001765380-25-000326	0	82	321357105	N
0001582202-25-000007	0	2332	166943435841	N
0001677501-25-000008	60	481	540526568	N
0001398318-25-000010	0	1513	28167722	N
0001172661-25-003037	0	1	381399798	
0001544599-25-000004	0	610	33336355813	N
0001172661-25-003036	0	4	752926135	
0001423673-25-000003	0	76	1417933621	N
0001535387-25-000005	0	887	735981000	N
0001470723-25-000006	0	34	109368102	N
0001085146-25-004847	0	264	1570662599	N
0001670627-25-000003	0	22	264474	N
0001770632-25-000011	4	302	5477644787	N
0000950123-25-007551	0	342	68305557275	N
0001104659-25-076349	0	41	1073558673	
0001415889-25-021468	0	34	376862545	N
0001214659-25-011810	0	36	276504731	
0001178913-25-002759	3	205	10167512	
0001583092-25-000010	0	139	2405837	N
0001221073-25-000075	0	261	405141976	
0001750451-25-000006	0	3	51586083	N
0002036346-25-000007	0	13	288176685	N
0000950123-25-007490	2	63	2309270164	N
0001921093-25-000004	0	155	178888046	N
0001754960-25-000566	0	50	131920094	N
0001710785-25-000010	0	4	151230199	N
0001221073-25-000074	0	175	1370749562	
0001520309-25-000024	0	49	27692100	N
0001583092-25-000011	0	6	838639	N
0001822809-25-000001	0	13	216714703	N
0001104659-25-076298	2	268	1441968140	
0001172661-25-003033	0	10	127468233	
0001632574-25-000011	1	7	929333	N
0000950142-25-002129	0	2	176806322	
0002079687-25-000001	0	169	134249180	N
0001172661-25-003029	0	15	281841898	
0001979884-25-000007	0	29	1324467230	Y
0001754960-25-000572	0	70	69630029	N
0001933952-25-000006	0	11	158575163	N
0001754960-25-000562	0	15	194179214	N
0001845501-25-000007	0	17	277272819	N
0001085146-25-004820	0	239	23843766396	N
0001172661-25-003035	0	123	198958350	
0001780055-25-000004	0	246	361549	N
0000898419-25-000012	4	857	16585136389	N
0001583092-25-000009	0	104	1271932	N
0001454984-25-000011	0	1697	58422383491	N
0001085146-25-004841	0	94	189636826	N
0001085146-25-004822	0	135	542196030	N
0001727407-25-000002	0	143	173276747	N
0001172661-25-003031	0	46	143893503	
0001085146-25-004845	0	89	143036626	N
0001754960-25-000570	0	168	205385053	N
0001172661-25-003034	0	10	263966715	
0000949853-25-000004	0	18	51942269	N
0002022893-25-000005	0	107	78447393	N
0001316617-25-000009	0	157	7400008888	N
0001807559-25-000006	0	51	193278286	N
0001754960-25-000571	0	80	87030974	N
0001085146-25-004840	0	116	664895240	N
0001085146-25-004846	0	163	428270831	N
0001085146-25-004843	0	114	472641229	N
0001172661-25-003032	0	93	108328820	
0000950123-25-007498	0	12	112431972	N
0001832521-25-000006	0	31	542786854	
0002013499-25-000007	0	169	134249149	N
0001896150-25-000020	0	429	362027362	N
0001668453-25-000003	0	0	0	N
0001085146-25-004842	0	36	150513816	N
0001104659-25-076263	0	43	337826099	
0001085146-25-004844	0	79	187984284	N
0001754960-25-000564	0	49	146916903	N
0001398344-25-014994	0	523	1353672939	
0001471085-25-000005	0	27	1273010556	N
0001085146-25-004821	0	298	1513663528	N
0001754960-25-000573	0	66	67848089	N
0001890435-25-000003	0	41	247477602	N
0001221073-25-000073	0	85	83356853	
0001554179-25-000006	0	4	241449199	N
0001754960-25-000568	1	105	290254623	N
0001140361-25-030255	1	68	4320303531	
0001925685-25-000004	0	247	163660511	N
0000950123-25-007482	0	8	90490861	Y
0001941040-25-000476	0	475	1035516374	
0002018166-25-000005	0	40	156372000	N
0001887785-25-000004	0	3	12619	N
0000078003-25-000142	0	24	576193012	N
0001941040-25-000475	0	10	146526672	
0001104659-25-076226	0	1	84858689	
0001398344-25-014971	0	31	1768825916	
0001715862-25-000005	0	161	406547	N
0001172661-25-003028	0	53	2986842569	
0000950123-25-007478	0	19	277387744	N
0001765380-25-000325	0	197	427408846	N
0001398344-25-014968	0	102	305809180	
0001591122-25-000007	0	590	2105773197	N
0001774035-25-000003	0	24	170670128	N
0001308778-25-000004	0	43	501408189	N
0001541596-25-000005	0	148	237769	N
0001315059-25-000007	0	85	976786789	N
0002079207-25-000002	0	551	108087817	N
0002012421-25-000007	0	561	275897781	N
0001903786-25-000004	0	106	259061089	N
0001015877-25-000008	0	70	141723593	N
0001214659-25-011799	0	3	181139141	
0001104659-25-076188	0	3	73414273	
0002071468-25-000013	0	276	186606662	N
0001896430-25-000006	0	332	973254075	N
0001750086-25-000004	0	873	841289146	N
0000950123-25-007471	0	8	82136885	N
0001646247-25-000005	0	971	17795409588	N
0000950123-25-007470	0	3	293600992	N
0001821268-25-000186	0	26	2163501656	
0000902664-25-003484	0	17	1248900017	
0000036066-25-000009	0	412	1252612018	N
0001765380-25-000324	0	227	728660773	N
0001172661-25-003026	0	57	144500624	
0001415889-25-021428	0	1	0	N
0001420506-25-001828	0	34	151347508	N
0001172661-25-003025	0	244	890045584	
0001602020-25-000007	0	523	302092946	N
0002050660-25-000006	0	516	302748891	N
0001356513-25-000006	1	17	1853932381	Y
0001911391-25-000008	0	55	114460363	N
0001104659-25-076169	0	1	195529923	
0001172661-25-003024	0	44	318559319	
0001650303-25-000004	0	53	331711318	N
0001941040-25-000474	0	49	188225815	
0000944234-25-000004	0	282	2776790719	
0001104659-25-076161	0	98	321970868	
0001537720-25-000011	0	523	2939335504	
0001950118-25-000003	0	87	506400227	N
0001085146-25-004805	0	22	48409868	N
0001420506-25-001824	0	10	151585875	N
0001953154-25-000003	0	28	195404137	N
0001802225-25-000006	0	113	197638253	N
0000950123-25-007463	0	0	0	Y
0002055134-25-000005	0	98	94075582	N
0001166309-25-000008	0	25	169556545	N
0001085146-25-004804	0	333	126189120741	N
0001104659-25-076146	0	19	202893298	
0001595862-25-000005	0	59	390810868	N
0001172661-25-003023	0	46	108430872	
0001799957-25-000005	0	56	194147306	N
0000905729-25-000138	0	163	1048441821	
0001765380-25-000323	0	155	722988812	N
0001172661-25-003022	0	191	1045435271	
0000898417-25-000008	1	4	10004831	N
0001214659-25-011792	0	63	138024688	
0001214659-25-011791	0	133	932812345	
0000919574-25-004431	1	1	87353513	
0001172661-25-003021	0	113	154203712	
0001172661-25-003020	0	140	288081823	
0002053786-25-000004	0	82	165876000	N
0001172661-25-003018	0	110	397244850	
0000935836-25-000485	0	15	146168972	
0001405086-25-000217	0	8	120304566	N
0001667731-25-001085	1	866	675172514	
0001420506-25-001822	0	111	319038792	N
0001172661-25-003016	1	499	963847701	
0002004873-25-000005	0	381	578416032	N
0001420506-25-001820	0	172	2275066029	N
0001911391-25-000007	0	111	205668019	N
0002041062-25-000009	0	17	417396491	N
0001172661-25-003015	0	185	1370974194	
0001214659-25-011788	0	123	237943806	
0001847772-25-000004	0	303	185426	N
0001172661-25-003014	0	67	128853367	
0001765380-25-000322	0	271	257765313	N
0001376772-25-000004	0	133	420529000	N
0001891904-25-000007	0	22	132458722	N
0001767151-25-000005	0	269	388841834	N
0002052595-25-000038	1	1992	13964541211	
0000899140-25-000906	0	23	36475491	
0000945621-25-000723	0	10	692475741	
0001085146-25-004796	0	124	1004862591	N
0001600999-25-000004	0	48	769705395	N
0000950123-25-007459	4	1783	8244593	N
0001094584-25-000003	0	508	118169	N
0001108831-25-000008	0	125	132811	N
0001085146-25-004794	0	190	256542448	N
0001085146-25-004793	0	43	113541279	N
0001085146-25-004792	0	20	133213545	N
0001954889-25-000027	0	338	9259553264	N
0001172661-25-003012	1	82	1017193002	
0002078353-25-000001	0	52	82937657	N
0001855205-25-000046	0	697	310253353	N
0001085146-25-004791	0	41	236846741	N
0001830817-25-000005	0	259	382965070	N
0001559789-25-000003	0	481	1334148197	N
0001214659-25-011785	0	52	160737490	
0000908195-25-000009	0	311	1244194556	N
0002011652-25-000004	0	162	152850323	N
0001606588-25-000005	0	467	2888514468	N
0001855205-25-000045	0	145	243765740	N
0000947871-25-000732	1	1146	10457904790	
0001085146-25-004790	0	53	106969881	N
0001592828-25-000010	0	508	1910193006	N
0001592828-25-000009	24	4275	8834685163	N
0001214659-25-011783	0	6	155624414	
0001752724-25-185843	6	16643	6178129573955	N
0001062993-25-014036	0	76	229005422	N
0001372312-25-000005	1	1098	12402214598	N
0001535202-25-000003	0	39	124171752	N
0000930413-25-002405	1	73	80134887	
0000717538-25-000082	1	286	949676486	N
0000950123-25-007440	8	73	309858174	N
0001934415-25-000004	0	143	2044645200	N
0001717977-25-000005	0	16	264754	N
0001172661-25-003009	2	6	411074231	
0000905148-25-002801	3	5	640155872	
0000752365-25-000004	0	152	344148859	N
0001512920-25-000007	0	208	2114905321	
0001172661-25-003008	0	121	197878778	
0001172661-25-003007	0	86	824864511	
0001214659-25-011779	0	64	252382936	
0001398344-25-014950	0	170	1158313502	
0001855205-25-000044	0	6	54765290	N
0002056410-25-000004	0	89	109209633	N
0001911520-25-000005	0	147	159560504	N
0001140361-25-030114	0	84	1454107860	
0001855205-25-000043	0	1332	288828010	N
0001376474-25-000722	0	176	212200277	
0000906304-25-000173	0	782	9743944645	
0001831542-25-000003	0	75	449321973	N
0001766159-25-000004	0	410	1043183095	
0000919574-25-004426	0	4	78945862	
0002023166-25-000004	0	297	127897150	N
0001861159-25-000007	0	57	434586	N
0001085146-25-004784	0	213	524391805	N
0001398344-25-014939	0	314	1778478927	
0001172661-25-003006	0	216	342451693	
0001352860-25-000004	0	728	598523314	N
0001508236-25-000007	1	7	100494399	N
0001855205-25-000042	0	830	2274497078	N
0001580642-25-005035	0	964	6384348192	
0002068236-25-000007	0	84	226662054	N
0000923338-25-000005	1	77	862945938	N
0001909846-25-000005	1	2892	169526	N
0001172661-25-003004	0	36	338498491	
0001808523-25-000007	0	17	68111723	N
0001172661-25-003002	0	1	355442	
0001580642-25-005033	0	87	211151041	
0002011802-25-000003	0	144	217266713	N
0001172661-25-003001	0	106	1590334205	
0001855205-25-000041	0	55	103022466	N
0001074902-25-000021	0	186	284239789	N
0000950123-25-007431	0	9	233471849	N
0001140361-25-030107	2	190	10025334143	
0000923338-25-000004	0	0	0	N
0001085146-25-004783	0	97	132371747	N
0001172661-25-002999	0	57	275906191	
0001840014-25-000007	0	40	294794784	N
0001767699-25-000005	0	105	124882123	N
0001172661-25-002997	0	86	389262656	
0001855205-25-000040	0	311	208693212	N
0001988408-25-000009	0	94	251513674	N
0001172661-25-002996	0	127	651309030	
0001726752-25-000006	0	453	760340342	N
0000943712-25-000017	0	2	256492010	N
0001172661-25-002995	0	561	1487986830	
0001912128-25-000003	0	51	178440019	N
0002052321-25-000005	0	68	130607921	N
0001962713-25-000006	0	174	637494364	N
0001988408-25-000008	0	114	164569234	N
0001720777-25-000005	0	148	216929482	N
0002067343-25-000003	0	1428	118572703	N
0002046822-25-000004	0	43	97154848	N
0001420506-25-001813	0	147	287583482	N
0000905729-25-000135	0	80	267811747	
0001582272-25-000003	0	142	202835646	N
0001720777-25-000004	0	321	1244404884	N
0001988408-25-000007	0	153	305490062	N
0001214659-25-011774	0	17	141441395	
0001420506-25-001811	0	72	192606171	N
0001828776-25-000007	0	34	365196295	N
0001420506-25-001809	0	371	763901473	N
0002052321-25-000004	0	86	226084516	N
0000012600-25-000009	0	3679	5321981703	N
0001424379-25-000017	0	20	797724106	
0000315297-25-000007	0	1886	25917164	N
0001688774-25-000013	0	21	917924882	N
0001424379-25-000016	0	1	19618742	
0001424379-25-000015	0	1	20053355	
0001085146-25-004782	0	75	278577546	N
0001398344-25-014907	0	14	234347930	
0001109767-25-000005	0	678	1454670808	N
0001765380-25-000321	0	66	497615439	N
0001819815-25-000003	0	599	585430913	N
0001085146-25-004781	0	97	445694967	N
0001532262-25-000005	0	13	1364774504	N
0001843578-25-000006	0	70	271794613	N
0001536592-25-000005	0	138	2544017230	N
0001085146-25-004779	0	186	182137995	N
0001397424-25-000008	1	415	385288998	N
0001483467-25-000008	0	224	500346818	N
0001140361-25-030098	0	159	234563714	
0001988408-25-000006	0	119	114936841	N
0002011751-25-000008	0	25	409013390	N
0001798736-25-000003	0	201	187584103	N
0001912226-25-000004	0	8	99845173	N
0001050470-25-000010	0	838	427194	N
0001062993-25-014027	58	4349	1890594263	N
0001988408-25-000005	0	84	274205584	N
0001082917-25-000004	0	1168	11171932	N
0002059349-25-000003	0	40	379346	N
0000709428-25-000007	0	406	1143957583	N
0001398344-25-014903	2	16	414612019	
0001591546-25-000014	0	133	418262612	N
0001085146-25-004777	0	263	4509954225	N
0001950118-25-000002	0	90	554477346	N
0001085146-25-004776	0	156	802735508	N
0001104659-25-076057	0	1547	15554557832	
0001062993-25-014025	0	1541	3468058620	N
0001795934-25-000005	0	742	2258242215	N
0001398344-25-014895	3	1070	17336393056	
0002018936-25-000005	0	56	176920809	N
0002059349-25-000002	0	53	203216	N
0001085146-25-004775	0	2510	18568460626	N
0001837320-25-000008	0	15	193784835	N
0001845688-25-000004	0	324	1222227	N
0001085146-25-004774	1	27	53761028	N
0001085146-25-004773	0	0	0	N
0001085146-25-004772	0	84	263580148	N
0001633703-25-000007	0	30	581700300	
0001085146-25-004771	0	135	120495038	N
0001085146-25-004770	0	176	197095410	N
0001085146-25-004769	0	3752	79830099842	N
0001085146-25-004768	0	72	257593758	N
0001734493-25-000009	0	104	1066708516	N
0001085146-25-004767	0	447	3152112797	N
0001085146-25-004766	0	21	239474727	N
0001085146-25-004765	0	0	0	N
0001172661-25-002993	0	77	1055105458	
0001772031-25-000003	0	256	702723507	N
0001104659-25-076039	3	1	3528800	
0001172661-25-002991	0	43	146157659	
0001062993-25-014021	0	60	118081608	N
0001861026-25-000012	0	79	3117713360	
0001714672-25-000003	0	38	280678782	
0002002603-25-000004	0	228	519253744	N
0002024908-25-000027	0	48	484470600	N
0000936944-25-000008	1	1127	4077077663	N
0001420506-25-001805	0	7	164219179	N
0000752365-25-000003	0	40	122712405	N
0001822587-25-000004	0	1529	489912814	N
0001963860-25-000030	0	56	401942149	Y
0001673907-25-000005	0	169	2741664	N
0001535385-25-000003	0	192	7806028636	N
0001346378-25-000004	0	209	828372909	N
0001172661-25-002990	0	62	154336392	
0002024908-25-000026	0	3	53236617	N
0001172661-25-002989	0	108	334149647	
0001278249-25-000005	0	191	930239156	N
0001172661-25-002988	0	247	1857081392	
0001885432-25-000006	0	1	0	N
0001855205-25-000039	0	237	149223047	N
0002013334-25-000016	0	11	231872528	N
0000740913-25-000010	1	97	4510788821	N
0001903044-25-000006	0	113	242371963	N
0001078013-25-000005	0	1629	11932045211	N
0001615135-25-000004	0	66	344820719	N
0001015086-25-000007	0	536	536	N
0001977181-25-000002	0	253	1034692491	N
0000950123-25-007416	0	3	8606916963	Y
0000950123-25-007415	0	1	7571672	N
0001468395-25-000007	0	14	146845235	N
0001398344-25-014888	1	1751	12272700879	
0001992519-25-000004	0	590	199503768	N
0001855205-25-000038	0	336	407193248	N
0001793755-25-000006	0	895	2451743000	N
0001622610-25-000004	0	57	311805882	N
0002011548-25-000003	0	146	144131368	N
0002055834-25-000005	0	1	0	Y
0000950123-25-007409	0	1	0	Y
0001828776-25-000006	0	34	162945361	N
0001085146-25-004764	0	113	248276314	N
0001999371-25-011019	0	552	256326380	
0001140361-25-030078	2	154	8507533393	
0000919574-25-004423	0	3	40914600	
0001855205-25-000037	0	603	1150111888	N
0001104659-25-076007	1	89	220607238	
0001104659-25-076006	0	101	298749942	
0000945621-25-000715	0	3	622233164	
0002010644-25-000004	0	51	164833812	N
0001398344-25-014884	0	46	1636844472	
0001104659-25-076000	0	234	523267475	
0001580415-25-000008	0	46	72708951	N
0001104659-25-075997	0	149	379777778	
0001104659-25-075991	0	229	784939861	
0001873435-25-000008	0	5	344596769	N
0001104659-25-075989	0	116	418708000	
0001214659-25-011768	0	121	405287504	
0001062993-25-014015	0	730	1128273456	N
0001104659-25-075985	0	3016	1595791542	
0001104659-25-075984	0	135	428134785	
0001140361-25-030017	5	2318	36468002906	
0000831001-25-000145	12	15854	203588923980	N
0001787274-25-000005	0	246	866479	N
0001844891-25-000004	0	4	1531049458	N
0001714267-25-000006	0	43	441401261	
0002050138-25-000004	0	29	93374644	N
0002044885-25-000006	6	756	6740720468	N
0001667731-25-001081	0	96	66327251	
0001213900-25-073920	3	3	228813294	
0002057170-25-000008	4	2009	56531321343	N
0001754960-25-000560	0	823	19909552411	N
0001665751-25-000006	0	7	153630194	N
0002043136-25-000011	0	161	441823652	N
0001754960-25-000559	0	69	124200452	N
0001666606-25-000003	0	162	673660	N
0001178913-25-002720	3	565	1451901781	
0001754960-25-000557	0	94	231182390	N
0002056052-25-000003	7	217	134817788	N
0001104659-25-075856	2	805	1495904643	
0001754960-25-000555	0	24	132177399	N
0001178913-25-002712	2	59	649272	
0001104659-25-075834	0	25	169876894	
0001539919-25-000003	0	155	3758725724	N
0001826394-25-000004	0	93	181261373	N
0001788558-25-000006	0	6	24751272	N
0001505207-25-000011	0	51	260192945	N
0001214659-25-011763	0	57	1305878994	
0001890149-25-000005	1	1879	581564616	N
0001594417-25-000005	2	110	273047422	N
0000950123-25-007379	1	4	141674286	N
0001908177-25-000004	0	723	1685330579	N
0002067126-25-000003	0	188	222731131	N
0001941040-25-000469	0	18	135435813	
0002033053-25-000007	0	33	165311239	N
0002056287-25-000003	0	2	201099411	N
0000950123-25-007383	0	1	0	Y
0001941040-25-000468	0	361	340494827	
0001683168-25-005819	1	1015	509302151	
0001941040-25-000465	0	176	2208664126	
0001580642-25-005011	0	1311	1048535182	
0001580642-25-005009	0	75	427133651	
0000898432-25-000576	1	7	51401348	
0001398344-25-014865	0	731	297688496	
0000898432-25-000575	3	20	5032012385	
0001085146-25-004761	0	1	18220000	N
0001085146-25-004760	0	1	19961050	N
0001085146-25-004759	0	1347	10394185555	N
0001986042-25-000011	0	110	416253290	N
0001297496-25-000022	0	93	5227493603	N
0001799964-25-000005	0	160	424650165	N
0001062993-25-013989	2	174	3504744593	N
0001171200-25-000262	0	83	8532330700	
0001999371-25-010989	1	309	5071920691	
0001896419-25-000006	0	182	229265986	N
0000005272-25-000095	1	3	4367821735	N
0001910660-25-000003	1	107	163932133	N
0001172661-25-002985	0	47	74487154607	
0001683168-25-005805	0	2	398321806	
0001123292-25-000345	0	2	593260500	
0001091370-25-000006	0	545	1431107	N
0001667731-25-001078	0	77	133716749	
0001123292-25-000343	0	453	8808555832	
0001292814-25-002988	1	398	2645184101	
0001791965-25-000005	1	1303	5906755567	N
0001709478-25-000009	0	1	128578665	Y
0001765380-25-000320	0	62	223576311	N
0001104659-25-075702	1	1	119415029	
0000950123-25-007372	0	3	163320055	N
0000950123-25-007373	0	4	165650042	N
0000950123-25-007374	0	4	64223946	N
0002056763-25-000004	0	220	147727926	N
0000714364-25-000007	0	693	323621	N
0001104659-25-075681	0	12	4880938850	
0001398344-25-014846	0	275	2911162329	
0000759944-25-000112	2	901	6223768207	N
0000950123-25-007364	0	14	1436154595	N
0001376474-25-000721	0	41	715308083	
0000950123-25-007363	7	12	5031150514	N
0001172661-25-002984	0	89	429040349	
0001172661-25-002983	0	13	6113792290	
0001072613-25-000522	0	81	1076155413	
0001085146-25-004757	1	3025	10652229167	N
0000950123-25-007360	2	2	445981679	N
0001695658-25-000007	0	32	566203	N
0001062993-25-013943	2	98	2260202723	N
0000935836-25-000484	0	70	627621823	
0001765380-25-000319	0	95	222802363	N
0001085146-25-004754	0	58	194682126	N
0001803397-25-000005	0	124	266181130	N
0001510099-25-000003	0	73	1447274762	N
0001765380-25-000318	0	241	674568526	N
0001693672-25-000003	0	13	144191919	N
0001985855-25-000003	0	378	217680070	N
0001140361-25-029837	0	7	35362343	Y
0001874761-25-000008	0	56	202643987	N
0001739439-25-000015	4	3065	39830696462	N
0001085146-25-004753	0	2359	18198007933	N
0001085146-25-004752	0	114	2128377691	N
0001085146-25-004751	0	0	0	N
0001085146-25-004750	0	0	0	N
0001085146-25-004749	0	0	0	N
0001085146-25-004748	4	453	11371504453	N
0001085146-25-004747	0	259	1266064388	N
0001085146-25-004746	0	1	0	N
0001085146-25-004745	0	51	74803250	N
0001085146-25-004744	0	4085	59255608921	N
0001665642-25-000003	0	230	295258473	N
0001765380-25-000317	0	44	101562959	N
0001104659-25-075642	0	92	292455113	
0001104659-25-075641	0	136	343693524	
0001420506-25-001797	0	339	485426399	N
0001964652-25-000005	0	422	218487902	N
0001540235-25-000006	1	6216	117100054682	N
0001085146-25-004735	0	187	1153024676	N
0001698068-25-000008	0	27	475436544	N
0001856103-25-000007	0	87	876419107	N
0001765380-25-000316	0	138	4017106628	N
0001172661-25-002980	0	107	133621090	
0001697300-25-000006	0	670	2342085475	N
0001420506-25-001795	0	106	131609183	N
0001083190-25-000006	0	1658	18906835645	N
0002066080-25-000004	0	51	257132570	N
0001420506-25-001789	0	497	33389746337	N
0001172661-25-002978	0	181	566266962	
0001172661-25-002977	0	29	4243201720	
0001085146-25-004733	4	1111	6332323616	N
0001941040-25-000457	0	89	190545204	
0001172661-25-002976	0	170	61241195	
0001951757-25-001057	0	100	160406833	N
0001941040-25-000456	0	62	303293437	
0002021464-25-000004	0	38	118471288	N
0001941040-25-000455	0	202	155119534	
0000894189-25-005498	0	34	70758353	
0001172661-25-002974	0	42	164598924	
0001085146-25-004732	0	15	854506252	N
0000071701-25-000029	0	107	18702346980	
0001085146-25-004731	0	213	410436391	N
0001539204-25-000006	0	1322	6193154	N
0001313360-25-000006	0	2879	24072524	N
0001290668-25-000003	3	98	19369199854	N
0001172661-25-002970	0	34	103613133	
0001986156-25-000006	0	93	511825752	N
0001172661-25-002969	0	167	520398007	
0001398344-25-014826	0	555	827306813	
0002039088-25-000007	0	302	206467318	N
0001452765-25-000012	0	1198	2242062867	N
0001398344-25-014823	1	94	874836491	
0002044324-25-000007	0	113	519349006	N
0001140361-25-029805	0	5	192444502	
0002063364-25-000199	0	56	175919948	N
0001536925-25-000006	0	1154	3309582	N
0000912938-25-000121	9	3634	315084349169	N
0002063364-25-000197	0	73	400793617	N
0001437749-25-025661	0	314	152503945	N
0001437749-25-025660	0	314	146305198	N
0001140361-25-029799	0	4	273146175	
0001016972-25-000005	0	254	625258239	N
0001765380-25-000315	0	228	639547915	N
0001085146-25-004730	1	4	65532988	N
0001818535-25-000004	0	118	197832855	N
0002053368-25-000004	0	54	122920048	N
0001842362-25-000004	0	125	238785010	N
0001765380-25-000314	0	173	541718217	N
0001568235-25-000011	0	158	737113	N
0001172661-25-002967	0	102	350614270	
0001774437-25-000007	0	204	278188439	N
0001839430-25-000005	0	217	798240281	N
0001642160-25-000007	0	182	652851753	N
0000950123-25-007343	11	691	11030917106	N
0001846138-25-000003	0	507	248586905	N
0001626757-25-000003	0	148	1291087502	N
0001140361-25-029792	1	130	102107831	
0001763121-25-000005	0	170	683017666	N
0001992825-25-000009	0	283	243755153	N
0001105467-25-000005	0	181	879610811	N
0000905729-25-000134	0	185	915751236	
0002063364-25-000195	0	37	526643615	N
0001444597-25-000004	0	1	269295328	N
0001965653-25-000006	0	152	419921599	N
0001803140-25-000003	0	143	242802889	N
0002050308-25-000004	0	141	139883116	N
0001755987-25-000006	0	444	679012781	N
0001085146-25-004729	5	4603	189179400236	N
0001104659-25-075599	0	22	422235697	
0001398344-25-014810	0	20	932984028	
0000950123-25-007338	0	17	540383940	N
0001420506-25-001787	0	65	124393637	N
0001085146-25-004727	0	0	0	N
0001085146-25-004726	0	0	0	N
0001085146-25-004725	0	0	0	N
0001989672-25-000005	2	162	476402949	N
0001085146-25-004724	0	0	0	N
0001085146-25-004723	0	0	0	N
0001599217-25-000005	0	178	1725146647	N
0002063364-25-000193	0	516	7298463564	N
0001104659-25-075593	0	339	1010123310	
0001172661-25-002966	0	116	364105489	
0001602603-25-000003	0	87	414949293	N
0001172661-25-002965	0	101	281143050	
0001085146-25-004722	0	212	1707624877	N
0001085146-25-004721	0	357	574287710	N
0000904454-25-000406	0	9	141925168	
0001085146-25-004720	0	37	224770843	N
0001085146-25-004719	0	76	128779025	N
0001085146-25-004718	0	15	210503570	N
0001085146-25-004717	0	49	152695492	N
0001085146-25-004716	0	41	71473171	N
0001085146-25-004715	0	158	264218924	N
0001798150-25-000004	0	400	1367728845	N
0002063364-25-000189	0	115	157771752	N
0001791621-25-000006	0	2	264482334	N
0001085146-25-004712	0	59	223841578	N
0001017284-25-000006	0	198	228982038	N
0001085146-25-004710	0	501	1600447472	N
0001079736-25-000003	0	454	2828597941	N
0001085146-25-004709	0	130	407560941	N
0001398344-25-014802	0	246	752281628	
0001085146-25-004708	2	167	435089326	N
0001085146-25-004707	0	49	273636228	N
0000869179-25-000008	0	53	137645896	
0001633366-25-000006	0	1081	972267106	N
0001085146-25-004706	0	23	213588289	N
0001085146-25-004705	0	279	709687744	N
0001513189-25-000018	0	267	2223851882	N
0001708001-25-000003	0	2740	7118445057	N
0001734398-25-000004	0	81	792099304	N
0002063364-25-000187	0	332	848034481	N
0001455176-25-000007	0	89	758507418	N
0001085146-25-004704	0	372	745514349	N
0001665018-25-000004	0	25	562846391	N
0001708001-25-000002	0	1489	528571736	N
0001085146-25-004703	0	160	438918585	N
0002011550-25-000004	0	39	57560880	N
0001625959-25-000003	0	262	1714190845	N
0001224608-25-000049	1	14	161755421	N
0001905809-25-000006	0	28	423139331	N
0001085146-25-004702	2	694	29502845860	N
0000950123-25-007335	5	626	4232164068	N
0002033334-25-000003	0	21	951140046	N
0001528621-25-000825	0	152	689542851	
0001104659-25-075565	0	3333	2498434562	
0000320335-25-000048	0	2	365007875	N
0001815183-25-000005	0	598	550520406	N
0001214659-25-011724	0	167	330198934	
0001905809-25-000004	0	10	826797948	N
0002053305-25-000023	0	92	1733985901	N
0001420506-25-001784	0	225	150923858	N
0001991835-25-000005	0	490	1702168052	N
0001885092-25-000005	0	3	1744979	N
0001667731-25-001075	0	4	151914011	
0001667731-25-001074	0	104	309587967	
0001667731-25-001073	0	74	164591682	
0001085146-25-004701	1	122	229221583	
0001085146-25-004700	0	144	669563778	N
0001085146-25-004699	3	241	207705258	
0001085146-25-004698	1	679	17342664888	N
0001749768-25-000049	3	280	17393278545	N
0001214659-25-011722	0	83	133906516	
0001420506-25-001779	0	131	365303891	N
0001085146-25-004697	0	150	196846210	N
0001085146-25-004696	2	991	25405792940	N
0001085146-25-004695	0	74	117061385	N
0001172661-25-002964	0	183	622030791	
0001839497-25-000005	0	19	1613719504	N
0000950123-25-007322	0	1	255523792	N
0002040686-25-000004	6	3148	10764066694	N
0001385925-25-000004	0	185	245996032	N
0001667102-25-000003	0	68	294519117	N
0000904454-25-000404	0	9	4672899704	
0001398344-25-014776	0	3270	7039090349	
0001062993-25-013914	0	19	89132648	N
0001398344-25-014775	0	1054	1221482402	
0001140361-25-029769	0	1	0	Y
0001483824-25-000004	0	695	1059632049	N
0002080520-25-000001	1	429	4994684210	N
0001019754-25-000003	0	1288	2116542	N
0002046144-25-000005	0	1	79698937	N
0001754960-25-000553	0	32	125017058	N
0001085146-25-004694	0	138	562130284	N
0002031979-25-000006	0	92	167384288	N
0001172661-25-002963	0	754	4289856927	
0001656167-25-000008	0	264	149785017	N
0001214717-25-000012	1	8497	1426680439595	N
0001140361-25-029762	0	1	0	Y
0001313893-25-000004	0	116	1460210910	N
0000945621-25-000681	2	198	875532485	
0001420506-25-001777	0	203	918084741	N
0000919538-25-000003	0	63	297682959	N
0001518364-25-000005	0	239	1691161975	N
0001009254-25-000003	0	332	7793248227	N
0001527488-25-000006	0	253	256239	Y
0002055400-25-000003	0	14	250843621	N
0000929638-25-002941	1	43	12357582143	
0001951757-25-001055	2	542	895435890	N
0001951757-25-001054	0	30	289973874	N
0001951757-25-001053	0	142	1202760324	N
0001951757-25-001052	0	55	124648500	N
0001915395-25-000018	0	10	254941572	N
0000950123-25-007309	0	17	540383940	N
0000950123-25-007308	4	16834	139829124898	N
0001172661-25-002962	0	4	1111217546	
0001172661-25-002961	0	138	288165447	
0002044855-25-000006	0	337	127007265	N
0000950123-25-007303	0	239	1171037848	N
0001999514-25-000006	0	242	125259799	N
0001104659-25-075491	1	0	0	Y
0001104659-25-075483	0	2	146465789	
0001708139-25-000005	0	13	1915708	N
0001633275-25-000009	0	357	1195890545	N
0001420506-25-001775	0	99	590976957	N
0001603328-25-000006	0	557	15212869263	N
0001583672-25-000003	0	42	142944113	N
0000950123-25-007299	2	448	18153475542	N
0000950123-25-007295	2	145	6934992157	N
0000950123-25-007296	4	2298	37022818	N
0002009539-25-000008	3	821	198251621	N
0001171843-25-005199	1	631	11985328946	
0000950123-25-007291	0	1	53116216624	N
0000950123-25-007290	8	1710	43168047590	N
0000950123-25-007287	1	4	2869745164	N
0001848138-25-000008	1	36	2873618968	N
0001803386-25-000004	0	138	210951782	N
0001104659-25-075309	2	1	62011225	
0001006435-25-000011	0	125	391838174	N
0001420506-25-001772	0	8	97748343	N
0001395064-25-000124	1	12	19553783	N
0002070026-25-000003	0	44	138463436	N
0001398344-25-014754	0	4	291898033	
0001763138-25-000005	0	75	148870332	N
0001851815-25-000005	0	4140	3476109156	N
0002011872-25-000007	9	433	451659971	N
0001767297-25-000005	0	279	498513372	N
0001172661-25-002960	0	62	477964509	
0001420506-25-001773	0	59	835835636	N
0001455495-25-000008	0	559	932876890	N
0001575151-25-000009	0	199	244129755	N
0000950123-25-007245	1	1	521542956	N
0001330463-25-000004	0	267	647175471	N
0000911270-25-000008	0	47	444784209	N
0001681372-25-000004	0	54	175559223	N
0001608046-25-000017	0	534	115829794515	N
0001805591-25-000006	0	19	85561130	N
0002063364-25-000183	0	107	329631742	N
0001633799-25-000009	1	8	20561972	N
0001712533-25-000010	0	48	510967696	N
0001830823-25-000003	0	71	237154829	N
0001910984-25-000007	0	43	391629891	N
0001172661-25-002959	0	37	15730958937	
0001599511-25-000014	0	831	960322734	N
0001941040-25-000440	0	48	95617672	
0000908834-25-000234	0	6	279140728	
0001337263-25-000006	0	123	252998596	N
0001880087-25-000004	0	60	190773208	N
0001322924-25-000008	0	35	237326488	N
0001600327-25-000007	1	312	805666640	N
0002011050-25-000004	3	112	130673	N
0001580830-25-000005	0	297	2636290263	N
0001172661-25-002957	0	12	237614104	
0001172661-25-002956	0	20	188799965	
0001666905-25-000008	0	563	4203490874	
0000950172-25-000130	0	1	0	N
0001140361-25-029630	0	4588	20881104345	
0001843745-25-000006	2	1115	400684061	N
0001729939-25-000003	0	89	344310162	N
0001966355-25-000003	2	146	353681449	N
0001172661-25-002955	0	422	2900886976	
0002054465-25-000004	0	1035	582150486	N
0001541910-25-000007	0	1237	7346021961	N
0001317348-25-000004	0	418	1499224580	N
0001599511-25-000013	0	873	947241705	N
0001497345-25-000002	2	5	93424608	N
0002038170-25-000004	0	54	267385818	N
0001599511-25-000012	0	892	957197641	N
0001172661-25-002954	1	296	260993281	
0001686242-25-000004	0	193	937202794	N
0001599511-25-000011	0	894	876888920	N
0001172661-25-002953	0	163	561123467	
0001085146-25-004681	0	1046	2421912403	N
0000897423-25-000065	1	3	237483565	N
0000891287-25-000005	0	268	5392941594	N
0001085146-25-004680	0	96	244804987	N
0001843581-25-000006	0	215	689145206	N
0001085146-25-004679	0	114	166796551	N
0001599511-25-000010	0	876	823736559	N
0001415889-25-021254	0	2	78787632	N
0001085146-25-004678	0	39	239400458	N
0001085146-25-004677	0	63	1867176486	N
0001085146-25-004676	0	26	483057693	N
0001104659-25-075203	1	4	545923168	
0001085146-25-004675	0	42	568219259	N
0001085146-25-004673	0	0	0	N
0001855205-25-000036	0	445	1098098867	N
0001334199-25-000004	0	31	186992531	N
0001085146-25-004672	0	151	1161193845	N
0001085146-25-004671	0	83	200217441	N
0001910383-25-000006	0	105	297827958	N
0001085146-25-004670	0	2077	50116682714	N
0001599511-25-000009	0	801	737070879	N
0001085146-25-004669	0	992	2777826846	N
0001719307-25-000005	0	36	998842913	N
0001085146-25-004668	0	84	115867813	N
0001085146-25-004667	0	285	536383759	N
0001085146-25-004666	0	106	360777478	N
0000950123-25-007236	0	586	23038677546	N
0001085146-25-004665	0	183	353994506	N
0001085146-25-004664	0	123	394903916	N
0001017115-25-000005	0	206	342318103	N
0001085146-25-004663	0	623	2164807099	N
0001085146-25-004662	0	141	567935549	N
0001951757-25-001049	0	84	204434681	N
0001085146-25-004661	0	46	1283683890	N
0001965239-25-000005	0	101	253407110	N
0001085146-25-004660	0	89	195509916	N
0001580642-25-004964	0	510	409551811	
0001085146-25-004659	0	0	0	N
0002021208-25-000008	0	261	831871154	N
0001104659-25-075170	0	11	117485778	
0001085146-25-004658	4	1708	89458158570	N
0001951757-25-001048	0	98	416612450	N
0001085146-25-004656	0	129	646504052	N
0001085146-25-004655	3	126	4333022572	N
0001085146-25-004654	0	98	405245372	N
0001951757-25-001047	0	97	126061515	N
0001085146-25-004653	0	163	683745304	N
0000945621-25-000670	1	138	19720245014	
0001951757-25-001046	0	149	217484796	N
0001085146-25-004651	0	162	9148978224	N
0001085146-25-004650	0	114	379203496	N
0000044365-25-000003	0	1960	4333836374	N
0001085146-25-004649	0	534	1228795798	N
0000935570-25-000005	0	54	141849592	N
0001085146-25-004647	0	18	6329642	N
0000829407-25-000004	0	950	13249656	N
0002026127-25-000003	0	162	148748757	N
0001091923-25-000004	0	77	189417320	N
0001910984-25-000005	0	152	221485850	N
0001104659-25-075156	0	180	939288512	
0001951757-25-001045	0	115	176510218	N
0001951757-25-001044	0	171	1809576506	N
0001951757-25-001043	0	82	165862533	N
0001378559-25-000002	0	209	1042825585	N
0001082461-25-000003	0	223	1559666	N
0001062993-25-013808	0	56	142330638	Y
0002012773-25-000005	0	34	148814286	N
0000789307-25-000013	0	175	110233559	N
0000935570-25-000004	0	54	141849592	N
0001796874-25-000006	1	463	1204419820	N
0001056516-25-000006	0	128	151600273	N
0001172661-25-002951	0	127	372238103	
0001420506-25-001768	0	79	2586877374	N
0000950123-25-007226	0	65	1405752910	N
0001172661-25-002950	0	89	1987745561	
0001667731-25-001071	0	225	573652007	
0001172661-25-002949	0	75	116319622	
0001172661-25-002948	0	78	826658709	
0001808748-25-000003	0	78	416404933	N
0001172661-25-002946	0	54	180725879	
0001846287-25-000005	0	215	155549218	N
0001104659-25-075142	0	128	216832188	
0001172661-25-002945	0	15	213112939	
0001765380-25-000313	0	610	765790394	N
0002035219-25-000005	0	138	207323556	N
0001937769-25-000006	0	31	177896	N
0001800217-25-000006	0	72	402579750	N
0001214659-25-011676	0	591	3266114583	
0001172661-25-002943	0	103	154151980	
0001599511-25-000008	0	810	671541586	N
0001214659-25-011672	1	434	1607757589	
0002036117-25-000004	0	366	265261795	N
0001140361-25-029546	0	1	0	
0000919219-25-000010	0	113	1207813	
0001140361-25-029545	0	1	0	
0001398344-25-014713	0	1966	1628349561	
0001398344-25-014712	0	610	1931205734	
0002021762-25-000006	0	64	95622081	N
0001845302-25-000007	0	94	607176294	
0002051715-25-000003	0	1028	138715996	N
0001705819-25-000055	0	42	372306319	
0002054540-25-000003	0	67	108502996	N
0001172661-25-002936	5	64	5861024959	
0001623707-25-000005	0	85	392691921	N
0001042046-25-000029	0	1	322213499	N
0001276853-25-000008	0	120	706743982	N
0001042046-25-000028	1	80	266629173	N
0001487438-25-000004	0	212	2723895264	N
0001855205-25-000035	0	403	224258144	N
0001172661-25-002935	0	34	9995649896	
0001420506-25-001765	0	49	237712766	N
0000714142-25-000003	24	3696	12348899	N
0002052970-25-000003	0	87	125690847	N
0002043986-25-000004	0	50	131778721	N
0001062993-25-013803	0	157	2830346801	N
0001166716-25-000004	0	240	535594883	N
0001958743-25-000005	0	128	144953803	N
0000926833-25-000004	0	50	183208038	N
0001214659-25-011667	1	35	727005529	
0001214659-25-011666	1	199	9172103849	
0001765380-25-000312	0	28	96335173	N
0001214659-25-011664	1	10	1017062008	
0002051999-25-000005	0	23	313062929	N
0001664656-25-000005	0	105	397984072	N
0001729048-25-000003	0	73	298613	N
0001958743-25-000004	0	204	350544997	N
0001566728-25-000006	1	172	12681453689	N
0001907281-25-000004	0	681	141021632	N
0001690370-25-000005	0	1458	9006559926	N
0000945621-25-000668	1	38	332853823	
0001420506-25-001756	0	49	414721257	N
0001109147-25-000005	0	138	12188716525	N
0002000324-25-002684	0	920	2476269424	N
0001426851-25-000006	0	151	323507414	N
0001062993-25-013800	0	174	1113060407	N
0000109380-25-000100	0	910	1862436143	N
0001631864-25-000006	0	375	1204602582	N
0001388028-25-000003	0	77	400557468	N
0001420506-25-001752	0	170	224002470	N
0001172661-25-002933	0	212	174343089	
0001062993-25-013798	0	27	5096951504	N
0002012034-25-000004	0	93	383895400	N
0001910383-25-000005	0	105	297827958	N
0001140361-25-029494	0	309	13572284546	
0001137439-25-001006	0	252	295544	N
0001062993-25-013796	1	40	136071811	N
0001964820-25-000005	0	75	265150	N
0001172661-25-002930	0	192	335192364	
0001020580-25-000008	0	61	330849379	N
0000947871-25-000725	0	2571	40905221482	
0001666910-25-000006	0	39	199451990	N
0001398344-25-014680	0	202	151976462	
0000884300-25-000004	0	83	99456788	N
0001104659-25-075089	0	307	807368520	
0000911274-25-000006	0	285	1342552495	N
0001437749-25-025311	0	29	809300379	N
0001763722-25-000005	0	105	212778	N
0001632965-25-000008	1	303	1105030255	N
0001986152-25-000057	0	121	162860092	N
0001214659-25-011634	0	73	153683491	
0001667731-25-001066	0	15	34248539	
0001172661-25-002929	0	261	1409923849	
0001411784-25-000006	0	229	277213963	N
0000018748-25-000009	0	27	1133388634	
0001062993-25-013790	0	258	856641407	N
0001172661-25-002928	0	599	4370991409	
0001765380-25-000311	0	339	640136331	N
0002041441-25-000006	0	86	127734703	N
0001667731-25-001065	0	204	388373403	
0002063003-25-000003	0	297	104741409	N
0001387304-25-000005	0	87	1012131339	N
0001765380-25-000310	0	108	460330884	N
0001667731-25-001064	0	340	865358891	
0001767868-25-000003	0	145	260921474	N
0001667731-25-001063	0	13	118279777	
0001420506-25-001748	0	12	200156267	N
0001367401-25-000010	0	239	10495172007	N
0001009076-25-000011	2	2347	16940590474	N
0001765380-25-000309	0	166	543373266	N
0001649451-25-000006	0	1615	6957281867	N
0001434323-25-000004	0	193	1005061812	N
0001650135-25-000005	0	118	2509894800	N
0001657111-25-000004	0	128	2449387137	N
0001616034-25-000008	0	681	1882079894	N
0001575677-25-000010	0	112	24466965963	N
0001659196-25-000004	0	105	4118294367	N
0001085146-25-004612	0	254	847245082	N
0001420506-25-001745	0	1	0	N
0001566601-25-000007	0	177	327269	N
0001104659-25-075061	1	1	630000	
0001765380-25-000308	0	96	1679350027	N
0001104659-25-075059	0	53	4719177895	
0001172661-25-002927	0	49	390114952	
0001803593-25-000009	0	91	570498003	
0001104659-25-075055	1	22	32025329	
0000356264-25-000012	0	411	1813436794	N
0001420506-25-001743	0	115	225679767	N
0001765380-25-000307	0	140	627163543	N
0001767855-25-000004	0	143	532896532	N
0001104659-25-075051	1	37	380539016	
0001863523-25-000009	0	377	3427956	N
0001104659-25-075049	1	10	41257710	
0001765380-25-000306	0	42	1353447342	N
0001104659-25-075046	1	60	5946220677	
0001140361-25-029429	1	627	23186262533	
0001803295-25-000003	0	60	141584586	N
0001140361-25-029427	0	1100	1586285793	
0001104659-25-075041	1	24	188835613	
0000857508-25-000006	0	137	69325	N
0002077080-25-000004	0	588	7222236612	
0000950123-25-007173	3	2	38618940	N
0001737871-25-000004	0	245	168761376	N
0000857508-25-000005	0	139	1037026	N
0001104659-25-075035	0	105	537759276	
0000313807-25-000029	1	2	16882855	N
0001140361-25-029365	1	1661	48443847	
0001376474-25-000713	0	19	64128125	
0002033031-25-000008	0	40	214722990	N
0001765380-25-000305	0	134	684530624	N
0002033031-25-000007	0	11	100011181	N
0001999371-25-010763	0	352	395634	
0001398344-25-014658	0	171	613826984	
0000869772-25-000087	1	20	211784555	N
0001596800-25-000010	0	1486	28394528068	N
0001426327-25-000008	0	31	1544570139	N
0001572748-25-000010	1	363	836518649	N
0001274419-25-000021	1	376	1167456889	N
0001758811-25-000004	0	20	500151403	
0001584691-25-000010	0	56	1604014564	N
0001426318-25-000004	0	65	292785355	N
0001172661-25-002925	0	112	284351915	
0000898432-25-000544	0	6	154593581	
0001972138-25-000004	0	60	258785651	N
0001140022-25-000009	1	884	48423872318	N
0001912273-25-000003	0	5	140118902	N
0000950123-25-007150	1	1615	125220729596	N
0001104659-25-074883	0	54	270383225	
0000947871-25-000723	0	6	3763150014	
0001062993-25-013744	0	63	255426696	N
0002054263-25-000004	0	180	180139439	N
0001104659-25-074827	0	95	667438817	
0001633896-25-000003	0	173	92118036	N
0000950123-25-007116	1	6	1407830052	N
0001398344-25-014655	2	4146	929245914	
0001172661-25-002923	0	100	439311806	
0001861678-25-000005	0	240	163328878	N
0001754960-25-000552	0	40	87945168	N
0001957886-25-000004	0	61	1111611640	N
0001865158-25-000004	0	249	293956856	N
0002035224-25-000019	0	9	4712408	N
0002042565-25-000005	0	18	300986086	N
0001085146-25-004607	1	84	8748475403	N
0001863768-25-000006	0	48	76687397	N
0001177206-25-000006	0	1320	26718295603	N
0001376474-25-000712	0	18	109101359	
0001766995-25-000004	0	101	372515978	N
0001420506-25-001735	0	40	146482826	N
0001593324-25-000007	8	1478	7166949	N
0001764581-25-000004	0	82	339890052	N
0001034549-25-000005	0	495	405237797	N
0001762539-25-000002	0	53	121902290	N
0001420506-25-001732	0	813	600205061	N
0001214659-25-011623	0	512	187640751	
0002044858-25-000009	1	791	192145804	N
0001591986-25-000006	0	0	0	N
0001420506-25-001730	0	65	105898475	N
0001941040-25-000437	0	768	3876260269	
0002044858-25-000008	1	791	192145804	N
0002050308-25-000003	0	110	213037712	N
0000897423-25-000059	2	0	0	Y
0002007175-25-000006	0	620	191727204	N
0001140361-25-029151	0	1	204753186	
0001062993-25-013723	0	144	831384149	N
0002055071-25-000004	0	12	144598898	N
0001697723-25-000004	57	18962	13680674976	N
0001062993-25-013722	0	234	953116079	N
0001172661-25-002922	0	165	217848985	
0001725547-25-003656	0	250	482327955	N
0001941040-25-000435	0	378	2980841666	
0001080493-25-000004	0	220	1199014591	N
0001415889-25-021171	0	30	205320910	N
0001941040-25-000434	0	83	176806582	
0002054966-25-000003	0	1702	357963083	N
0001012975-25-000422	0	87	2830733555	N
0001279708-25-000004	0	29	185571	N
0001669162-25-000047	1	37	486954258	N
0001407382-25-000009	0	96	952422835	N
0000950123-25-007101	1	1	0	N
0001142495-25-000029	0	1155	2860928	N
0000897423-25-000058	0	0	0	Y
0000945621-25-000654	6	1009	22051510174	
0001975700-25-000004	0	304	172629451	N
0001482935-25-000004	0	117	928363628	N
0001966033-25-000004	0	2565	283794096	N
0001172661-25-002920	0	31	97754315	
0001492815-25-000005	0	19	291085603	N
0001104659-25-074685	0	42	273955033	
0001951757-25-001042	0	118	128343544	N
0001667731-25-001060	0	26	75922615	
0001951757-25-001041	0	100	633128131	N
0001951757-25-001040	3	55	121354819	N
0001667731-25-001059	0	169	893898568	
0001951757-25-001039	0	215	579725748	N
0001951757-25-001038	0	135	129480586	N
0000897423-25-000057	2	0	0	Y
0000004977-25-000136	1	3	204103649	N
0002043591-25-000004	0	163	252595	N
0001059057-25-000003	0	187	330121	N
0001328062-25-000005	0	210	2265797445	N
0000912282-25-000828	0	253	4299941919	
0001172661-25-002918	4	1098	3883800637	
0001965362-25-000006	0	167	419482298	N
0001985284-25-000004	0	712	202840021	N
0001104659-25-074657	3	92	1899754887	
0001977794-25-000007	0	54	213472735	
0000897423-25-000056	1	0	0	Y
0001172661-25-002916	0	4	410300585	
0001172661-25-002915	0	17	114357970	
0001172661-25-002914	0	142	386239758	
0001172661-25-002913	0	141	732550554	
0001085146-25-004598	0	1313	5367862766	N
0001544576-25-000005	0	930	7992320676	N
0001626691-25-000005	0	40	99547600	N
0001062993-25-013706	0	59	634056058	N
0000897423-25-000055	1	0	0	Y
0001956244-25-000006	0	24	152696165	N
0001214659-25-011586	0	43	183577000	
0001394096-25-000005	0	84	695064	N
0002076077-25-000003	0	125	159603980	N
0001911470-25-000003	0	88	86322760	N
0001167026-25-000007	0	127	336818330	N
0002065938-25-000002	0	612	115930795	N
0001767617-25-000004	0	54	285315458	N
0001697274-25-000004	0	904	414215812	N
0001965275-25-000004	0	47	165839324	N
0001752579-25-000005	0	105	189602851	N
0001325447-25-000033	1	527	50934092344	N
0002076077-25-000002	0	129	151526563	N
0001085146-25-004589	0	46	44060901	N
0001085146-25-004588	0	277	543391023	N
0001085146-25-004587	0	100	131257842	N
0001140361-25-029104	0	20	140272465	
0001010911-25-000014	0	747	328830125	N
0001085146-25-004586	0	419	1826879299	N
0001765380-25-000302	0	74	318872904	N
0001085146-25-004585	0	61	220912353	N
0001085146-25-004584	0	127	222248111	N
0001697024-25-000004	0	40	147211455	N
0001033984-25-000016	1	107	6595410913	N
0001085146-25-004583	0	360	879459615	N
0001062993-25-013704	0	20	387188372	N
0002054111-25-000005	0	174	453879756	
0001085146-25-004582	0	1850	16123507343	N
0001085146-25-004581	0	165	266539366	N
0001172661-25-002911	0	102	488405699	
0001085146-25-004580	0	34	148040648	N
0001420506-25-001726	0	167	254589118	N
0001062993-25-013701	0	117	218483206	N
0001213900-25-072432	2	111	547600498	
0001214659-25-011580	0	45	116503124	
0001214659-25-011578	0	50	99457944	
0001614542-25-000003	1	16	540468242	N
0001398344-25-014613	0	3270	7039090349	
0002068447-25-000004	0	19	109479517	N
0001172661-25-002910	0	148	43354444873	
0000924166-25-000010	1	491	1390554580	N
0001765380-25-000294	0	107	182363206	N
0001900576-25-000007	0	73	669481345	N
0001768635-25-000005	0	198	305726416	N
0001632553-25-000004	0	237	244537446	N
0001398344-25-014607	0	95	118259184	
0001761450-25-000003	0	159	324591080	N
0001420506-25-001721	0	465	3053020333	N
0001844707-25-000004	0	171	271495	N
0001085146-25-004575	0	122	228245247	N
0001765380-25-000293	0	57	330928769	N
0001172661-25-002908	0	27	6727115523	
0002048608-25-000005	0	72	132659067	N
0000900440-25-000274	2	13	860902961	N
0002076077-25-000001	0	134	148857373	N
0001333709-25-000006	0	68	718592526	N
0002005547-25-000006	0	359	167486939	N
0000905567-25-000004	0	70	7443712773	N
0001667731-25-001057	0	105	476735147	
0000861787-25-000025	0	343	1187339195	Y
0001376474-25-000705	0	91	164346837	
0001697765-25-000003	2	328	7749483	N
0001776033-25-000007	0	1620	821792812	N
0001843510-25-000004	0	65	79803582	N
0002057936-25-000003	0	22	76522	N
0001059187-25-000007	0	256	940759440	N
0001802530-25-000004	0	398	1272825953	N
0001811240-25-000004	0	200	785658957	N
0001140361-25-029078	1	66	4302390703	
0001899703-25-000004	0	250	130958660	N
0001633624-25-000003	0	1	1423500	N
0002044420-25-000002	0	570	407238242	N
0001765380-25-000292	0	74	322069910	N
0002063074-25-000006	0	121	117406768	N
0001667731-25-001056	0	103	235188650	
0000950123-25-007076	0	1	48109896	N
0002056079-25-000004	0	157	6597425	N
0001008322-25-000011	1	395	6013121	N
0001398344-25-014584	0	305	3869831883	
0001954782-25-000006	0	209	289387536	N
0001140361-25-029070	0	472	16435773750	
0000312272-25-000015	0	4248	75705180	N
0001104659-25-074580	0	23	141894723	
0001765380-25-000291	0	100	147304470	N
0001398344-25-014578	0	648	8077379378	
0001398344-25-014576	0	161	890293629	
0002055812-25-000004	0	142	105770	N
0001104659-25-074570	3	355	4598461345	
0001078841-25-000007	0	32	949890813	N
0001689144-25-000003	0	303	210706107	N
0001940646-25-000008	0	84	427821325	N
0001088875-25-000057	4	911	133890908422	N
0001765380-25-000290	0	203	433316194	N
0001420506-25-001714	0	212	4052455858	N
0001062993-25-013688	2	491	1316343686	N
0001420506-25-001712	0	251	2958951676	N
0001705819-25-000054	0	73	117335296	
0001704212-25-000005	0	104	495468548	N
0001765380-25-000289	0	80	397524161	N
0001085146-25-004570	0	76	215442089	N
0001802865-25-000005	0	111	389412	N
0000950123-25-007072	1	43	1237665914	N
0001954242-25-000005	0	475	1162832516	N
0001965776-25-000004	0	45	153404128	N
0001667731-25-001055	0	28	133931145	
0001999371-25-010654	0	520	544021793	
0001085146-25-004569	0	71	131085407	N
0001671623-25-000004	0	120	326724429	N
0001315059-25-000006	0	85	976786789	N
0001085146-25-004568	0	22	118160045	N
0001104659-25-074543	3	2381	2287587464	
0001625244-25-000008	1	93	7379802	N
0001140361-25-029062	0	105	7262316613	
0000945621-25-000651	0	159	1453477402	
0001535452-25-000004	0	467	7188742056	N
0001140361-25-029059	0	1	897377419	
0001671623-25-000003	0	152	284182080	N
0001398344-25-014569	0	37	158122678	
0001398344-25-014568	0	37	151951453	
0001398344-25-014566	0	32	135203086	
0002049453-25-000004	4	1	105938806	N
0001667731-25-001053	0	100	115265966	
0001398344-25-014564	0	33	127732034	
0000905729-25-000133	0	41	152931900	
0001667731-25-001052	0	106	198294023	
0000950123-25-007068	0	36	2934234011	N
0001398344-25-014562	0	32	118097302	
0002011229-25-000003	0	66	155914301	N
0001172661-25-002907	0	240	3406979397	
0000950123-25-007066	1	20	308750610	N
0001012975-25-000421	0	34	129945951	N
0002040055-25-000004	0	0	0	N
0000950123-25-007056	4	1	484096738	N
0001745907-25-000037	0	58	1925805360	N
0002041209-25-000015	0	3	2565534352	N
0000929638-25-002882	0	36	2573726956	
0001104659-25-074466	2	827	20425439073	
0001104659-25-074455	3	2520	4379990555	
0001140361-25-028999	0	25	179537386	
0001877829-25-000003	0	114	213315720	N
0001754960-25-000542	0	142	695349899	N
0001085146-25-004553	0	62	4567207206	N
0001085146-25-004557	1	229	3717221154	N
0001909654-25-000003	0	433	180570558	N
0001754960-25-000550	0	155	171234332	N
0001941040-25-000430	0	71	157313087	
0001085146-25-004554	0	173	322471927	N
0001104659-25-074414	0	152	192019094	
0001085146-25-004555	0	882	2152089709	N
0001085146-25-004558	0	70	109827024	N
0001080166-25-000005	0	112	449957	N
0001742569-25-000003	0	24	400831515	N
0001754960-25-000547	0	52	285087933	N
0001755784-25-000005	0	12	221183483	N
0001754960-25-000545	2	53	260294285	N
0001085146-25-004565	0	682	1900676587	N
0001085146-25-004560	0	165	239517190	N
0001941040-25-000429	0	71	109431508	
0000919574-25-004367	1	22	74249699	
0001085146-25-004562	1	144	378337701	N
0002060492-25-000001	0	160317	90	N
0001085146-25-004561	5	300	1051525685	
0001941040-25-000426	0	91	125127871	
0001520354-25-000032	6	2446	40982994	
0001588539-25-000003	1	1902	2016329422	N
0002060492-25-000002	0	53	154539	N
0001085146-25-004551	0	179	581642615	N
0001633603-25-000005	0	3	297942027	N
0001351431-25-000004	0	20	311159056	N
0001085146-25-004563	0	183	785330047	N
0001941040-25-000427	1	65	144602460	
0001724517-25-000005	0	45	462104179	N
0001962086-25-000004	0	132	1211758541	N
0001996154-25-000012	0	22	722266623	N
0001085146-25-004559	0	86	153633711	N
0000950123-25-007036	2	772	1402792279	N
0001172661-25-002906	0	161	707792808	
0001843275-25-000007	0	89	223308290	N
0001085146-25-004552	0	85	316834617	N
0001879206-25-000003	0	157	212267129	N
0001420506-25-001710	0	115	1606493954	N
0001994744-25-000009	0	343	238528923	N
0001765380-25-000288	0	108	273853864	N
0001951757-25-001037	0	52	62236687	N
0002006918-25-000005	0	113	205096416	N
0002053824-25-000005	0	28	117458165	N
0001172661-25-002904	0	51	152083521	
0001172661-25-002903	0	52	170575472	
0000897069-25-001235	0	25	299674070	
0001415889-25-021048	0	17	364287475	N
0001054425-25-000003	0	77	736673	N
0001172661-25-002902	0	51	85459965	
0000947484-25-000067	1	4	293281	N
0000890203-25-000011	0	200	3267514386	N
0002056691-25-000004	0	637	236792075	N
0001420506-25-001708	0	137	223093109	N
0002043468-25-000004	0	108	150604	N
0001731837-25-000006	0	1636	868774813	N
0002051343-25-000004	0	97	164267258	N
0001951757-25-001036	0	107	212666751	N
0001951757-25-001035	0	97	126249008	N
0001951757-25-001034	0	69	564272251	N
0001951757-25-001033	0	372	605719898	N
0001104659-25-074202	0	9	2432743128	
0001965798-25-000004	0	52	86634	N
0001389256-25-000012	0	143	1244166823	N
0000950123-25-007026	0	2	34888739	N
0001640335-25-000005	0	155	192602840	N
0001546989-25-000005	0	1308	1347820443	N
0001598841-25-000003	1	192	364574	N
0001172661-25-002900	0	98	422642059	
0001765380-25-000287	0	240	442024870	N
0001633288-25-000003	0	89	560234595	N
0001896071-25-000006	0	1	114118111	N
0001999371-25-010599	0	38	158054	
0001420506-25-001707	0	28	382069056	N
0001941040-25-000423	0	73	434223265	
0001140361-25-028811	0	74	1834207836	
0001765380-25-000286	0	332	3995507471	N
0001085146-25-004537	0	29	143277825	N
0001941040-25-000422	0	44	100438907	
0001619779-25-000003	0	86	152450688	N
0001104659-25-074124	0	1	860734	
0002045252-25-000004	0	353	95657087	N
0001085146-25-004536	1	257	473252507	N
0001055963-25-000003	0	118	526001	N
0001420506-25-001705	0	51	158399749	N
0001911097-25-000004	0	131	399485414	N
0002030910-25-000005	0	256	268088306	N
0000869367-25-000005	0	74	1674963251	N
0001398344-25-014529	0	210	437640067	
0001354821-25-000006	0	201	1029869813	N
0000914933-25-000005	0	224	1010388336	N
0002046605-25-000004	0	15	201139966	N
0000885118-25-000006	0	20	287767009	N
0001085146-25-004535	0	280	2008735082	N
0001085146-25-004534	0	428	1314845981	N
0001941040-25-000421	0	168	320533883	
0001085146-25-004533	0	116	446465929	N
0001766571-25-000006	0	59	152464490	N
0001172661-25-002898	0	8	1946991141	
0001765380-25-000285	0	128	228464162	N
0002042876-25-000003	0	205	195722238	N
0001902806-25-000004	0	137	327982084	
0001172661-25-002895	0	95	237707183	
0001437749-25-024802	0	137	270616321	N
0002018007-25-000004	0	8652	199853011	N
0001172661-25-002893	0	74	123658723	
0000950123-25-007011	0	101	4220224995	N
0001488542-25-000010	0	9904	174645044	N
0001424717-25-000008	0	772	1423294641	N
0002043538-25-000005	3	566	266541275	N
0001172661-25-002891	0	28	144999841	
0001803662-25-000006	0	241	397143215	N
0001437749-25-024800	0	448	1370460094	N
0002039212-25-000005	0	111	140564628	N
0001172661-25-002889	0	18	128531933	
0000049196-25-000067	0	5363	15259365972	N
0001935000-25-000007	3	216	271985863	N
0001213900-25-071930	0	40	2127096028	
0001420506-25-001702	0	1457	496936943	N
0001214659-25-011504	0	177	118148346	
0001214659-25-011502	0	337	85879821	
0001172661-25-002888	0	67	61963863	
0001172661-25-002886	1	456	2964220141	
0001506071-25-000006	0	322	591024254	N
0001540656-25-000009	0	72	273450792	N
0000825293-25-000007	0	316	353267810	N
0001533551-25-000004	0	64	1049192933	N
0001172661-25-002885	0	393	626898975	
0001697721-25-000007	0	7	366188436	N
0001172661-25-002884	0	157	207758201	
0001963787-25-000004	0	110	262954897	N
0001426853-25-000007	0	640	5582063376	N
0001941040-25-000418	2	34	882827374	
0001950054-25-000004	0	23	462340925	N
0000900440-25-000262	0	3	1032108960	N
0001085146-25-004532	0	203	354978910	N
0001085146-25-004531	0	437	846391426	N
0001390777-25-000119	18	32016	529301175621	N
0002010477-25-000006	0	175	351206796	N
0001396835-25-000010	0	50	1874748863	N
0001772617-25-000004	0	3	5961080195	N
0001085146-25-004530	0	8	38944170	N
0001962532-25-000003	0	37	161227333	N
0001951757-25-001032	0	48	384504994	N
0000900169-25-000003	0	43	491133	N
0001800513-25-000007	0	853	552580	N
0001380137-25-000007	0	251	674149	N
0002044309-25-000004	0	34	106176430	N
0001538383-25-000005	0	1672	539208655	N
0001056488-25-000005	0	58	90313174	N
0002056556-25-000005	0	412	251536959	N
0000927971-25-000018	11	13024	213209020027	N
0001951757-25-001031	0	112	180356839	N
0001951757-25-001030	0	279	463126430	N
0001951757-25-001029	0	116	346668005	N
0001172661-25-002883	0	28	1367783704	
0001757706-25-000009	0	117	302456264	N
0000940445-25-000010	1	650	2954602155	N
0001765380-25-000284	0	137	1013637218	N
0001951757-25-001028	0	159	218074124	N
0001706511-25-000003	0	36	26341086	N
0000950123-25-006998	0	99	688838507	N
0001085146-25-004529	0	39	387891110	N
0001172661-25-002882	0	147	275765695	
0000950123-25-006996	0	163	260788615	N
0001398344-25-014488	0	310	333034303	
0000825293-25-000006	0	43	61286224	N
0001085146-25-004527	1	71	233432202	N
0001085146-25-004526	4	66	219539164	N
0001085146-25-004525	0	128	237521338	N
0001085146-25-004524	0	141	424538055	N
0001085146-25-004523	0	110	511842062	N
0001085146-25-004522	0	34	198012387	N
0001085146-25-004521	1	193	121337655	N
0001715635-25-000004	0	87	607364625	N
0001705655-25-000003	0	178	113035041	N
0001966482-25-000005	0	62	208243867	N
0001765380-25-000283	0	163	354631827	N
0001085146-25-004520	0	21	115069317	N
0001085146-25-004519	0	183	603565148	N
0002054825-25-000004	0	85	130427970	N
0001085146-25-004517	0	304	480709298	N
0001597298-25-000004	0	201	209395598	N
0001948904-25-000005	0	1002	345331357	N
0001085146-25-004516	0	49	158000658	N
0000019475-25-000006	0	130	312751	N
0002042068-25-000003	1	80	140941208	N
0001062993-25-013558	0	71	153114150	N
0001999371-25-010573	0	122	269575	
0001141781-25-000005	5	192	1490782698	N
0001765380-25-000282	0	55	128346738	N
0001811907-25-000003	0	83	156038000	N
0001729300-25-000003	0	177	275506	N
0001860698-25-000004	0	112	326523093	N
0001567889-25-000004	0	196	982211677	N
0001420506-25-001700	0	1244	3326086979	N
0001538846-25-000008	0	613	5215424	N
0001172661-25-002881	0	127	406899725	
0001727599-25-000006	0	228	5868927370	N
0001140361-25-028753	2	193	1388289150	
0001815355-25-000004	0	468	504175899	N
0001376474-25-000702	0	345	365604374	
0001985414-25-000003	0	606	430259123	N
0001105907-25-000011	0	173	311113011	N
0002020935-25-000011	0	39	283067858	N
0000762152-25-000008	0	944	19313746882	N
0001376474-25-000701	3	205	358056956	
0001376474-25-000700	0	88	293519709	
0001909304-25-000004	0	171	157362113	N
0002055557-25-000003	0	177	119115553	N
0001641172-25-022171	0	416	6645189	
0001963839-25-000010	0	179	222583942	N
0000903949-25-000006	0	216	5974016094	N
0001178913-25-002633	0	31	100346406	
0002054496-25-000002	0	33	463699204	N
0001398344-25-014466	0	295	196525335	
0001765380-25-000281	0	206	739978978	N
0000930413-25-002382	2	959	38395536097	
0001597694-25-000039	0	106	103637498884	N
0001911735-25-000003	0	123	299325445	N
0001641172-25-022166	0	6	148688	
0001172661-25-002880	0	269	1069305428	
0001104659-25-074002	2	86	1057281106	
0001667731-25-001048	0	23	129609205	
0001667731-25-001047	0	27	116865774	
0001667731-25-001046	0	103	210511024	
0001667731-25-001045	0	87	204416939	
0001667731-25-001044	0	138	230586656	
0001214659-25-011486	0	163	244872595	
0000806097-25-000008	1	98	347830100	N
0001650290-25-000005	0	371	12553516528	N
0001172661-25-002879	0	683	4676283285	
0001891185-25-000006	0	10	227461803	N
0001172661-25-002877	0	48	297649645	
0001172661-25-002876	0	148	2378192093	
0001172661-25-002875	0	683	567483109	
0001172661-25-002873	0	235	269844075	
0001172661-25-002872	0	97	1722386934	
0001805754-25-000006	0	25	106062176	N
0001178913-25-002623	2	437	8742149	
0002056690-25-000010	0	132	1383538837	N
0001754960-25-000540	0	78	153715000	N
0001754960-25-000538	0	25	296505804	N
0001754960-25-000536	0	78	162314247	N
0001754960-25-000534	0	37	174814951	N
0001754960-25-000532	0	279	710874565	N
0001214659-25-011476	0	146	141362425	
0001140361-25-028716	0	265	1474317199	
0001214659-25-011474	0	28	173428892	
0001140361-25-028706	0	1155	2257752935	
0002055328-25-000003	2	103	161008026	N
0001085146-25-004506	0	350	765206969	N
0001984475-25-000006	0	516	1330137993	N
0001085146-25-004512	0	115	362577055	N
0001310051-25-000006	0	121	655504158	N
0001309148-25-000009	0	477	1586665233	N
0001085146-25-004501	0	372	8008030232	N
0001085146-25-004507	0	15	115854497	N
0001398344-25-014459	0	1	0	
0001085146-25-004511	0	53	111621922	N
0001943822-25-000005	0	26	383129107	N
0001085146-25-004508	0	87	263825538	N
0001653012-25-000003	0	23	183820379	N
0002005403-25-000004	0	106	3224241286	N
0001294591-25-000004	1	2	1622750934	N
0001085146-25-004499	1	20	3297232180	N
0001803426-25-000007	0	107	335520840	N
0001085146-25-004509	0	193	777133407	N
0001951757-25-001024	0	38	282402488	N
0001104659-25-073757	0	71	937069865	
0001569369-25-000006	2	106	1183328939	N
0001221073-25-000070	0	52	334049855	
0001951757-25-001023	0	65	139160894	N
0001085146-25-004500	0	0	0	N
0001844830-25-000003	0	13	163890	N
0001738071-25-000007	0	18	414681	N
0001951757-25-001025	0	312	670654217	N
0001085146-25-004503	0	104	145368224	N
0001951757-25-001021	0	64	121379883	N
0002005403-25-000003	0	4	333498584	N
0001951757-25-001022	1	48	206728009	N
0001951757-25-001026	0	53	117821730	N
0001733248-25-000006	0	39	125405	Y
0001437749-25-024662	0	166	510537707	N
0001754960-25-000531	0	104	207957236	N
0001221073-25-000071	0	55	130941386	
0001085146-25-004502	0	76	249176021	N
0001085146-25-004505	0	222	563722826	N
0001085146-25-004510	0	0	0	N
0001009232-25-000010	2	258	5971805849	N
0001951757-25-001027	0	116	258592004	N
0001085146-25-004504	0	20	21396208	N
0001941040-25-000412	0	132	98444932	
0001705819-25-000053	0	186	225517319	
0001803557-25-000003	0	647	871885446	N
0000024386-25-000004	0	147	9989494723	N
0001754960-25-000529	0	62	55630561	N
0001398344-25-014452	0	120	1275738845	
0001214659-25-011450	9	84	445042284	
0001398344-25-014448	0	102	122373419	
0001398344-25-014447	0	203	2568705079	
0001754960-25-000527	0	72	89374984	N
0001398344-25-014441	0	62	175695368	
0002062142-25-000002	0	4	11955877366	N
0001561330-25-000003	0	128	130467094	N
0001801667-25-000004	0	201	844304268	N
0002044420-25-000001	0	113	146628954	N
0001398344-25-014435	0	66	284747233	
0001941040-25-000411	0	100	315612586	
0001172661-25-002870	0	51	434944212	
0001172661-25-002869	3	187	174856974	
0001633857-25-000008	0	360	1422770683	N
0001214659-25-011444	0	58	88021088	
0001682057-25-000004	0	168	472316000	N
0000905148-25-002696	0	2	385610759	
0001842054-25-000005	3	159	277031520	N
0001642305-25-000005	0	463	687208	N
0000950123-25-006950	0	9	353129850	N
0001941040-25-000410	0	24	307250477	
0001765380-25-000279	0	158	780878115	N
0001435028-25-000005	0	168	4214175256	N
0001172661-25-002866	2	287	1422371479	
0001172661-25-002865	0	304	2175691584	
0001606134-25-000004	0	52	227836818	N
0000819864-25-000006	0	2008	1388962	N
0001754960-25-000525	0	467	723981293	N
0001755785-25-000007	0	270	490369	N
0001214659-25-011428	0	53	76090308	
0001172661-25-002862	0	125	394074551	
0001754960-25-000523	0	94	148048977	N
0001172661-25-002861	0	151	244381423	
0001172661-25-002860	0	477	1829011341	
0001172661-25-002859	0	57	161572214	
0001754960-25-000521	0	114	192227967	N
0002054264-25-000021	0	107	542290064	N
0001728319-25-000004	0	737	1992652160	N
0002010262-25-000003	0	31	38857518	N
0001376474-25-000698	0	65	265579082	
0001279891-25-000027	1	1599	10806402349	N
0002054674-25-000003	0	47	113586581	N
0001584258-25-000007	0	7	15924610	N
0001085146-25-004486	0	46	206877061	N
0002013091-25-000004	0	860	565986051	N
0002062978-25-000002	0	25	63211680	N
0001376474-25-000697	0	42	92912141	
0001085146-25-004485	0	30	600619030	
0001085146-25-004484	0	30	637957555	
0001905663-25-000007	0	272	510102733	
0001085146-25-004483	0	618	1020150193	
0001944877-25-000012	0	82	131744651	N
0001214659-25-011423	0	10	91304552	
0001085146-25-004481	0	22	1211029460	N
0001085146-25-004480	0	619	3816829017	N
0001085146-25-004479	0	850	6907027425	N
0001944877-25-000011	0	106	131555355	N
0001085146-25-004478	0	178	516608119	N
0002056907-25-000003	0	294	99458963	N
0001900584-25-000005	0	201	1075128133	N
0001085146-25-004477	0	536	5128461795	N
0001420506-25-001680	0	248	575781217	N
0001085146-25-004476	0	270	2140356004	N
0001085146-25-004475	2	451	1666657869	N
0001085146-25-004474	0	0	0	N
0001420506-25-001678	0	302	2196585606	N
0001140436-25-000012	0	23	5483319124	N
0001420506-25-001676	0	134	114351204	N
0001085146-25-004473	0	128	258615289	N
0001085146-25-004472	0	106	275196338	N
0001420506-25-001673	0	102	160000812	N
0001085146-25-004471	0	121	455115444	N
0001692038-25-000011	0	813	2484941412	N
0001420506-25-001672	0	113	2735938193	N
0001085146-25-004470	0	120	236343457	N
0000950123-25-006945	0	1	240174576	N
0001635523-25-000004	0	235	79288880	N
0001078246-25-000004	0	92	548028752	N
0001883367-25-000004	0	2	66092845	N
0001172661-25-002858	0	78	147723235	
0001166620-25-000005	0	179	940627371	N
0001829126-25-005743	0	294	554660261	
0001688931-25-000007	0	106	251428862	N
0001594167-25-000005	0	2	87729	N
0001762294-25-000005	0	22	377486198	N
0001310658-25-000003	0	307	1058991267	N
0001214659-25-011415	0	43	78051052	
0000950123-25-006937	0	3	286255285	N
0001027570-25-000006	0	103	114770461	N
0001984555-25-000004	0	292	542257896	N
0001062993-25-013476	0	139	1104143531	N
0000937589-25-000003	0	252	3163348	N
0000919192-25-000005	0	3014	113586669	N
0001214659-25-011406	0	152	234087724	
0001594492-25-000003	0	258	307396109	N
0001535865-25-000014	1	1982	8468366915	
0001398344-25-014379	0	84	442358019	
0001344551-25-000012	1	3003	42356787626	
0001398344-25-014377	0	47	138369314	
0001089877-25-000075	2	1758	26879535602	N
0001379995-25-000006	0	596	3695071516	N
0001956824-25-000008	0	386	718467038	N
0000820478-25-000016	0	2195	26784878516	N
0001134152-25-000006	0	174	1507921084	N
0001398344-25-014374	0	35	156055656	
0001140361-25-028522	0	279	935985460	
0001158970-25-000005	0	332	1662636634	N
0002003633-25-000005	0	648	1498745195	N
0000052024-25-000003	0	30	298800723	N
0001398344-25-014372	0	191	670437194	
0001262677-25-000004	0	131	575809305	N
0001140361-25-028518	0	935	27945211226	
0001172661-25-002854	0	29	173537148	
0001376474-25-000694	0	23	121348624	
0001618824-25-000006	0	59	230427364	N
0000905729-25-000131	0	231	111996196	
0001893327-25-000005	0	153	575424762	N
0001858740-25-000004	1	2539	2784161175	N
0001071061-25-000010	0	2285	6185004	Y
0001104659-25-073443	0	212	1641988354	
0001951757-25-001018	0	109	569416785	N
0001973259-25-000004	0	154	656364102	N
0001800798-25-000004	0	2540	3391493291	N
0001104659-25-073440	0	248	2728375940	
0002058270-25-000003	0	293	83478696	N
0001691766-25-000006	0	771	2111277219	N
0001956824-25-000007	0	560	2628902410	N
0002010635-25-000007	0	95	71671257	N
0001080382-25-000010	0	97	791445	
0001214659-25-011399	0	18	53285860	
0000950123-25-006929	0	208	104776177	N
0001588873-25-000004	0	54	8310053	N
0001398344-25-014361	0	296	1190800586	
0001062993-25-013474	0	2131	4409667431	N
0002056447-25-000005	0	51	301890317	N
0001124841-25-000004	0	83	528893	N
0002030580-25-000004	0	25	158552045	N
0001085146-25-004458	0	262	446048926	N
0001659718-25-000006	0	82	194182650	N
0001951757-25-001017	0	390	718873459	N
0001951757-25-001016	0	41	150389557	N
0001951757-25-001015	0	53	146784588	N
0001951757-25-001014	0	114	213779382	N
0002041485-25-000009	0	39	363641777	N
0001667731-25-001043	0	222	907522031	
0001667731-25-001042	0	51	178303548	
0001667731-25-001041	0	186	190889059	
0001667731-25-001040	0	198	159349830	
0001656735-25-000005	0	21	1720522291	N
0001178913-25-002595	2	196	2928896	
0001847582-25-000004	0	3	309138667	N
0001178913-25-002578	4	356	8422912	
0001214659-25-011396	0	219	256950297	
0001085146-25-004456	0	103	308362860	N
0001789351-25-000008	0	499	213338376	N
0001733472-25-000003	0	868	298588908	N
0001767513-25-000003	1	118	634882904	N
0001095449-25-000060	0	260	211915908	N
0001214659-25-011375	0	280	370969430	
0001095449-25-000059	0	180	443855958	N
0001905627-25-000001	0	177	122996233	N
0001569667-25-000003	0	251	637748559	N
0000053417-25-000076	2	810	168613938318	N
0002047728-25-000004	0	128	123953497	N
0001398344-25-014333	0	281	591933171	
0001824263-25-000002	0	32	219483159	N
0001062993-25-013451	0	708	4684464900	N
0001096343-25-000124	1	218	11827984852	N
0001085146-25-004446	0	142	225836495	N
0001085146-25-004445	0	85	177664677	N
0000900440-25-000199	2	7	357504350	N
0000900440-25-000198	2	3	295129387	N
0000900440-25-000197	2	3	299662776	N
0000900440-25-000196	2	3	264923562	N
0000900440-25-000195	2	3	273936053	N
0001567890-25-000006	0	209	419391429	N
0001062993-25-013446	0	77	1394870284	N
0000900440-25-000194	2	3	232562775	N
0000900440-25-000193	2	3	209175939	N
0001062993-25-013443	0	170	3286248978	N
0000900440-25-000192	2	3	285123074	N
0000900440-25-000191	2	3	259367471	N
0000900440-25-000190	2	4	318809995	N
0000900440-25-000189	2	4	289278711	N
0000950123-25-006907	0	3	190640383	N
0000900440-25-000188	2	4	333675653	N
0000040417-25-000041	0	71	1560792569	N
0000900440-25-000187	2	4	459559803	N
0001095449-25-000058	0	40	180900896	N
0000900440-25-000186	2	4	404233821	N
0000900440-25-000185	2	5	378509190	N
0001776290-25-000005	0	291	2167333506	N
0000900440-25-000184	2	5	384415689	N
0001172661-25-002853	0	77	124097049	
0000894189-25-005462	1	8	5261119	
0000900440-25-000183	2	5	353895207	N
0000900440-25-000182	2	5	319586570	N
0000921895-25-002057	3	1	415244958	
0001482611-25-000004	0	112	163514809	N
0001104659-25-073116	0	449	176134151	
0000900440-25-000181	2	4	286038660	N
0000900440-25-000180	2	4	242797481	N
0001104659-25-073115	0	4	1485002709	
0001172661-25-002852	0	53	152739411	
0000900440-25-000179	2	4	247223564	N
0001306333-25-000006	0	811	1044944801	N
0000900440-25-000178	2	3	287964751	N
0001172661-25-002851	0	66	141772695	
0000900440-25-000177	2	3	181656386	N
0002022512-25-000004	0	49	130581809	N
0001172661-25-002850	0	93	157483258	
0002055526-25-000003	0	75	122025444	N
0001062993-25-013436	0	72	296627048	N
0000900440-25-000176	2	3	168249915	N
0000900440-25-000175	2	3	142961218	N
0000900440-25-000174	2	3	142823844	N
0000900440-25-000173	2	3	151942580	N
0001172661-25-002847	0	307	1269432683	
0000810384-25-000005	0	338	841033793	N
0000900440-25-000172	2	3	59566291	N
0001713735-25-000006	0	111	283048738	N
0000900440-25-000171	2	3	102241674	N
0001596901-25-000003	0	109	167211677	N
0000900440-25-000170	2	3	104108667	N
0001432539-25-000007	0	138	1858773907	N
0002063364-25-000181	0	197	733655781	N
0001842054-25-000004	0	104	156116896	N
0001733788-25-000004	0	415	294857	N
0001104659-25-073087	0	127	1657414344	
0001104659-25-073085	0	230	2167596291	
0001799367-25-000004	0	42	251834764	N
0001951757-25-001013	0	205	303717458	N
0001951757-25-001012	1	55	156543896	N
0001951757-25-001011	0	141	157568026	N
0002063364-25-000177	0	81	251349555	N
0001951757-25-001010	0	85	124448806	N
0000950123-25-006904	1	613	2674389618	N
0001999371-25-010490	0	324	147419372	
0001378145-25-000013	0	433	106109379	N
0002053150-25-000005	0	153	179867025	N
0001172661-25-002845	0	48	171634210	
0001172661-25-002844	0	67	194753441	
0001085146-25-004444	0	128	644576450	N
0001085146-25-004443	2	798	10681901894	N
0000004962-25-000147	0	2	994286440	N
0001085146-25-004442	0	0	0	N
0001085146-25-004441	0	0	0	N
0001085146-25-004440	0	60	172249913	N
0001085146-25-004439	0	102	225150353	N
0001085146-25-004438	0	174	1282342978	N
0001121477-25-000009	0	425	317746072	
0001085146-25-004437	0	35	201339944	N
0001085146-25-004435	0	123	164734973	N
0001085146-25-004434	0	156	350418151	N
0001085146-25-004433	0	403	6680281986	N
0002063364-25-000172	0	111	114672961	N
0001085146-25-004432	0	0	0	N
0001085146-25-004431	1	66	5585570953	N
0001085146-25-004430	0	649	2150106427	N
0001172661-25-002843	0	395	539187476	
0001172661-25-002842	0	104	160179762	
0001977044-25-000003	0	50	237349153	N
0001377581-25-000006	0	63	6987991029	N
0002063364-25-000168	0	102	135060400	N
0002033232-25-000005	0	71	285365737	N
0001748271-25-000006	0	174	4400599210	N
0001941040-25-000399	0	41	151614062	
0002063364-25-000164	0	108	350005704	N
0001570396-25-000003	0	90	185049	N
0001964189-25-000002	2	188	4483672336	N
0001085146-25-004428	0	1	95619010	N
0000900440-25-000166	0	3	1121301047	N
0000900440-25-000165	0	3	973649493	N
0000900440-25-000164	0	3	981636892	N
0000900440-25-000163	0	3	494655000	N
0000900440-25-000162	0	3	515645000	N
0000900440-25-000161	0	3	446669800	N
0000900440-25-000160	0	3	427021600	N
0000900440-25-000159	0	3	416571400	N
0001213900-25-070475	0	308	1124617558	
0000900440-25-000158	0	3	388090500	N
0000900440-25-000157	0	3	396922100	N
0000900440-25-000156	0	3	350029200	N
0000900440-25-000155	0	4	369933491	N
0000900440-25-000154	0	3	456242500	N
0001085146-25-004427	0	2	287190281	N
0001540880-25-000005	0	494	10840755	N
0000900440-25-000153	0	3	402355700	N
0002024333-25-000003	0	133	2028356	N
0001085146-25-004426	0	481	3211443386	N
0000900440-25-000152	0	3	380554400	N
0000900440-25-000151	0	3	384790700	N
0000900440-25-000150	0	3	357679100	N
0000900440-25-000149	0	3	319110900	N
0000900440-25-000148	0	4	288646019	N
0000900440-25-000147	0	4	259313200	N
0000900440-25-000146	0	4	258354500	N
0000900440-25-000145	0	3	327220180	N
0000900440-25-000144	0	3	303426040	N
0000900440-25-000143	0	6	367937031	N
0000900440-25-000142	0	6	350258180	N
0002009275-25-000007	0	54	1305483289	N
0002056510-25-000003	0	1249	270906170	N
0000764529-25-000006	0	330	3318092192	N
0001398344-25-014302	0	420	893463398	
0000900440-25-000141	0	4	330559200	N
0000900440-25-000140	0	4	354983519	N
0001420506-25-001648	0	5	1038908050	N
0000900440-25-000139	0	4	317799110	N
0000900440-25-000138	0	4	359479102	N
0000900440-25-000136	0	4	361137656	N
0000900440-25-000135	0	4	342440533	N
0000900440-25-000134	0	4	328067322	N
0000900440-25-000133	0	4	330116297	N
0001941040-25-000398	0	108	637964061	
0001085146-25-004425	0	84	190679687	N
0001769302-25-000006	0	233	637910313	N
0000900440-25-000132	0	8	336301622	N
0000900440-25-000131	0	8	299662953	N
0000900440-25-000130	0	8	292556909	N
0000900440-25-000129	0	8	280637974	N
0001085146-25-004423	0	103	5588618413	N
0000900440-25-000128	0	10	275992530	N
0000900440-25-000127	0	10	280117574	N
0000900440-25-000126	0	10	310376998	N
0000900440-25-000125	0	10	328706137	N
0001033505-25-000004	0	302	1953103507	N
0000900440-25-000124	0	10	341949207	N
0000900440-25-000123	0	11	343045586	N
0002063364-25-000160	0	97	279330202	N
0000900440-25-000122	0	10	318377000	N
0000900440-25-000121	0	10	306351692	N
0000900440-25-000120	0	11	289572093	N
0000900440-25-000119	0	11	277694072	N
0000900440-25-000118	0	11	276815791	N
0000900440-25-000117	0	28	274271384	N
0000900440-25-000116	0	28	239130886	N
0000900440-25-000115	0	29	240355519	N
0000900440-25-000114	0	31	230188932	N
0000900440-25-000113	0	34	229739190	N
0000900440-25-000112	0	34	211066964	N
0000900440-25-000111	0	32	189567770	N
0000900440-25-000110	0	32	209280505	N
0000900440-25-000109	0	30	217588296	N
0001172661-25-002840	0	118	229842347	
0002040515-25-000004	0	100	172871179	N
0000900440-25-000108	0	21	204146518	N
0000900440-25-000107	0	14	241907393	N
0000900440-25-000106	0	12	232096973	N
0000900440-25-000105	0	11	239801483	N
0001694164-25-000007	0	263	19751416968	N
0000900440-25-000104	0	11	202210315	N
0000796848-25-000006	0	2054	23817381	N
0000900440-25-000103	0	13	198646168	N
0000900440-25-000102	0	13	173822353	N
0000900440-25-000101	0	8	164614147	N
0001772875-25-000024	0	1587	4089672594	N
0000900440-25-000100	0	8	82543383	N
0000900440-25-000099	0	9	112923094	N
0000900440-25-000098	0	13	105348907	N
0000900440-25-000097	0	14	121688488	N
0000900440-25-000096	0	14	122235170	N
0001869683-25-000006	0	12	59800164	N
0000900440-25-000095	0	13	123352277	N
0000900440-25-000094	0	9	111981075	N
0000900440-25-000093	0	5	108669003	N
0001776082-25-000004	0	621	1294259067	N
0001580642-25-004698	0	233	394461498	
0002056939-25-000003	0	8	136082215	N
0001420506-25-001642	0	96	3068153675	N
0001580642-25-004696	0	211	610403340	
0001031972-25-000004	0	41	700115020	N
0000930413-25-002351	7	7923	61602707	
0001415889-25-020815	1	3	44788781602	N
0000892712-25-000087	1	90	359600974	N
0001972750-25-000006	0	68	388292879	N
0001398344-25-014289	0	29	31499036	
0000900440-25-000092	0	6	111641701	N
0001861163-25-000007	0	314	1218830607	N
0001008895-25-000006	0	187	578394007	N
0000949623-25-000009	0	15	70691249	
0000950142-25-002063	0	0	0	
0000950123-25-006875	0	2	155847339	N
0002066812-25-000005	0	456	620404376	N
0001631562-25-000005	0	53	124792282	N
0001085146-25-004421	0	117	279541140	N
0001839307-25-000003	0	358	403901550	N
0001062993-25-013409	0	807	85485352883	N
0001773368-25-000003	0	108	1543438	N
0001728681-25-000004	0	65	644400	N
0001760578-25-000004	0	208	584930047	N
0001727336-25-000004	0	622	11616629829	N
0001962166-25-000005	0	114	261741677	N
0002063003-25-000002	0	297	77675384	N
0001633969-25-000007	0	11	1776137107	
0002033881-25-000005	0	88	159069195	N
0000891478-25-000117	5	914	10531542180	Y
0001398344-25-014273	0	834	2838880712	
0001754960-25-000516	0	109	104687235	N
0001580642-25-004677	0	1877	10202186700	
0001754960-25-000517	0	27	88379231	N
0001172661-25-002838	0	32	107200395	
0000911927-25-000003	0	91	193524150	N
0001095449-25-000056	0	239	520320781	N
0001214659-25-011244	0	4	4585107	
0001214659-25-011234	0	4426	342701612166	
0001056859-25-000004	0	527	2738211882	N
0001095449-25-000057	0	223	164425496	N
0001291318-25-000009	5	552	3654241704	N
0001941040-25-000396	0	493	194833440	
0001986152-25-000055	0	359	366927881	N
0001941040-25-000393	0	202	212364913	
0001652044-25-000063	5	39	2135229735	N
0001941040-25-000392	0	75	103201737	
0001580642-25-004676	0	1817	10032447225	
0001553936-25-000011	0	6	34540251	N
0001568541-25-000006	0	2	96959	N
0002032698-25-000004	0	54	146288405	N
0001736666-25-000005	0	116	253437429	N
0001606152-25-000003	1	63	1201569	N
0001754960-25-000519	0	14	202834050	N
0001580642-25-004675	0	1776	10040982192	
0001580642-25-004674	0	1711	9471708781	
0001580642-25-004672	0	1681	9341585066	
0000937615-25-000006	1	3159	22175711494	N
0001667731-25-001034	0	413	1566487082	
0001580642-25-004669	0	1649	8608101496	
0001667731-25-001033	0	78	309478408	
0001580642-25-004667	0	1609	8273881832	
0001667731-25-001032	0	963	38830845908	
0001580642-25-004666	0	1619	9391033232	
0001961742-25-000005	1	303	478681356	N
0001580642-25-004664	0	1555	8104308064	
0001085146-25-004405	59	3330	8719429957	
0002023071-25-000004	0	71	126498665	N
0002023168-25-000006	0	138	211486967	N
0001570253-25-000007	0	63	1019492	N
0001019231-25-000005	0	159	635897540	N
0001095449-25-000055	0	27	147222595	N
0002011668-25-000003	0	100	166017332	N
0001927129-25-000004	0	66	196266073	N
0001376474-25-000692	0	122	1012577126	
0001044924-25-000003	0	42	353712187	N
0001376474-25-000691	0	82	106167021	
0001041885-25-000012	0	466	2818983	N
0001095449-25-000054	0	145	235414813	N
0001085146-25-004390	0	20	1593263936	N
0001817174-25-000003	0	182	314882801	N
0001398344-25-014250	0	240	547165720	
0001674627-25-000005	0	35	179592519	N
0001095449-25-000053	0	474	262862000	N
0001707975-25-000007	0	69	1541376510	N
0001858828-25-000006	0	74	168926103	N
0001580642-25-004652	0	614	230272831	
0001511739-25-000005	0	165	139490970	N
0002042011-25-000004	0	102	88149254	N
0001398344-25-014247	0	168	339364728	
0000898358-25-000010	0	494	4966466088	N
0000924181-25-000007	0	578	2231148956	N
0001009005-25-000004	0	97	244420459	N
0001140361-25-028171	0	462	446339457	
0001802084-25-000004	0	1280	711632758	N
0001085146-25-004382	3	298	2292604875	N
0001085146-25-004380	0	28	289910295	N
0001085146-25-004379	0	105	112941152	N
0001420506-25-001636	0	442	181376127	N
0001973728-25-000005	0	56	372913347	N
0001085146-25-004378	0	478	908149510	N
0002057370-25-000008	0	33	426322258	N
0001252007-25-000003	0	80	306242833	N
0001114739-25-000004	0	129	920848	N
0001963669-25-000003	0	85	273738172	N
0001965150-25-000006	0	31	283610323	N
0000894119-25-000004	0	20	215072515	N
0001821168-25-000004	0	53	284057744	N
0002056367-25-000003	0	49	260383101	N
0001843867-25-000009	0	100	106809596	N
0001450935-25-000006	0	112	580779038	N
0001352526-25-000004	0	347	365732095	N
0001590214-25-000005	0	380	1623064252	N
0002011221-25-000007	0	132	165840361	N
0001941040-25-000389	0	63	490172358	
0002052510-25-000003	0	2034	181997634	N
0001085146-25-004377	2	141	1878883031	N
0001172661-25-002836	0	146	668846157	
0001085146-25-004376	0	35	77866216	N
0001085146-25-004375	0	31	136565177	N
0001085146-25-004374	0	64	198419075	N
0001085146-25-004372	0	280	432914255	N
0001882903-25-000004	0	43	378779081	N
0001085146-25-004371	0	128	840891459	N
0001085146-25-004370	0	927	3693039444	N
0001085146-25-004369	0	1603	7561604738	N
0001541399-25-000006	0	80	535537366	
0001917686-25-000005	0	120	433176312	N
0001085146-25-004367	0	56	222678796	N
0001767062-25-000007	2	220	440798059	N
0001729869-25-000006	0	87	571939355	N
0001793269-25-000003	0	142	230595675	N
0001729869-25-000005	0	221	365025997	N
0001398344-25-014237	0	200	210302250	
0002065974-25-000002	0	72	356839485	N
0001941040-25-000388	0	57	99898366	
0001085146-25-004360	0	1099	7494098636	N
0002010765-25-000005	0	242	375062827	N
0001172661-25-002834	0	108	257673364	
0002049201-25-000005	0	358	228255284	N
0001172661-25-002833	0	61	361797956	
0001085146-25-004359	0	1473	25787173330	N
0001172661-25-002832	0	108	232366993	
0002063364-25-000156	0	39	262365656	N
0000844150-25-000010	1	60	338217531	N
0001371726-25-000004	0	48	432817000	N
0001777817-25-000005	0	134	609551779	N
0001213900-25-069797	0	4	116816846	
0001992972-25-000005	0	112	171833164	N
0001765380-25-000275	0	235	354495257	N
0001275880-25-000009	0	95	231202889	N
0001420506-25-001632	0	141	62970915	N
0001639375-25-000007	8	293	801552035	N
0001908433-25-000004	0	265	256227042	N
0001172661-25-002829	0	88	1608294656	
0000945621-25-000648	0	1	100217601	
0001178913-25-002555	1	9	174981620	
0001140361-25-028130	0	185	1108862946	
0000945621-25-000646	0	38	305945077	
0001900099-25-000003	0	768	1231854637	N
0001729673-25-000006	0	112	932736427	N
0002055889-25-000004	2	119	532894579	
0000939219-25-000008	0	223	1285626043	N
0000917579-25-000006	0	41	167003	N
0001140361-25-028125	0	1984	1018160905	
0001214659-25-011183	5	1034	160496424554	
0001132708-25-000007	0	197	434679564	N
0000950123-25-006841	0	549	210951897	N
0001510870-25-000003	0	140	275880440	N
0001964394-25-000004	0	566	259547972	N
0001172661-25-002826	1	40	282085340	
0001172661-25-002823	1	40	340268834	
0002035329-25-000004	0	143	496593052	N
0002059321-25-000059	0	175	930796775	N
0001596906-25-000007	0	45	330787974	N
0001868491-25-000003	0	121	174391109	N
0001172661-25-002822	0	2	686712404	
0001398344-25-014219	0	494	1536601990	
0001910666-25-000005	0	748	318997042	N
0001172661-25-002821	0	1	188653078	
0002066265-25-000002	0	118	207540150	N
0001172661-25-002820	0	61	198890822	
0001697934-25-000003	0	503	808948285	N
0001398344-25-014217	0	283	545451285	
0001104659-25-072553	0	123	3655543581	
0002043130-25-000018	0	145	191647999	N
0001509550-25-000008	0	66	125213340	N
0000950123-25-006838	0	3	782323472	N
0002047606-25-000007	0	364	1946828431	N
0000950123-25-006836	0	3	16564	N
0001104366-25-000006	0	91	1221468	N
0001789310-25-000005	0	81	290898348	N
0001063571-25-000004	0	231	4474778	N
0001420506-25-001630	0	109	304099171	N
0001913043-25-000005	0	379	989488685	N
0001162044-25-000770	0	234	1009155770	
0001398344-25-014199	0	249	370127553	
0001667731-25-001025	0	31	163999436	
0001121914-25-000007	0	313	933349805	N
0001667731-25-001024	0	58	184101992	
0001667731-25-001023	0	205	2609400675	
0001667731-25-001022	0	88	163546118	
0001162044-25-000769	2	623	4953374259	
0001330325-25-000005	0	127	835157	N
0001667731-25-001020	0	186	574305824	
0001104659-25-072507	1	194	2387947593	
0001694284-25-000010	0	69	2855748	N
0001419186-25-000006	0	3608	32880715	N
0001104659-25-072495	1	503	292337030	
0001104659-25-072481	1	3	2089485923	
0001963355-25-000005	0	1943	139970024	N
0001896148-25-000006	0	458	181439784	N
0001535862-25-000005	0	22	183593169	N
0000950123-25-006830	0	944	31895945338	N
0001426748-25-000003	0	110	4787891	N
0002000043-25-000004	0	1	288878918	N
0001178913-25-002546	0	60	455597972	
0001178913-25-002543	0	59	1381442084	
0001910966-25-000007	0	74	904420645	N
0001667731-25-001019	0	20	135043817	
0001908380-25-000007	0	35	271411	N
0001874761-25-000007	0	4	95106912	N
0001989834-25-000006	0	63	160812253	N
0001908380-25-000004	0	73	206413	N
0001085146-25-004346	0	242	1262215986	N
0001908380-25-000002	0	365	253575	N
0000729563-25-000008	0	145	310814089	N
0001786915-25-000006	0	40	117728464	N
0001846639-25-000006	0	5	12679972	N
0001062993-25-013308	0	21	923715695	N
0001667731-25-001017	0	78	132035387	
0001721608-25-000003	0	72	2140880	N
0001803081-25-000003	0	200	208284488	N
0001085146-25-004337	0	62	575276525	N
0001085146-25-004341	0	426	716993320	N
0001085146-25-004342	0	106	263151864	N
0001085146-25-004339	0	541	4975302416	N
0002052048-25-000014	0	40	158260541	N
0001994434-25-000006	0	209	176870323	N
0001948391-25-000004	0	13	6298556552	N
0001941040-25-000384	4	53	125667698	
0001085146-25-004343	0	145	563170412	N
0001667731-25-001018	0	59	123777753	
0001085146-25-004340	0	104	174118057	N
0001085146-25-004344	0	176	2121786295	N
0001085146-25-004348	0	0	0	N
0001085146-25-004345	0	55	132309113	N
0001085146-25-004347	1	661	3986096992	N
0001911000-25-000007	0	85	188432494	N
0000923469-25-000005	0	99	602801448	N
0001908380-25-000009	0	60	168734	N
0001221073-25-000067	0	41	152991033	
0001941040-25-000382	0	109	380601200	
0001942548-25-000006	0	289	614899541	N
0001085146-25-004338	0	73	184578697	N
0001946237-25-000007	0	79	362907966	N
0001842246-25-000004	1	10	32465550	N
0001754960-25-000512	0	51	183379335	N
0002006870-25-000004	0	138	158857133	N
0001085146-25-004336	1	169	1525108358	N
0001754960-25-000515	0	77	2818600377	N
0001173460-25-000006	0	6	668396	N
0001908380-25-000005	0	1488	438601	N
0001951757-25-001006	1	358	1601119977	N
0001941040-25-000380	0	38	138788708	
0001754960-25-000510	0	63	109759078	N
0001172661-25-002815	0	164	235455747	
0001666582-25-000004	0	32	127084629	N
0001104659-25-072247	0	17	127461417	
0001172036-25-000006	0	121	250259	N
0001034642-25-000003	0	387	2833105841	N
0001767821-25-000005	0	679	2037537124	N
0000862469-25-000003	0	906	3064015	N
0001172661-25-002813	0	74	186020019	
0000811360-25-000006	0	84	1093001792	N
0001172661-25-002811	0	111	719881730	
0002033794-25-000004	0	211	308174222	N
0001123292-25-000327	0	2	37097474	
0001102256-25-000007	0	357	286504580	
0001172661-25-002809	0	118	212977713	
0000051762-25-000003	0	170	2062211329	N
0001441888-25-000004	1	168	1128307400	N
0001062993-25-013292	1	841	1253128346	N
0001951757-25-001003	0	70	146402382	N
0001951757-25-001002	0	47	1182889245	N
0001951757-25-001001	0	40	179244404	N
0001955091-25-000008	0	59	325744101	
0001172661-25-002808	0	289	623748070	
0001941040-25-000377	0	56	231001409	
0001398344-25-014177	0	40	186380228	
0000884548-25-000003	0	156	1129127343	N
0001954551-25-000007	0	57	384289298	N
0001936420-25-000005	0	122	275335986	N
0001633037-25-000004	0	611	1651302452	N
0001172661-25-002807	0	129	200318541	
0001801263-25-000007	2	415	1400413269	N
0001104659-25-072135	0	54	631171356	
0001104659-25-072132	0	97	2789620330	
0001799719-25-000005	0	81	382961905	N
0001936953-25-000004	0	570	3937519168	N
0001569833-25-000003	0	91	381014034	N
0001725547-25-003624	0	40	218809353	N
0001852338-25-000004	0	22	202541555	N
0001085146-25-004334	0	138	614813706	N
0001062993-25-013285	0	142	148115426	N
0001540944-25-000004	0	145	796574445	N
0001085146-25-004333	0	282	930233384	N
0001085146-25-004332	0	168	224610112	N
0001104659-25-072098	0	191	13639169682	
0001373017-25-000008	0	70	469588821	N
0001314440-25-000010	0	178	7573387794	
0001667731-25-001015	0	308	606202270	
0001092203-25-000004	0	863	5524713868	N
0001085146-25-004331	0	242	339318422	N
0001313473-25-000010	0	71	446761	
0001895911-25-000004	2	108	2456155589	N
0001085146-25-004330	0	33	195878633	N
0000932974-25-000012	0	619	11315019844	N
0001765380-25-000271	0	241	931249231	N
0001415889-25-020537	0	53	187527248	N
0001033974-25-000004	0	153	1303443345	N
0001911832-25-000007	3	1053	6574149488	N
0001780570-25-000005	0	1215	5583320345	N
0001742998-25-000008	4	1100	236565	N
0001172661-25-002805	0	54	174551705	
0001893893-25-000004	0	173	498098449	N
0001350780-25-000003	0	82	820888348	N
0001172661-25-002804	0	29	96163408	
0000950123-25-006768	0	135	225367968	N
0001509873-25-000005	0	56	151029288	N
0001941040-25-000375	0	131	501731633	
0001420506-25-001614	0	131	383059667	N
0001576151-25-000014	0	492	2839656227	N
0001398344-25-014162	0	288	960100957	
0001141455-25-000005	0	272	2272631118	N
0001062993-25-013278	0	1061	7624237643	N
0001398344-25-014160	0	279	1378208007	
0001085146-25-004327	0	0	0	N
0001085146-25-004326	1	75	17297602151	N
0001641172-25-021528	0	13	219328	
0002063364-25-000152	0	65	244726741	N
0002059327-25-000007	0	46	118998859	N
0001104659-25-072066	1	118	373654827	
0001782491-25-000004	0	116	271631378	N
0001504492-25-000005	0	31	619585298	N
0001580642-25-004611	0	34	83045581	
0001308331-25-000005	0	124	207884766	N
0001080107-25-000008	0	1444	14201941081	N
0001587192-25-000006	0	436	497040786	N
0001214659-25-011108	0	71	329993066	
0001085146-25-004324	0	443	211552315	N
0002001526-25-000008	0	123	145809639	N
0001667731-25-001014	0	13	208098863	
0001830817-25-000004	0	334	381764261	N
0001819476-25-000007	0	350	756282651	N
0001214659-25-011101	0	178	843871205	
0001172661-25-002803	0	253	473400791	
0000950123-25-006766	0	78	1876657030	N
0001667731-25-001012	0	222	2902086235	
0001085146-25-004323	0	91	190846833	N
0001085146-25-004322	0	304	2350773263	N
0001125243-25-000006	0	101	86830637	N
0001172661-25-002801	0	187	305351147	
0001085146-25-004321	0	92	133991165	N
0001398344-25-014143	0	483	129075337	
0001140361-25-027961	0	109	930608047	
0002009346-25-000006	0	264	202985978	N
0001172661-25-002799	0	58	100489052	
0001398344-25-014137	0	124	3035084397	
0001909904-25-000005	0	103	574566690	N
0001903880-25-000005	1	293	873191431	
0001835206-25-000004	0	47	162754809	N
0001085146-25-004319	0	21	127673387	N
0001085146-25-004318	0	183	315795014	N
0001398344-25-014133	0	201	217783147	
0001172661-25-002797	2	81	1844060450	
0001085146-25-004316	0	165	418659434	N
0001085146-25-004315	0	96	222214419	N
0001085146-25-004314	0	349	393474526	N
0002032436-25-000005	0	132	173956525	N
0001085146-25-004313	0	172	137785085	N
0001085146-25-004312	0	188	191482136	N
0001085146-25-004310	0	20	155859604	N
0001085146-25-004309	0	180	125813752	N
0001767217-25-000004	0	17	179494185	N
0001085146-25-004308	0	106	253768923	N
0001085146-25-004307	0	41	80001230	N
0001085146-25-004306	0	19	239525250	N
0001085146-25-004304	0	35	338403533	N
0001172661-25-002793	0	179	980127785	
0001085146-25-004303	0	230	569412582	N
0001398344-25-014121	0	145	988496599	
0001062993-25-013273	0	107	189662783	N
0001694886-25-000005	0	100	342092181	N
0001913842-25-000005	0	116	171999865	N
0000859872-25-000003	1	276	2525790601	N
0001480916-25-000004	0	0	0	N
0001598697-25-000006	0	598	2825524	N
0001800379-25-000004	0	246	497648433	N
0001830817-25-000003	0	72	153526562	N
0001172661-25-002792	0	195	2252542624	
0001398344-25-014113	0	146	335012648	
0001759236-25-000006	0	144	643944243	N
0000039263-25-000097	3	1298	7977571451	N
0002042955-25-000028	0	29	484269932	N
0001999371-25-010245	0	1768	4410375382	
0001999371-25-010244	0	1860	8293457453	
0001308377-25-000007	0	151	494756474	N
0000950123-25-006760	2	2	3874775039	N
0001754960-25-000508	0	41	398248220	N
0001754960-25-000506	0	55	463503750	N
0001911264-25-000004	0	341	210227618	N
0001062993-25-013271	0	5	290319048	N
0001754960-25-000504	0	8	156099527	N
0001398344-25-014099	0	2439	39416376	
0001754960-25-000502	0	156	365274159	N
0001172661-25-002790	0	52	197542568	
0001172661-25-002789	0	314	1813768138	
0001214659-25-011086	0	68	218112074	
0002011145-25-000005	0	511	364723043	N
0001104659-25-071974	0	929	3507846833	
0001034886-25-000008	0	419	2735362454	N
0001178913-25-002533	2	614	7580152580	
0001172661-25-002788	0	43	208458550	
0001904067-25-000005	0	15	174864533	N
0001672512-25-000004	0	9	2886424009	N
0001730525-25-000006	1	42	2855989	N
0001667731-25-001010	0	87	137756299	
0001667731-25-001009	0	103	285654256	
0001667731-25-001008	0	26	170419999	
0001667731-25-001007	0	550	2460300721	
0001172661-25-002787	0	103	448156885	
0001456228-25-000006	2	1983	56057170	N
0001831944-25-000006	1	16	782179	N
0001765380-25-000270	0	276	1286104485	N
0001376474-25-000688	0	174	394320545	
0002053628-25-000006	0	12	245192287	N
0001172661-25-002786	0	34	435939315	
0001105344-25-000009	0	72	582922391	N
0000950123-25-006753	0	11	417268253	N
0001066816-25-000008	0	573	812488391	N
0001085146-25-004281	0	122	6767761959	N
0002003287-25-000004	0	724	330793202	N
0001754960-25-000500	1	346	456320318	N
0001851362-25-000004	0	70	382909651	N
0001590073-25-000006	0	112	780446568	N
0001093276-25-000009	0	113	674108411	N
0001839445-25-000005	0	90	189997988	N
0002019393-25-000003	0	180	312748304	N
0001259671-25-000006	0	334	1173287702	N
0001085146-25-004300	0	207	507101530	N
0002054271-25-000004	0	43	232244019	N
0001792851-25-000002	0	77	302310443	N
0001715740-25-000008	0	1455	2341231587	N
0001596355-25-000003	0	17	148906202	N
0001545812-25-000006	0	78	1359353912	N
0001730033-25-000004	0	747	706850770	N
0001723115-25-000004	0	85	260351322	N
0001125727-25-000015	0	307	1702073392	N
0001603937-25-000003	0	224	569664741	N
0000846633-25-000008	0	12	186604856	N
0001140361-25-027870	0	62	288652787	
0001897835-25-000003	0	128	99928055	N
0001729359-25-000004	0	112	1008767728	N
0001767349-25-000004	0	755	551021270	N
0001951757-25-000999	0	78	536905748	N
0001951757-25-000998	0	33	148810463	N
0001951757-25-000997	0	73	520360613	N
0001951757-25-000996	0	174	458158677	N
0001842572-25-000008	0	138	225996566	N
0001951757-25-000995	0	139	486695757	N
0001951757-25-000994	0	147	289455837	N
0001951757-25-000993	0	378	498683871	N
0001104659-25-071794	0	23	156640301	
0000918504-25-000003	0	99	226197944	N
0000902664-25-003255	0	38	230985831	
0001965819-25-000006	1	77	46106983	
0001398344-25-014063	0	38	1290240841	
0000757657-25-000019	0	1274	7276620889	
0001398344-25-014061	0	78	698076797	
0001085146-25-004273	21	1050	533460460	
0000904454-25-000392	0	2	113219867	
0001753926-25-001198	0	30	86655442	
0000089014-25-000012	0	498	181361	
0001085146-25-004271	0	31	226492352	N
0001281761-25-000060	3	1023	14522400252	N
0001085146-25-004268	0	145	333111149	N
0001563525-25-000003	0	1095	3469509147	N
0001085146-25-004267	0	196	1817141189	N
0002059327-25-000006	0	46	118998859	N
0002053807-25-000004	0	43	248676059	N
0001085146-25-004266	0	123	186386944	N
0001085146-25-004265	0	39	119577102	N
0002041800-25-000004	0	101	112286028	N
0001085146-25-004264	0	65	103043615	N
0001214816-25-000151	0	2	244936983	N
0001806226-25-000004	0	27	160159674	N
0001085146-25-004263	0	201	483615230	N
0002004843-25-000004	0	52	193622646	N
0001085146-25-004262	0	56	249491709	N
0001085146-25-004261	0	50	260586683	N
0001085146-25-004260	0	78	236277023	N
0001085146-25-004259	0	8	3749871776	N
0001085146-25-004258	0	35	266041640	N
0001104659-25-071730	0	219	1266070050	
0001765380-25-000269	0	150	304991496	N
0001214659-25-011036	1	70	222317242	
0001085146-25-004256	0	177	893597764	N
0001085146-25-004255	0	116	135081092	N
0001591505-25-000004	1	80	3585520076	N
0001085146-25-004253	0	187	140105209	N
0001082215-25-000004	0	185	2340898931	N
0001085146-25-004252	0	355	2363300122	N
0001967966-25-000004	0	24	224591480	N
0002056438-25-000004	0	14	1308565	N
0001085146-25-004248	0	126	874139888	N
0001085146-25-004247	0	360	1664696205	N
0001766156-25-000007	0	1121	1012269384	N
0001085146-25-004245	0	396	4635374366	N
0002054270-25-000004	0	166	234833556	N
0001085146-25-004243	0	70	448542951	N
0000878228-25-000012	0	147	994303	N
0001951757-25-000992	1	124	236353901	N
0002017868-25-000009	0	108	918255480	N
0000919530-25-000003	0	174	673817343	N
0002065807-25-000014	0	266	227636048	N
0001398344-25-014039	0	122	617231208	
0001287618-25-000004	0	209	382971510	N
0001326766-25-000003	0	99	710617357	N
0000765207-25-000044	0	230	174110063	N
0001455288-25-000014	0	8	85388942	N
0001951757-25-000991	0	197	1230625727	N
0001172661-25-002783	0	119	1097054743	
0001214659-25-011023	0	49	223547489	
0001455288-25-000013	0	58	431369734	N
0001644956-25-000032	0	417	37679982960	N
0001376474-25-000685	4	139	462669262	N
0000904454-25-000389	0	2	69900721	
0001894830-25-000005	0	70	141404233	N
0000950123-25-006737	0	1377	9279991093	N
0000904454-25-000387	0	1	81300865	
0001398344-25-014034	0	140	544737284	
0001965665-25-000004	0	52	158813917	N
0001831332-25-000004	0	124	262857211	N
0002007263-25-000005	0	157	255976906	N
0001104659-25-071663	0	10	1066399355	
0001705819-25-000052	0	37	234583866	
0002078684-25-000001	0	108	129255052	N
0001581794-25-000010	0	44	170012756	N
0002001434-25-000008	0	122	297387638	N
0001005354-25-000006	0	933	14519721333	N
0001140361-25-027743	0	1	1063081402	
0001811480-25-000006	1	918	4339417168	N
0001420506-25-001605	0	116	261339893	N
0002001434-25-000007	0	61	171982342	N
0001651960-25-000003	0	124	231162236	N
0002001434-25-000006	0	161	217918021	N
0001376474-25-000682	0	17	160716645	
0001172661-25-002781	0	210	744371195	
0001376474-25-000681	0	55	540750375	
0001376474-25-000680	0	38	4153834417	
0001172661-25-002779	0	151	244381423	
0001833780-25-000007	0	184	601676659	N
0001420506-25-001602	0	849	1239471640	N
0001398344-25-014021	0	10	650505836	
0001172661-25-002777	0	115	383107588	
0001420506-25-001601	0	42	289105008	N
0001941040-25-000372	0	153	239562906	
0001376474-25-000679	0	284	673299071	
0001608057-25-000008	0	200	487406876	N
0001172661-25-002776	0	76	241916545	
0001737112-25-000007	0	97	1287916176	N
0001376474-25-000678	0	0	0	
0001163902-25-000007	0	386	1731017	N
0000950123-25-006728	0	1	39556253	N
0001743859-25-000007	0	71	140638518	N
0001172661-25-002774	0	98	244085916	
0001616026-25-000004	0	642	397739154	N
0001172661-25-002772	0	70	279665146	
0001840268-25-000014	0	177	123983698	N
0001172661-25-002771	0	67	226461084	
0001694283-25-000004	0	69	159130266	N
0001172661-25-002769	0	54	116094320	
0001172661-25-002768	0	121	477826543	
0001398344-25-014014	0	56	392501592	
0002021711-25-000003	0	40	107630465	N
0002011342-25-000004	0	1503	301007031	N
0001172661-25-002767	0	25	4320447883	
0001062993-25-013228	0	690	1324852348	N
0001085146-25-004241	0	189	514552826	N
0001172661-25-002766	0	22	237670406	
0001104659-25-071592	0	394	479552455	
0002004904-25-000005	0	343	3398557204	N
0001172661-25-002765	0	90	214156875	
0000950123-25-006717	0	10	175742794	N
0001382646-25-000007	0	200	366277980	
0001172661-25-002763	0	80	339880304	
0001172661-25-002762	0	309	3146249041	
0001085146-25-004240	0	131	148910812	N
0002054965-25-000007	0	38	21065385	N
0001172661-25-002761	0	40	141136162	
0001529090-25-000015	0	13	20302609825	N
0001531809-25-000005	0	103	1015750658	N
0001911616-25-000004	0	63	186612040	N
0001169318-25-000003	0	143	138180239	N
0001172661-25-002758	0	64	450119809	
0000892712-25-000085	0	24	172442258	N
0001881490-25-000006	0	5	137155157	N
0001765380-25-000268	0	107	162301663	N
0001900481-25-000008	0	154	285183653	N
0001062993-25-013225	0	7	457514164	N
0002056336-25-000003	0	114	73079784	N
0001843303-25-000008	0	18	196731401	N
0001895612-25-000008	0	161	368853343	N
0001085146-25-004237	2	1147	34377642182	N
0000950123-25-006713	0	91	1078403889	N
0001214659-25-011001	0	197	1394460831	
0001313871-25-000006	0	157	160739376	N
0001844427-25-000006	0	68	48831669	N
0001367653-25-000008	0	270	518411092	N
0001172661-25-002756	0	177	3420473892	
0001875645-25-000005	0	310	1048668	N
0002041427-25-000004	0	67	120541791	N
0001172661-25-002755	0	103	910268938	
0001164478-25-000006	0	213	1348762338	N
0001754960-25-000499	0	104	880553565	N
0001398344-25-013981	0	308	1463422227	
0001085146-25-004236	0	135	132095198	N
0001962450-25-000006	0	17	1096928	N
0001085146-25-004235	0	84	205855355	N
0002046333-25-000011	0	13	1127005008	N
0001085146-25-004234	0	86	156110170	N
0001085146-25-004233	0	87	205140114	N
0001172661-25-002753	0	125	405656338	
0001350585-25-000006	0	34	1342995470	N
0001085146-25-004232	0	139	364506400	N
0001730754-25-000006	0	46	275462284	N
0001398344-25-013971	0	429	1457923807	
0001085146-25-004230	0	91	152648523	N
0001667731-25-001004	0	119	291755145	
0002036461-25-000003	0	209	677462896	N
0002054942-25-000003	0	67	41652752	N
0001667731-25-001003	0	249	722888619	
0001085146-25-004229	0	1418	7399668391	N
0001667731-25-001002	0	239	408922115	
0001667731-25-001001	0	100	146554780	
0001172661-25-002749	0	53	125915537	
0001667731-25-001000	0	108	84159023	
0001085146-25-004228	0	669	1895505951	N
0001277557-25-000003	0	0	0	N
0001667731-25-000999	0	117	294537729	
0001085146-25-004227	0	355	2183548814	N
0001667731-25-000998	0	74	224044874	
0001667731-25-000997	0	118	532868417	
0002034595-25-000003	0	164	370819042	N
0001423045-25-000004	0	222	443452755	N
0001667731-25-000996	0	209	914975788	
0001951757-25-000986	0	11	126292930	N
0001667731-25-000995	0	122	571934478	
0001951757-25-000985	4	45	214314690	N
0001398344-25-013953	0	283	183595324	
0001951757-25-000984	0	25	113087432	N
0001218210-25-000012	3	1975	107782836559	N
0001951757-25-000983	0	313	323441059	N
0001398344-25-013951	0	972	729996050	
0001951757-25-000982	0	85	280361582	N
0001056825-25-000006	0	787	1553827	N
0001951757-25-000981	0	110	131916016	N
0001398344-25-013949	0	1923	104721805	
0001179313-25-000002	0	1	463732169	N
0001600152-25-000004	0	136	563387805	N
0001951757-25-000980	0	134	835650436	N
0001883134-25-000005	0	1339	414704288	N
0001062993-25-013216	0	106	404537187	N
0001630064-25-000005	0	8	312860	N
0001062993-25-013207	1	219	43814029971	N
0001754960-25-000489	0	173	604049066	N
0001908177-25-000003	0	164	516253481	N
0001754960-25-000487	0	59	348858290	N
0001754960-25-000482	0	101	143545251	N
0002035951-25-000004	0	171	210619330	N
0001754960-25-000491	0	204	198803696	N
0001754960-25-000484	0	66	106401643	N
0001492162-25-000006	0	70	108841	N
0001754960-25-000486	0	130	265451151	N
0001513137-25-000004	0	10	257494029	N
0002056320-25-000005	0	27	175679139	N
0001754960-25-000497	0	45	106233643	N
0001754960-25-000495	0	230	532168701	N
0002012816-25-000009	0	240	6816506444	N
0001754960-25-000493	0	56	114123931	N
0001929986-25-000007	0	171	309036587	N
0001909993-25-000004	0	40	198020283	N
0001951757-25-000978	0	46	103851653	N
0001420506-25-001598	0	8	147047901	N
0001104659-25-071229	1	1	423604798	
0001104659-25-071225	0	2	357289531	
0001951757-25-000977	0	75	316015967	N
0001951757-25-000976	0	120	241926810	N
0001951757-25-000975	0	65	320689752	N
0001951757-25-000974	0	86	169179667	N
0001951757-25-000973	1	102	276025256	N
0001376474-25-000677	0	4	747230161	
0001437749-25-023666	0	38	201386801	N
0001929986-25-000005	0	303	647864771	N
0001907433-25-000002	0	26	163212627	N
0000932000-25-000009	0	15	687072982	N
0001398344-25-013899	0	269	847491691	
0001085146-25-004210	0	70	526352956	N
0001085146-25-004209	0	99	316790928	N
0001085146-25-004208	0	106	192005944	N
0001929986-25-000004	0	405	1373266100	N
0001093589-25-000008	0	94	1757253797	N
0001085146-25-004207	0	86	118331997	N
0001085146-25-004206	0	133	456287472	N
0001085146-25-004205	0	83	201078364	N
0000950123-25-006674	6	3727	83562468516	N
0001085146-25-004204	0	35	235529251	N
0002054798-25-000003	0	37	96387830	N
0001007295-25-000007	0	888	7403589157	N
0001999371-25-010093	1	1	350143202	
0001044905-25-000004	0	323	1545430686	N
0001140361-25-027574	0	173	1112725411	
0000950123-25-006659	0	1	10042923	N
0000314969-25-000009	0	1631	47805173	N
0001140771-25-000002	0	121	2224483217	N
0001986152-25-000054	0	275	349344343	N
0001398344-25-013883	0	197	251911763	
0001213900-25-068160	0	71	181837047	
0001513227-25-000004	0	99	99243366	N
0002058771-25-000004	0	466	118535070	N
0002027449-25-000004	0	62	133789302	N
0000945621-25-000643	0	80	669166462	
0001099910-25-000198	0	68	1738471	
0001986152-25-000053	0	61	471925894	N
0001580642-25-004522	0	512	547988337	
0001986152-25-000052	0	83	129871753	N
0001730383-25-000003	0	259	299835082	N
0001986152-25-000051	0	41	161120941	N
0000950123-25-006645	2	20	460626264	N
0001172779-25-000004	0	48	1064142297	N
0001085146-25-004203	0	161	595271368	N
0001420506-25-001596	0	80	587110059	N
0001963352-25-000006	0	41	125025681	N
0001986152-25-000050	0	1175	4004530683	N
0001123292-25-000320	0	498	4386648529	
0001909380-25-000004	0	64	170340763	N
0002052737-25-000005	0	35	128157780	N
0001889147-25-000005	0	176	508313237	N
0001085146-25-004202	0	1549	53684493773	N
0001085146-25-004201	0	53	24161574	N
0001214659-25-010956	0	77	249903217	
0002016719-25-000004	0	257	121566348	N
0001812103-25-000004	0	833	429987828	N
0001085146-25-004200	0	283	452199499	N
0001986152-25-000049	0	253	146746140	N
0001278678-25-000007	0	168	1849132	N
0001085146-25-004199	11	278	852745827	N
0001085146-25-004198	0	0	0	N
0001855205-25-000033	0	1086	753545492	N
0000810121-25-000004	0	3607	3947538377	N
0001085146-25-004197	0	0	0	N
0001085146-25-004196	0	0	0	N
0001632105-25-000005	0	325	536757964	N
0001085146-25-004195	0	0	0	N
0001427196-25-000004	0	50	147865589	N
0001133119-25-000003	0	240	216667682	N
0001539994-25-000009	0	153	7813493	Y
0001085146-25-004194	0	55	181212806	N
0001987720-25-000006	0	50	37873529	N
0001085146-25-004193	0	48	485055500	N
0001941040-25-000364	0	86	149928145	
0001085146-25-004192	0	217	382677093	N
0001085146-25-004191	0	85	610841615	N
0001085146-25-004190	0	201	825243187	N
0001085146-25-004189	0	318	558614430	N
0001214659-25-010952	0	77	166136058	
0001608034-25-000003	0	90	261241346	N
0001085146-25-004188	1	986	4529231483	N
0001085146-25-004187	0	83	165488198	N
0001085146-25-004186	0	107	234385677	N
0001172661-25-002746	0	73	139890636	
0001085146-25-004185	0	40	279540468	N
0001085146-25-004184	0	116	299337343	N
0001849776-25-000004	0	11	112829850	N
0001725547-25-003570	1	78	208271719	N
0002048423-25-000008	0	713	228868225	N
0002056425-25-000004	0	706	4642025836	N
0002019946-25-000004	0	397	65864988	N
0001398344-25-013863	0	161	607540689	
0001992785-25-000004	0	331	296110347	N
0001888831-25-000004	0	107	170164584	N
0001535293-25-000004	0	326	1384140367	N
0001420506-25-001593	0	386	1647173499	N
0001831132-25-000004	0	26	363070783	N
0002002745-25-000002	0	610	141731985	N
0001016021-25-000004	0	69	117478439	N
0002053348-25-000005	0	169	534602950	
0001534866-25-000010	2	583	14020197356	N
0000950123-25-006623	1	1647	117163114014	N
0002003557-25-000003	0	292	902737372	N
0001132897-25-000006	0	2	99886630	N
0002051108-25-000005	0	13	108186260	N
0001085146-25-004183	0	920	4255275756	N
0000900974-25-000004	0	2673	5620419558	N
0002046157-25-000005	0	129	398516277	N
0001104659-25-071055	0	205	1139567	
0001398344-25-013845	0	632	177418619	
0001423065-25-000005	0	56	111863591	N
0002009012-25-000011	0	10	52809657	N
0001080374-25-000006	0	149	894102723	N
0001226886-25-000006	1	155	420960	N
0001951757-25-000972	0	188	3126129606	N
0001951757-25-000971	0	273	812064442	N
0001667731-25-000989	0	36	140086077	
0001951757-25-000970	0	881	4275089720	N
0001667731-25-000988	0	660	3244888064	
0001667731-25-000987	0	138	898685326	
0001667731-25-000986	0	228	769552765	
0001667731-25-000985	0	199	609907288	
0001274419-25-000019	1	376	1167456889	N
0001547349-25-000011	0	13	320807246	
0001140361-25-027471	0	4	169322771	
0001214659-25-010940	0	331	1333386258	
0001398344-25-013834	0	8	123512586	
0001727342-25-000009	0	73	352529694	N
0002043729-25-000004	0	29	196657667	N
0001914472-25-000003	0	32	406680761	N
0001962373-25-000016	0	5	7001203	N
0001600403-25-000005	0	191	869469	N
0001079398-25-000007	0	106	289955088	N
0001731927-25-000003	0	132	252279863	N
0001381055-25-000006	0	102	132986818	
0001964047-25-000004	0	21	208793019	N
0001661536-25-000004	4	224	133132560	N
0001541787-25-000005	0	132	976681999	N
0001941040-25-000361	0	110	155718089	
0000919574-25-004240	1	237	1098236033	
0001214659-25-010931	1	165	193953684	
0001104659-25-070873	0	39	424970229	
0001661536-25-000003	5	237	194754351	N
0001104659-25-070863	0	1	5515558000	
0001398344-25-013798	0	910	3866880648	
0002009646-25-000004	0	53	115486910	N
0001381055-25-000005	0	107	132295726	N
0001719305-25-000005	0	672	1464035070	N
0001415889-25-020289	0	2	19015271	N
0001420506-25-001586	0	0	0	N
0001420506-25-001584	0	0	0	N
0001420506-25-001582	2	2098	4421555172	N
0001214659-25-010928	0	1516	27189524847	
0001866040-25-000008	0	202	213399033	N
0001213900-25-067775	0	1509	5672370184	
0002031885-25-000004	0	201	664789479	N
0001611518-25-000008	0	226	984368714	N
0001085146-25-004181	0	58	119722957	N
0001894206-25-000005	0	22	224818381	N
0001931642-25-000007	0	258	355879330	N
0001814214-25-000005	0	861	685930319	N
0001085146-25-004180	0	1588	14606212604	N
0001085146-25-004179	0	288	349271620	N
0001085146-25-004178	0	86	315410423	N
0001085146-25-004177	1	558	7064694707	N
0001858789-25-000006	0	1917	9278737680	N
0001085146-25-004176	0	54	425081044	N
0001085146-25-004175	0	35	231486837	N
0001085146-25-004174	0	75	9014856807	N
0001027796-25-000043	1	184	30752340879	N
0001085146-25-004173	0	71	131407298	N
0001085146-25-004172	0	171	124464743	N
0001085146-25-004171	0	186	750639234	N
0001085146-25-004170	0	71	153299317	N
0001376474-25-000672	0	577	760421634	
0001580642-25-004483	0	465	274090677	
0001766929-25-000003	0	39	294531082	N
0001172661-25-002744	1	269	803553154	
0002053013-25-000005	0	5	112446554	N
0001844454-25-000005	0	76	72776524	N
0000950123-25-006604	0	65	152363120	N
0001961632-25-000004	0	1186	421740091	N
0001172661-25-002742	0	194	353242093	
0001172661-25-002741	0	61	103753696	
0002011856-25-000004	0	46	139744268	N
0001941040-25-000359	0	207	846832235	
0001604488-25-000158	1	111	1383394622	
0001729049-25-000006	0	72	291812097	N
0001172661-25-002739	0	1192	3109732751	
0001085146-25-004169	0	61	299492460	N
0001443095-25-000007	0	281	2393061535	N
0001420506-25-001578	0	8	418240150	N
0001939831-25-000003	0	74	488755804	N
0001738828-25-000006	0	133	683469659	N
0001308685-25-000009	0	49	1132028157	N
0001080351-25-000005	0	107	534912722	N
0001172661-25-002737	0	239	514695906	
0001951757-25-000969	0	61	112968031	N
0001951757-25-000968	0	121	223118675	N
0001665097-25-000007	0	144	1781007655	N
0001951757-25-000967	0	149	144530452	N
0001951757-25-000966	0	92	504454496	N
0001951757-25-000965	0	111	191351947	N
0001951757-25-000964	0	90	155045640	N
0001790837-25-000006	0	89	207980	N
0001951757-25-000963	0	77	113800869	N
0001951757-25-000962	0	69	305812599	N
0001951757-25-000961	0	64	355904315	N
0001951757-25-000960	0	100	104083185	N
0001951757-25-000959	0	80	189769701	N
0001080369-25-000009	0	186	1872084934	N
0001951757-25-000958	0	89	138807145	N
0001951757-25-000957	0	75	240866486	N
0001398344-25-013772	0	144	208936329	
0001604488-25-000156	1	102	1309885617	
0001940678-25-000003	0	55	337085112	N
0001085146-25-004168	0	274	329691497	N
0001085146-25-004167	0	1	94879726	N
0001085146-25-004166	0	82	178926588	N
0000046392-25-000003	0	9591	244153	N
0002052538-25-000007	0	36	117282611	N
0001890906-25-000121	5	3156	59798131453	N
0001085146-25-004165	0	131	176022768	N
0001085146-25-004164	0	206	628393172	N
0000904454-25-000381	1	248	280992134	
0001536755-25-000010	0	215	519364266	N
0001398344-25-013767	0	14	287819808	
0001172661-25-002736	0	115	133600474	
0002023325-25-000004	0	298	162639748	N
0001728778-25-000005	0	87	234848	N
0001172661-25-002733	6	1	199484767	
0001172661-25-002731	0	0	0	
0002023325-25-000003	0	1552	1177147876	N
0001214659-25-010914	0	156	349384324	
0001104659-25-070695	0	19	762038188	
0002034566-25-000004	0	61	126534394	N
0001172661-25-002727	0	94	213841043	
0001104659-25-070685	0	60	110867550	
0000905729-25-000129	0	188	189698810	
0001580642-25-004473	1	5277	28357169	
0002013703-25-000004	0	99	194532880	N
0001580642-25-004472	0	149	879160451	
0001580642-25-004470	0	149	879160451	
0001580642-25-004469	0	153	855271108	
0002050169-25-000004	0	46	212419727	N
0001415201-25-000004	0	262	1194089863	N
0000881432-25-000011	0	327	1579862005	N
0001946654-25-000005	0	90	212234127	N
0001032814-25-000005	0	67	2957613794	N
0001427372-25-000009	0	123	506498145	N
0001699506-25-000003	0	112	430502222	N
0001963040-25-000004	0	222	867877231	N
0001707856-25-000003	0	51	382953984	N
0002011081-25-000008	0	56	846199554	N
0000701516-25-000006	0	195	1055560937	N
0001013701-25-000004	0	97	537584511	N
0001398344-25-013756	0	112	137666701	
0001853401-25-000004	0	119	559416277	N
0001295044-25-000008	0	34	648440011	N
0001977602-25-000006	0	313	4031586570	N
0002039196-25-000001	0	38	106918650	N
0001911876-25-000026	2	20	1273785741	N
0001587301-25-000021	0	5	123114940	N
0001140361-25-027283	0	77	905408	
0001172661-25-002726	0	171	1394421296	
0001085146-25-004163	0	26	273651365	N
0001214659-25-010906	1	81	192443838	
0002041021-25-000005	0	99	92489802	N
0001420506-25-001576	1	1980	8859943724	N
0001705819-25-000051	0	120	101062909	
0002012280-25-000004	0	148	292465411	N
0001667731-25-000964	0	37	325532598	
0001667731-25-000963	1	136	1702436436	
0001951757-25-000956	0	35	189439540	N
0001951757-25-000955	1	70	125632905	N
0001951757-25-000954	0	313	485143884	N
0001667731-25-000962	0	217	279997613	
0001951757-25-000953	0	18	195399371	N
0001667731-25-000961	0	1404	5173266883	
0001667731-25-000960	0	159	360038487	
0002048547-25-000003	0	291	132683502	N
0001987855-25-000007	1	725	1094893080	N
0001667731-25-000959	0	816	11154877570	
0001807909-25-000004	3	311	201760926	N
0001596452-25-000007	0	46	367586	N
0001951757-25-000952	0	175	330254586	N
0001951757-25-000951	0	32	135503751	N
0001104659-25-070565	3	4	424201047	
0001172661-25-002724	0	108	988330426	
0001951757-25-000950	0	117	135573486	N
0001951757-25-000949	0	79	147904547	N
0001934657-25-000006	0	26	552122837	N
0001062993-25-013153	0	61	525823644	N
0001427263-25-000008	0	146	730825000	N
0001843111-25-000007	0	5	105933585	N
0001214659-25-010895	1	262	3444201410	
0001907157-25-000021	0	73	280929	N
0001893840-25-000004	0	8	55832654	N
0001907157-25-000025	0	397	1034004	N
0001907157-25-000036	0	54	176091	N
0001764387-25-000005	0	1272	5064601778	N
0000950123-25-006597	0	750	2383491301	N
0001907157-25-000031	0	1691	690657	N
0002012303-25-000003	7	1242	148860718	N
0001907157-25-000023	0	27	258336	N
0001907157-25-000019	0	135	389939	N
0001595509-25-000006	0	126	192915666	N
0001907157-25-000027	0	255	386582	N
0001907157-25-000033	0	74	93857	N
0001764387-25-000006	0	211	479058478	N
0001912095-25-000004	0	19	292354021	N
0001080173-25-000006	0	109	316881710	N
0001907157-25-000035	0	219	200580	N
0001907157-25-000029	0	156	203964	N
0000950123-25-006600	0	1	59597861	N
0001907157-25-000017	0	951	242442	N
0001415889-25-020251	0	1	11688982	N
0001166928-25-000070	1	97	158297147	N
0001214659-25-010886	0	162	901504148	
0001920624-25-000006	0	0	0	Y
0001172661-25-002723	0	84	1460233426	
0001725888-25-000001	0	214	358865	N
0001437749-25-023434	0	173	850307086	N
0001172661-25-002722	0	46	167209683	
0001724090-25-000005	0	99	472768679	N
0001172661-25-002720	0	88	7968040844	
0001213900-25-067379	0	8	93446005	
0001213900-25-067377	0	8	103737128	
0001172661-25-002719	0	37	148984049	
0001172661-25-002718	0	39	6765988725	
0002058921-25-000004	0	184	131778168	N
0002025098-25-000006	0	7	429138307	N
0002053050-25-000009	0	200	424317805	N
0001172661-25-002714	0	52	263899849	
0001008937-25-000003	0	920	906651501	N
0001172661-25-002713	0	84	137728693	
0001569118-25-000007	0	651	1039704300	N
0001172661-25-002712	0	824	917957751	
0002056313-25-000006	0	309	215820150	N
0001085146-25-004159	0	107	134200458	N
0001172661-25-002711	0	132	322739405	
0002031642-25-000005	0	422	517909184	N
0000950123-25-006590	0	2	236413691	N
0001568068-25-000003	0	1868	1571276265	N
0001072843-25-000005	0	71	504357	N
0002015682-25-000003	0	55	47594989	N
0001085146-25-004158	0	0	0	N
0001921196-25-000003	0	406	179866321	N
0001085146-25-004157	0	100	507217151	N
0001085146-25-004156	0	70	132319139	N
0000838618-25-000006	0	516	1341803078	N
0001085146-25-004155	0	46	448323425	N
0001941040-25-000353	0	47	239222531	
0001085146-25-004154	0	105	1601600455	N
0001085146-25-004153	0	110	400407213	N
0001085146-25-004152	0	147	143858724	N
0001085146-25-004151	1	107	192529365	N
0001900406-25-000005	0	128	134605943	N
0001085146-25-004150	2	341	2911333998	N
0001085146-25-004149	0	0	0	N
0001085146-25-004148	0	0	0	N
0000950123-25-006589	0	81	1040669527	N
0001085146-25-004147	0	32	292857294	N
0001085146-25-004146	0	64	178065682	N
0001729428-25-000009	0	91	198725011	N
0001085146-25-004145	0	113	302500506	N
0001172661-25-002709	0	14	254136998	
0001085146-25-004144	0	134	117564132	N
0001126395-25-000006	0	1332	5252880762	N
0001085146-25-004143	5	1853	58789065085	N
0001085146-25-004142	7	364	3122192222	N
0001085146-25-004141	0	307	1595382699	N
0001085146-25-004140	0	52	231673061	N
0001975730-25-000007	0	113	144654	N
0001085146-25-004139	1	74	117061385	N
0001172661-25-002708	0	35	95633305	
0001761961-25-000003	0	180	293446867	N
0001900409-25-000004	0	107	243523547	N
0000950123-25-006585	0	60	403022189	N
0001085146-25-004138	0	152	246561026	N
0001140361-25-027093	0	16	6537985	Y
0000903064-25-000008	0	137	546252924	
0001879371-25-000002	0	243	2062917612	N
0001172661-25-002706	0	59	142969790	
0001856022-25-000007	0	3786	8479380889	N
0002077940-25-000001	0	62	219338044	N
0001894484-25-000007	0	234	635448344	
0001277279-25-000006	0	497	708572208	N
0001729428-25-000008	0	219	383890210	N
0001058022-25-000005	0	78	359488	N
0001214659-25-010866	0	0	0	
0001950947-25-000004	0	465	1686610710	N
0000950123-25-006579	0	10	1786386319	N
0001172661-25-002703	0	550	3142720776	
0001906023-25-000005	3	261	211470776	
0001802132-25-000004	0	162	135094	N
0001765380-25-000265	0	56	155311025	N
0001172661-25-002702	0	142	143224751	
0001760145-25-000003	0	687	266176295	N
0001609674-25-000004	0	199	470677837	N
0001511098-25-000003	0	52	1322422	N
0001214659-25-010855	0	178	529132398	
0001214659-25-010857	0	167	552942272	
0001214659-25-010851	0	177	406415429	
0001214659-25-010858	0	166	561320268	
0001214659-25-010853	0	174	443766212	
0001214659-25-010856	0	168	486693940	
0001214659-25-010854	0	178	477381882	
0001214659-25-010859	0	170	581956371	
0001214659-25-010852	0	182	425618710	
0001172661-25-002700	0	191	1160486429	
0001976157-25-000004	0	94	198396198	N
0001619124-25-000010	0	27	7812689000	N
0001398344-25-013693	0	226	415890119	
0001799859-25-000004	0	80	195259823	N
0000908834-25-000218	0	216	198642	Y
0001992110-25-000010	0	344	661167111	N
0001641866-25-000009	0	4930	3517052013	N
0000950123-25-006571	1	248	1472465864	N
0001861158-25-000002	0	19	431508777	N
0001997602-25-000003	0	132	434265293	N
0002048892-25-000001	0	148	227972967	N
0001765380-25-000264	0	87	251976892	N
0001622757-25-000004	0	31	304069165	N
0001832521-25-000005	0	31	542786854	N
0001999371-25-009685	0	235	1029481211	
0001860790-25-000004	0	39	543785312	N
0001765380-25-000263	0	80	558952578	N
0001321194-25-000008	0	132	275809595	N
0002055532-25-000001	0	149	144383685	N
0001909851-25-000004	0	319	328725693	N
0000906396-25-000005	0	163	290225	N
0001172661-25-002697	0	108	149559941	
0001593688-25-000004	0	83	340651136	N
0001725547-25-003562	2	512	334732898	N
0001846236-25-000006	0	87	1449113584	N
0001398344-25-013676	0	86	370306300	
0001597878-25-000003	0	1531	810536	N
0001133219-25-000005	0	26	320484105	N
0001822262-25-000003	0	80	130183154	N
0001802952-25-000005	1	365	228867832	N
0001398344-25-013674	0	190	409521867	
0001398344-25-013672	0	72	194508196	
0001900946-25-000005	0	358	186489570	N
0001619124-25-000009	0	25	6289896000	N
0001398344-25-013670	0	168	575585586	
0002048079-25-000008	0	10	373712206	
0001104659-25-070286	0	2	842682234	
0001999898-25-000004	0	77	133173101	N
0001765380-25-000262	0	164	276150890	N
0001085146-25-004134	0	170	2028080790	N
0001437749-25-023367	0	87	173092599	N
0001911497-25-000004	0	213	130981	N
0001765380-25-000261	0	150	240228636	N
0001172661-25-002696	3	208	697258429	
0001901929-25-000004	0	33	163951	N
0001221073-25-000066	0	88	336676834	
0001221073-25-000065	0	931	3169111357	
0001420506-25-001571	0	146	317972004	N
0001104659-25-070274	0	1824	36002454589	
0001629290-25-000006	0	41	228159	N
0001085146-25-004115	0	308	1801827575	N
0001748729-25-000009	0	50	1331968917	N
0002009886-25-000005	0	178	307097477	N
0001683168-25-005332	0	359	4363683	
0001738738-25-000004	0	163	290072525	N
0001667731-25-000945	1	305	270180988	
0001667731-25-000944	0	175	289520978	
0001667731-25-000943	0	180	841849577	
0001667731-25-000942	0	234	1080199089	
0001667731-25-000941	0	62	227540287	
0001667731-25-000940	0	37	121469878	
0001667731-25-000939	0	68	157630087	
0001667731-25-000938	0	46	138535498	
0001667731-25-000937	0	60	165534123	
0001667731-25-000936	0	140	265650676	
0001667731-25-000935	0	135	268156828	
0001667731-25-000934	0	217	123500519	
0001012975-25-000385	0	20	8665060730	N
0002025353-25-000011	0	26	107675058	N
0001777469-25-000003	0	147	104006844	N
0001420506-25-001568	0	242	347086057	N
0000036104-25-000046	4	9904	79436775598	N
0001096783-25-000004	0	151	817560435	N
0001754960-25-000479	2	137	189830596	N
0002053892-25-000005	0	61	189798895	N
0001754960-25-000475	0	103	374994514	N
0001808179-25-000005	0	80	132109422	N
0001754960-25-000473	0	138	259565456	N
0001754960-25-000478	0	114	133070937	N
0001964389-25-000005	0	7	1071976724	N
0001398344-25-013656	0	116	149104189	
0001687832-25-000003	0	156	400837513	N
0001908623-25-000005	1	273	2046269	N
0001754960-25-000476	0	385	1286105330	N
0000873759-25-000004	0	112	197619802	N
0000943663-25-000204	0	51	5501371786	
0001140361-25-026976	0	128	552138920	
0001398344-25-013651	0	62	155154027	
0001998574-25-000004	0	23	233547128	N
0001801373-25-000004	0	86	145532936	N
0001730813-25-000005	0	48	292260570	N
0001799677-25-000004	0	172	345014940	N
0001085146-25-004113	0	101	756486427	N
0001085146-25-004112	0	134	335781254	N
0001085146-25-004111	0	107	133229407	N
0001085146-25-004110	0	48	171835272	N
0001085146-25-004109	0	162	1245227257	N
0001085146-25-004107	0	48	485055500	N
0001085146-25-004106	0	358	577901375	N
0001621646-25-000004	0	206	190692394	N
0001697539-25-000003	0	37	99222246	N
0001085146-25-004105	0	54	148937595	N
0001802635-25-000003	0	81	183424288	N
0001085146-25-004104	0	144	344176272	N
0001019056-25-000196	0	87	492357562	
0001635342-25-000004	0	66	360847661	N
0001085146-25-004103	0	117	156151213	N
0001085146-25-004102	0	246	427941171	N
0001137439-25-000978	0	3	82134501	N
0001085146-25-004101	0	126	564049620	N
0001085146-25-004100	0	128	149167941	N
0001085146-25-004099	0	44	115114655	N
0001710207-25-000006	0	22	90829130	N
0001085146-25-004098	0	640	7185994075	N
0001085146-25-004097	0	54	220237628	N
0001019056-25-000194	0	24	148814266	
0001085146-25-004096	0	171	142981967	N
0001085146-25-004095	0	94	236744239	N
0001085146-25-004094	0	33	204550548	N
0001085146-25-004093	0	129	124996961	N
0001085146-25-004092	0	159	466292538	N
0001085146-25-004091	0	125	124704004	N
0001085146-25-004090	0	72	387356440	N
0001085146-25-004089	0	95	351576661	N
0001085146-25-004088	0	74	513392207	N
0001085146-25-004087	0	1488	4565087958	N
0001085146-25-004086	3	929	526268992	N
0001798485-25-000003	0	48	165271	N
0001085146-25-004085	0	124	315748640	N
0001085146-25-004084	0	42	195995669	N
0001314376-25-000006	5	312	173382912	N
0000712534-25-000166	0	518	2584913881	N
0001085146-25-004083	0	94	177312565	N
0001085146-25-004082	0	226	656197245	N
0001104659-25-070002	0	116	117878847	
0001085146-25-004081	0	63	242792176	N
0001085146-25-004080	0	538	1050745342	N
0001035463-25-000004	2	255	1562751612	N
0001085146-25-004079	0	40	249912998	N
0001085146-25-004078	0	18	311639156	N
0001085146-25-004077	0	99	162819974	N
0001085146-25-004076	0	106	184161463	N
0001085146-25-004075	0	0	0	N
0001085146-25-004074	0	47	238231005	N
0001085146-25-004073	1	407	1720225434	N
0001705819-25-000050	0	195	1479712427	
0001085146-25-004072	0	25	91083244	N
0001085146-25-004071	0	152	377625661	N
0001085146-25-004070	0	65	186257266	N
0001085146-25-004069	0	208	817166953	N
0002026645-25-000005	0	287	167618850	N
0001085146-25-004068	0	61	123495054	N
0001847343-25-000004	0	111	148868541	N
0001085146-25-004067	0	121	206256609	N
0001085146-25-004066	0	32	185781705	N
0001314376-25-000005	4	230	205229759	N
0001085146-25-004065	0	80	191500051	N
0001085146-25-004064	0	0	0	N
0001085146-25-004063	0	0	0	N
0001085146-25-004062	0	0	0	N
0001085146-25-004061	0	0	0	N
0001085146-25-004060	0	0	0	N
0001962615-25-000003	0	479	600851191	N
0001415889-25-020179	0	5	0	N
0001085146-25-004059	0	0	0	N
0001085146-25-004058	7	3064	31386533626	N
0001844147-25-000003	0	24	95891	N
0001799006-25-000004	0	46	186149696	N
0002016972-25-000006	0	61	161757537	N
0001172661-25-002691	1	35	9660960075	
0001938757-25-000009	0	128	547171137	N
0001172661-25-002690	0	224	1348845629	
0001123812-25-000006	0	262	656112495	N
0002048581-25-000009	0	499	425868802	N
0001987321-25-000006	0	99	320020458	N
0002042928-25-000004	0	22	132452390	N
0001314376-25-000004	6	337	332587967	N
0001084207-25-000003	0	46	286421	N
0002034894-25-000003	0	13	139727717	N
0002009419-25-000006	0	182	279113669	N
0001085146-25-004057	0	115	167799056	N
0002041678-25-000004	0	102	295175563	N
0001140361-25-026909	1	1359	1456496426	
0001085146-25-004056	1	78	112745223	N
0002013339-25-000003	0	289	216296324	N
0001632078-25-000008	0	107	230107698	N
0001314376-25-000003	6	430	593538457	N
0001172661-25-002689	0	100	234655185	
0001668256-25-000005	0	198	211532547	N
0002055099-25-000004	0	100	121909340	N
0001079738-25-000017	0	55	416126	
0001739043-25-000004	0	181	1036491023	N
0001314376-25-000002	5	316	350974496	N
0001062993-25-013088	9	38	458896641	N
0001806425-25-000004	0	376	501419379	N
0001314376-25-000001	5	353	505818397	N
0001398344-25-013608	0	201	470002942	
0001706016-25-000007	0	121	307538281	N
0001911342-25-000003	0	101	293080771	N
0001508120-25-000003	0	152	614482633	N
0001725247-25-000005	1	241	795300	N
0002023380-25-000006	0	188	1055692625	N
0001085146-25-004055	0	42	196725049	N
0001801619-25-000004	3	472	205467581	N
0001426398-25-000007	0	23	3056333700	N
0001085146-25-004054	0	73	102393202	N
0001960860-25-000003	0	227	272645350	N
0001807283-25-000006	0	874	436822704	N
0002043186-25-000004	0	120	210155733	N
0001085146-25-004052	0	178	512188611	N
0001085146-25-004050	0	105	274695333	N
0001573575-25-000009	0	19	2162388154	N
0001893403-25-000007	0	126	128627149	N
0002047270-25-000006	0	483	337794394	N
0001802361-25-000003	0	75	125155	N
0002071876-25-000021	0	20	1017554	
0001846150-25-000007	0	422	1656143999	N
0001666363-25-000006	0	935	2024108817	N
0001706669-25-000007	0	66	249866506	N
0001998946-25-000004	0	40	202882505	N
0001398344-25-013593	0	367	4033325539	
0001641761-25-000005	0	274	252002187	N
0001598611-25-000006	0	260	182442228	N
0001398344-25-013590	0	65	386805899	
0001843553-25-000007	0	156	410859976	N
0001214659-25-010815	0	125	162207883	
0001162781-25-000005	0	103	909958	N
0001667731-25-000933	0	116	383425402	
0001356407-25-000006	0	489	302343373	N
0000040545-25-000113	0	1	7260000	N
0001398344-25-013587	0	134	140535501	
0001494234-25-000012	0	127	1292389853	N
0001398344-25-013585	0	185	217302344	
0001765380-25-000260	0	80	122358452	N
0001398344-25-013583	0	70	806899528	
0001537191-25-000004	0	1605	5517085	N
0001062993-25-013083	0	26	248943750	N
0001140361-25-026872	0	59	856830000	
0000033250-25-000003	0	692	2007162417	N
0001085146-25-004047	0	418	2459008855	N
0001765380-25-000259	0	89	130830252	N
0001716984-25-000006	0	117	816511141	N
0001214659-25-010809	0	29	233277869	
0001398344-25-013573	0	14	513974602	
0002056711-25-000003	0	51	59874835	N
0001908275-25-000004	0	124	131842866	N
0001476804-25-000010	0	324	1496116486	N
0001398344-25-013570	0	1332	252910390	
0001839890-25-000005	0	39	276006332	N
0001765380-25-000258	0	123	341519318	N
0001172661-25-002686	0	82	739793416	
0001172661-25-002685	0	171	330138052	
0001951757-25-000944	0	43	187946884	N
0001172661-25-002683	0	44	143557357	
0001599404-25-000004	0	7	356817374	N
0001592579-25-000006	0	20	1457482231	N
0001211028-25-000004	0	1296	2895972	N
0000887402-25-000004	0	354	1069060188	N
0001987855-25-000005	1	745	1266367894	N
0001765380-25-000257	0	247	1247869127	N
0001796651-25-000005	0	84	619871	
0001398344-25-013548	0	109	144802155	
0001951757-25-000943	10	158	104914314	N
0001725547-25-003532	0	79	152546515	N
0001951757-25-000942	0	90	257270193	N
0001951757-25-000941	0	54	104211206	N
0001951757-25-000940	0	50	145450759	N
0001951757-25-000939	0	91	142272531	N
0001951757-25-000938	0	78	318068027	N
0001951757-25-000937	0	158	631922886	N
0001951757-25-000936	7	448	3980296635	N
0001951757-25-000935	2	70	268879102	N
0001951757-25-000934	0	47	115705338	N
0001951757-25-000933	6	103	180823498	N
0001951757-25-000932	0	92	132009364	N
0001951757-25-000931	0	141	628337824	N
0001951757-25-000930	0	101	187250481	N
0001717443-25-000007	0	2188	23167364463	N
0001951757-25-000929	0	303	497916945	N
0001951757-25-000928	0	131	121083638	N
0001214659-25-010807	1	334	650344605	
0002064883-25-000002	0	77	116199310	N
0001910168-25-000003	0	214	279624559	N
0001859388-25-000007	0	24	191744774	N
0000947871-25-000680	0	19	1366063361	
0001172661-25-002681	0	100	121770149	
0001178913-25-002449	3	217	7418247470	
0002051288-25-000008	0	48	167994161	N
0001214659-25-010805	0	138	1271610581	
0001667731-25-000923	0	54	156142193	
0001221073-25-000064	0	565	2588026796	
0001754960-25-000462	0	107	298102327	N
0001667731-25-000926	0	177	1162626328	
0002011201-25-000002	0	108	120265041	N
0001085146-25-004044	0	46	219502487	N
0001667731-25-000924	0	252	401292067	
0002047860-25-000011	0	84	192958674	N
0001863894-25-000004	0	58	190628996	N
0001085146-25-004041	0	48	130054682	N
0001935795-25-000003	0	92	408260049	N
0001140361-25-026812	3	19	169873294	
0001085146-25-004043	0	249	239145003	N
0001754960-25-000467	0	48	132795768	N
0001667731-25-000925	0	95	163450034	
0001754960-25-000466	0	68	112567881	N
0001869316-25-000005	0	46	153104987	N
0001754960-25-000471	0	87	172020281	N
0001754960-25-000464	0	94	347877170	N
0001214659-25-010773	0	973	7530430313	
0001085146-25-004042	0	129	194457967	N
0001085146-25-004045	0	547	1589892314	N
0001922448-25-000005	0	39	96138141	N
0001398344-25-013538	0	136	203837002	
0001214659-25-010775	0	191	623451140	
0001754960-25-000469	0	259	220773338	N
0000905148-25-002505	0	2	131876717	
0001667731-25-000922	0	105	289718687	
0001667731-25-000921	0	228	450664922	
0001667731-25-000920	0	152	935949831	
0001667731-25-000919	0	17	54688346	
0001765617-25-000007	0	170	132163893	N
0001928999-25-000003	0	218	175005	N
0001667731-25-000918	0	51	120628015	
0001667731-25-000917	0	57	174372079	
0001576704-25-000011	0	77	103576615	N
0001667731-25-000916	1	95	118741488	
0001667731-25-000915	0	174	205102077	
0001667731-25-000914	0	353	386690675	
0001667731-25-000913	0	118	211888814	
0001420506-25-001564	1	165	1126946454	N
0001950962-25-000007	0	123	379501293	N
0001062993-25-013050	0	82	226722819	N
0001802224-25-000010	0	128	420769656	N
0001415889-25-020130	0	3	73299547	N
0001621225-25-000006	0	1708	8968058260	N
0002042938-25-000005	1	69	99437655	N
0001772483-25-000003	0	144	407697891	N
0002017692-25-000005	0	56	187782358	N
0001420506-25-001562	0	221	256182227	N
0001803994-25-000004	0	110	899545397	N
0001321993-25-000008	0	476	3674748430	N
0001085146-25-004036	0	1202	18357421528	N
0001172661-25-002680	0	55	134337674	
0002077991-25-000001	0	67	144604060	N
0001802473-25-000007	0	467	1075122375	N
0002044323-25-000004	0	41	182859	N
0001398344-25-013509	0	276	1515468825	
0001755933-25-000007	0	110	150579950	N
0001534561-25-000007	0	65	1373304446	N
0001172661-25-002679	0	108	308010912	
0001688666-25-000004	0	368	1650000791	N
0001623678-25-000005	0	310	417014428	N
0000882119-25-000006	0	101	1354621342	N
0001214659-25-010745	0	45	128820557	
0001452861-25-000005	0	3502	225164972128	N
0001697847-25-000005	0	115	766890667	N
0001836270-25-000003	0	591	338998420	N
0001161670-25-000004	0	210	1516175881	N
0001376474-25-000648	0	90	5010863479	
0002054278-25-000003	0	248	95945446	N
0001214659-25-010743	0	114	87838810	
0001808919-25-000003	0	110	422754	N
0001639375-25-000006	8	293	801552035	N
0002004963-25-000005	4	445	109486993	
0001722641-25-000003	0	799	4155124108	N
0001911621-25-000006	4	229	213825471	N
0001967622-25-000001	0	14	133683511	N
0001512779-25-000009	0	268	328814118	N
0001765380-25-000256	0	41	236152227	N
0001006407-25-000009	0	79	1044409002	N
0002001520-25-000003	0	156	125070530	N
0001214659-25-010741	0	49	212696044	
0001730546-25-000004	0	148	228168664	N
0001798986-25-000003	0	366	481215056	N
0001140361-25-026692	0	14	262863114	
0001035912-25-000006	0	134	202397	N
0001765380-25-000255	0	154	316814836	N
0000950123-25-006529	0	251	1413190	N
0001172661-25-002678	0	101	950600283	
0001437749-25-023198	1	179	430223134	N
0001765380-25-000254	0	115	427756008	N
0001695664-25-000003	0	465	430681029	N
0001062993-25-013037	0	585	2402346444	N
0001840084-25-000013	2	273	321874868	N
0000790354-25-000007	0	210	476194604	N
0000950123-25-006527	0	1242	5616022698	N
0001962695-25-000003	0	366	180141049	N
0001796651-25-000004	0	79	451473	N
0001398344-25-013494	0	167	950265786	
0001062993-25-013033	0	169	216095060	N
0001910411-25-000004	0	360	1832758222	N
0001398344-25-013492	0	130	660450011	
0000773411-25-000004	0	957	612531	N
0000904454-25-000367	1	20	334096397	
0001721242-25-000005	1	935	2400212952	N
0001765380-25-000253	0	115	427756008	N
0001172661-25-002676	0	68	61148404	
0000811407-25-000005	0	34	217495	N
0001172661-25-002675	0	46	372084148	
0001172661-25-002674	0	29	77276357	
0001958456-25-000003	0	23	139421709	N
0001172661-25-002672	0	190	338727542	
0001455253-25-000009	0	25	1225145769	N
0000860828-25-000005	0	339	5571619820	N
0001172661-25-002670	0	182	304747993	
0001546967-25-000006	0	125	502068986	N
0001793691-25-000003	0	259	853275109	N
0001512022-25-000006	0	94	674263244	N
0001172661-25-002668	0	51	187597388	
0001357867-25-000005	0	73	1637476	
0001731795-25-000006	0	249	193160888	N
0001910488-25-000004	1	653	207214396	N
0001172661-25-002666	0	419	1547815999	
0002031775-25-000005	0	197	300876997	N
0002040070-25-000004	0	60	208486	N
0001420506-25-001552	0	70	409245007	N
0001172661-25-002665	0	99	609846045	
0001845743-25-000003	0	175	230660773	N
0001625800-25-000004	0	63	711107986	N
0001735605-25-000004	0	135	269051	N
0001437749-25-023183	1	1275	344819907	N
0000799003-25-000003	0	55	138429000	N
0001780565-25-000004	0	68	355666027	N
0001409427-25-000007	0	311	3567237318	N
0001965923-25-000005	0	96	149159692	N
0002016322-25-000008	0	139	467412548	N
0001420506-25-001548	0	63	188020379	N
0001420506-25-001546	0	32	155249075	N
0000860486-25-000005	0	405	1848760673	N
0001437749-25-023179	0	270	202674228	N
0001437749-25-023178	4	274	1045798447	N
0001062993-25-013029	0	194	385564545	N
0001951757-25-000909	0	118	166167710	N
0001951757-25-000908	0	13	136290778	N
0001398344-25-013484	0	302	253066305	
0001951757-25-000907	0	143	198905941	N
0001951757-25-000906	0	78	945866333	N
0001951757-25-000905	0	969	4383300907	N
0001172661-25-002664	0	69	114666073	
0001951757-25-000904	0	61	156190585	N
0001951757-25-000903	0	92	106011264	N
0001951757-25-000902	0	76	358549902	N
0001951757-25-000901	0	73	222254830	N
0001951757-25-000900	0	721	5953353155	N
0001951757-25-000899	0	45	159615244	N
0000950123-25-006518	0	2	147487220	N
0001997650-25-000005	0	71	90076748	N
0001646695-25-000004	0	80	2084248675	N
0001339270-25-000003	0	304	1031707	N
0001731497-25-000004	0	119	619029403	N
0001754960-25-000460	0	95	257507363	N
0001525947-25-000006	0	213	243526340	N
0001172661-25-002661	0	275	837769249	
0000894189-25-005077	0	101	533442	
0001085146-25-004033	0	97	158064105	N
0002006637-25-000003	0	197	696505917	N
0001904822-25-000004	0	53	110619039	N
0001085146-25-004032	0	122	86258826	N
0001725547-25-003514	0	6	33368926	N
0001085146-25-004031	0	51	335565205	N
0000950123-25-006516	0	575	1113319075	N
0001957124-25-000003	0	174	619283664	N
0001362033-25-000007	0	1695	1427945	N
0001769578-25-000007	0	67	213546372	N
0001085146-25-004030	0	33	300790634	N
0002009427-25-000006	0	48	77623384	N
0001214659-25-010727	0	94	122930242	
0001398344-25-013472	0	167	266580951	
0001667731-25-000904	0	91	120922650	
0001134687-25-000006	0	66	168059201	N
0001680365-25-000009	0	31	55515584	N
0000950123-25-006511	0	2	407661520	N
0001911278-25-000005	9	1042	7980068846	N
0002067972-25-000004	0	1287	227491442	N
0001911284-25-000007	0	234	1142869509	N
0001213900-25-066335	0	90	188226427	
0001214659-25-010725	0	278	1884677271	
0000934866-25-000009	1	142	161852072	N
0002055882-25-000004	0	216	639899071	N
0001901361-25-000006	0	55	211603229	N
0001214659-25-010721	0	112	191869333	
0001178913-25-002435	1	129	733033	
0001062993-25-013013	0	170	15027987457	N
0001104659-25-069438	0	685	14920174016	
0001085146-25-004018	0	57	102362965	N
0001754960-25-000446	0	61	310683946	N
0001085146-25-004020	0	38	4880235781	N
0001845163-25-000005	0	251	203406398	N
0001085146-25-004024	0	152	118735430	N
0002057060-25-000004	0	660	4972986346	N
0001754960-25-000448	0	110	187421992	N
0001398344-25-013461	0	46	163171215	
0001085146-25-004014	0	67	125462081	N
0001991983-25-000005	0	116	137597654	N
0001754960-25-000437	0	104	234817953	N
0001853635-25-000007	0	5	133848	N
0001754960-25-000441	0	92	219998361	N
0001754960-25-000447	0	68	80175515	N
0001686776-25-000010	0	8	785664987	N
0001754960-25-000453	0	17	12266846	N
0001085146-25-004023	0	73	224232745	N
0001085146-25-004025	0	335	422148262	N
0001907802-25-000005	0	40	159844051	N
0001754960-25-000452	0	55	153152000	N
0001221073-25-000062	0	110	174981914	
0001536562-25-000007	0	45	204341567	N
0001085146-25-004028	0	127	273777782	N
0001085146-25-004026	0	578	1788304223	N
0001221073-25-000061	3	111	323912843	
0001085146-25-004022	0	145	482493308	N
0001221073-25-000063	0	42	277316641	
0001838226-25-000004	0	269	299595653	N
0002027176-25-000004	0	105	190202339	N
0001085146-25-004021	0	310	1169693402	N
0001085146-25-004015	0	28	118572780	N
0001754960-25-000450	0	23	233768446	N
0001085146-25-004017	0	39	111626920	N
0001966180-25-000004	0	64	1056378632	N
0001754960-25-000443	0	18	110203546	N
0002039300-25-000006	0	19	125047578	N
0001754960-25-000456	0	167	90124551	N
0001754960-25-000439	0	308	808809911	N
0001754960-25-000445	0	122	515493629	N
0001085146-25-004027	0	0	0	N
0001664214-25-000009	0	480	1715553169	N
0001754960-25-000458	0	58	155974965	N
0001754960-25-000454	0	426	451166489	N
0001085146-25-004016	0	28	112414575	N
0001085146-25-004013	1	984	4430046931	
0001802451-25-000004	0	616	204537796	N
0001928877-25-000007	0	46	185970947	N
0001844716-25-000003	0	977	276936062	N
0001580642-25-004379	2	459	4860147224	
0001667731-25-000902	0	87	194569003	
0001667731-25-000900	0	61	157770688	
0001904423-25-000005	0	73	313612944	N
0001667731-25-000899	0	140	170548989	
0001667731-25-000898	0	100	242015258	
0001957363-25-000004	0	310	279752802	N
0001667731-25-000896	0	84	207199037	
0001667731-25-000895	0	95	237056108	
0001667731-25-000893	0	113	279975026	
0001667731-25-000892	0	144	142810842	
0001667731-25-000891	0	109	85213076	
0001667731-25-000890	0	25	234973583	
0002077908-25-000023	0	379	1863042702	N
0002077908-25-000022	0	374	1676651121	N
0001667731-25-000889	0	73	312674022	
0002077908-25-000021	0	346	1508622098	N
0002077908-25-000020	0	374	1589986234	N
0001894921-25-000003	0	65	276559362	N
0002077908-25-000019	0	397	1506677505	N
0002077908-25-000018	0	338	1394498126	N
0002077908-25-000017	0	374	1288614474	N
0002077908-25-000016	0	354	1397484529	N
0001901275-25-000012	0	2841	1918343184	
0002077908-25-000015	0	353	1581268009	N
0001756695-25-000006	0	111	1012332681	N
0002077908-25-000014	0	378	1479617751	N
0002077908-25-000013	0	342	1289773822	N
0001825985-25-000008	0	77	529946619	N
0002077908-25-000012	0	358	1271447193	N
0002077908-25-000011	0	391	1109703070	N
0000902664-25-003078	0	1984	43807277396	
0001903035-25-000004	0	88	401381046	
0002077908-25-000010	0	326	967837003	N
0001104659-25-069328	0	65	746580899	
0002044575-25-000003	0	51	130903	N
0002046607-25-000003	0	184	402476447	N
0002077908-25-000009	0	291	870735012	N
0002077908-25-000008	0	286	767313108	N
0002077908-25-000007	0	293	612411360	N
0001536799-25-000004	0	168	918927000	N
0002077908-25-000006	0	302	737174113	N
0002077908-25-000005	0	274	647041336	N
0002077908-25-000004	0	294	607387835	N
0001010873-25-000004	0	173	1614074	N
0002077908-25-000003	0	270	540499670	N
0002008540-25-000005	0	27	164607465	N
0001843867-25-000007	0	120	452547262	N
0002077908-25-000002	0	271	455697200	N
0002053642-25-000005	0	148	157020782	N
0002077908-25-000001	0	288	493968655	N
0001762086-25-000004	0	55	289064	N
0000892303-25-000005	0	665	2993666735	N
0001913231-25-000003	9	2609	2567300319	N
0001144969-25-000005	1	92	1503013297	N
0000887602-25-000004	0	641	266697223	N
0001959790-25-000005	0	240	559145915	N
0002008666-25-000004	0	171	408217757	N
0001021642-25-000004	9	678	10673836692	N
0001767080-25-000005	0	165	534192	N
0001214659-25-010696	0	82	284163118	
0001161822-25-000005	0	249	803920177	N
0001608531-25-000006	0	128	1257077	N
0000936938-25-000005	0	89	167428918	N
0001398344-25-013439	0	40	434773793	
0001486083-25-000005	0	103	226163842	N
0001801184-25-000004	0	88	457272	N
0001765380-25-000252	0	52	767579577	N
0001085146-25-003997	0	79	152816773	N
0001085146-25-003996	0	286	1575589426	N
0001085146-25-003995	0	65	125634433	N
0001085146-25-003994	0	93	207388967	N
0001085146-25-003993	0	17	210878685	N
0001172661-25-002659	0	37	229759284	
0001172661-25-002658	0	0	0	
0001214659-25-010690	0	1117	11459878520	
0001580642-25-004371	0	241	2689963957	
0001999371-25-009482	0	71	710826331	
0001085146-25-003992	0	169	162666389	N
0001910364-25-000003	0	67	112394470	N
0001085146-25-003991	0	35	1426708299	N
0001398344-25-013430	0	62	346604625	
0001085146-25-003990	0	24	220007436	N
0001085146-25-003989	0	155	141511451	N
0000897069-25-001186	0	340	2999174579	
0001910210-25-000004	0	115	163815168	N
0001988547-25-000004	0	51	51290983	N
0002057637-25-000003	0	1061	190272335	N
0001454937-25-000011	1	46	133490045	N
0001062993-25-013000	0	175	913443815	N
0001740063-25-000005	0	410	196960176	N
0001454308-25-000006	0	40	1014382147	N
0001912338-25-000004	0	1421	1078418510	N
0000950123-25-006495	0	285	836782137	N
0001801892-25-000004	0	451	146771254	N
0001942361-25-000003	0	61	359549516	N
0002060412-25-000004	0	497	581617606	N
0000919574-25-004137	1	238	992136716	
0001481714-25-000006	0	111	981490364	N
0002046823-25-000003	0	124	108949390	N
0001725547-25-003493	0	170	832408506	N
0001894712-25-000003	0	1321	165030448	N
0001387818-25-000004	0	48	965132770	N
0001398344-25-013417	0	284	413260459	
0001054646-25-000007	0	305	1092018	N
0001104659-25-069257	0	206	670015969	
0001790688-25-000006	0	79	318277623	N
0002008308-25-000003	0	5	210799599	N
0001791996-25-000006	0	214	1322311685	N
0001140361-25-026540	0	91	584438801	
0001908165-25-000014	0	36	363640951	N
0001214659-25-010677	0	83	315755155	
0001911695-25-000003	0	90	199662183	N
0002046333-25-000006	0	17	1610980325	N
0001927175-25-000005	0	115	242335	N
0001699080-25-000006	0	185	874283347	N
0002053459-25-000004	0	1	352044216	N
0001214659-25-010675	0	95	411615881	
0002021658-25-000002	0	1060	383292370	N
0001172661-25-002656	1	73	2255426078	
0001964897-25-000005	0	419	458012905	N
0001420506-25-001539	0	28	212066764	N
0001964897-25-000004	0	240	232190021	N
0001602730-25-000006	0	248	672457912	N
0001968777-25-000004	0	62	272228841	N
0001214659-25-010671	0	61	128108575	
0002077718-25-000001	0	19	47966668	N
0001140361-25-026524	0	618	635247176	
0001722053-25-000006	0	74	410952380	N
0000905148-25-002484	3	1816	28683338466	
0001843684-25-000005	0	207	574713539	N
0001964538-25-000005	0	98	105736226	N
0002077904-25-000018	0	241	440439674	N
0002077904-25-000017	0	275	418591759	N
0001722053-25-000005	0	195	420243142	N
0002077904-25-000016	0	251	413061216	N
0002077904-25-000015	0	267	372846203	N
0002077904-25-000014	0	265	327221670	N
0002077904-25-000013	0	260	285482320	N
0000950123-25-006489	0	239	235199191	N
0002077904-25-000012	0	271	250747538	N
0002077904-25-000011	0	249	220583585	N
0002024049-25-000005	0	79	282973860	N
0002077904-25-000010	0	259	192524582	N
0002077904-25-000009	0	224	172918169	N
0002077904-25-000008	0	222	152528944	N
0002077904-25-000007	0	220	143681155	N
0001569453-25-000003	0	54	391287	N
0002077904-25-000006	0	206	158510033	N
0002077904-25-000005	0	208	154012406	N
0002077904-25-000004	0	214	154363205	N
0002077904-25-000003	0	207	149008215	N
0002052964-25-000003	0	136	532642535	N
0002012717-25-000005	0	289	495099004	N
0002077904-25-000002	0	198	150836895	N
0001997650-25-000003	0	71	90076748	N
0002077904-25-000001	0	199	134028407	N
0001990849-25-000007	0	290	282748228	N
0001871593-25-000007	0	50	92286618	
0001140361-25-026518	1	253	102022078	
0001482688-25-000008	0	98	1805921151	
0001729045-25-000006	0	194	192947067	N
0001890222-25-000003	8	1191	5793788877	N
0001339908-25-000003	0	229	499469031	N
0001172661-25-002655	0	208	291906072	
0001705819-25-000049	0	73	546136441	
0001398344-25-013379	0	49	327312594	
0001736260-25-000006	0	178	305717981	N
0001667731-25-000883	0	536	871359990	
0001420506-25-001535	0	1	91647024	N
0001667731-25-000882	0	165	151114776	
0001586882-25-000004	0	116	467080281	N
0001705819-25-000048	1	68	207116052	
0001398344-25-013375	0	187	140798432	
0001586882-25-000002	0	116	125471783	N
0001765388-25-000004	0	17	3153758024	N
0001697814-25-000008	0	12	523852762	N
0000950123-25-006480	1	557	7706076672	N
0001593600-25-000003	0	247	80348559	N
0001803988-25-000003	0	57	209562	N
0001085146-25-003980	0	78	190994396	N
0001085146-25-003979	0	115	1503580241	N
0000944361-25-000005	0	202	5961318382	N
0001667731-25-000881	0	22	308374594	
0001272544-25-000006	0	95	258390795	N
0001595686-25-000010	0	23	103747	N
0001705819-25-000047	0	18	102411792	
0000903603-25-000004	0	4	157487494	N
0000935836-25-000466	0	164	9212665094	
0001573263-25-000005	0	50	399349997	N
0001123292-25-000313	1	3	61230129	
0001369702-25-000008	0	85	1749660564	N
0001172661-25-002652	0	54	174440547	
0001835252-25-000003	0	219	317635362	N
0002056734-25-000004	0	14	17311534	N
0001172661-25-002651	0	22	610264687	
0001011438-25-000362	0	15	214988471	
0001104659-25-069041	0	1	47202175	
0001085146-25-003978	0	98	264556292	N
0001085146-25-003977	0	70	158714874	N
0001999371-25-009410	0	6	168307969	
0001085146-25-003976	0	161	647517249	N
0001085146-25-003975	0	41	226919869	N
0002002630-25-000003	0	169	784037229	N
0000897069-25-001174	0	35	182791697	
0001667731-25-000880	0	123	847900041	
0001085146-25-003974	0	112	782507156	N
0001667731-25-000879	0	138	303466663	
0001085146-25-003973	0	176	1137608228	N
0001667731-25-000878	0	184	796828541	
0001085146-25-003972	2	860	61845808405	N
0001667731-25-000877	0	111	929275329	
0001085146-25-003971	1	187	1414950088	N
0001512601-25-000009	0	318	729726638	N
0001085146-25-003970	0	172	197703346	N
0001213900-25-065635	0	54	345093968	
0002035324-25-000006	0	97	138258449	N
0001840501-25-000006	0	110	289832960	N
0002032497-25-000004	0	44	122296359	N
0002035324-25-000005	0	142	235289295	N
0001544806-25-000005	0	264	1203459999	N
0002006008-25-000005	0	203	265615376	N
0001582151-25-000003	0	418	1162192224	N
0000950123-25-006465	2	3	465417155	N
0001904664-25-000004	0	45	274594392	N
0001018674-25-000005	0	439	1628584699	N
0001598416-25-000010	0	28	185054852	N
0002007960-25-000004	0	63	175681894	N
0001571556-25-000005	0	472	5681217996	N
0000945621-25-000595	0	31	1630387059	
0001537319-25-000004	0	168	502746809	N
0002027950-25-000005	0	30	165824908	N
0001765380-25-000251	0	177	308069363	N
0001085146-25-003969	0	54	111923534	N
0001908158-25-000005	0	353	449992695	N
0001633716-25-000004	0	240	585949785	N
0001915765-25-000004	0	65	278320231	N
0001788241-25-000004	0	70	225033724	N
0001085146-25-003968	0	188	398253850	N
0001566493-25-000004	0	195	435060167	N
0001704300-25-000003	0	383	166839565	N
0001908158-25-000004	0	100	213682781	N
0002042772-25-000008	0	75	173320963	
0001172661-25-002649	1	93	342985781	
0001453620-25-000008	0	204	2997090685	N
0001990690-25-000005	0	52	181943116	N
0001067324-25-000005	0	139	1378481121	N
0001172661-25-002648	0	125	1039224683	
0001578370-25-000005	0	114	417005279	N
0001376474-25-000638	0	879	532402748	
0001420506-25-001528	0	1	0	N
0002056922-25-000007	0	694	204736386	N
0001802816-25-000005	0	132	275719509	N
0001730889-25-000004	0	119	266727595	N
0001730889-25-000003	0	102	250443678	N
0000905729-25-000125	0	430	125130752	
0001810089-25-000005	0	474	678366971	N
0002044851-25-000006	0	68	135550642	N
0000919574-25-004128	0	191	560806964	
0001420506-25-001525	0	201	201671665	N
0001722512-25-000006	0	367	2056444325	N
0002067954-25-000002	0	186	161469505	N
0001600746-25-000003	0	44	227498	N
0001134008-25-000003	0	1361	2123761914	N
0001140361-25-026328	0	144	1093277952	
0001104659-25-068933	0	961	18366654844	
0001609008-25-000004	0	69	517525174	N
0001667731-25-000876	0	37	140198376	
0001140361-25-026326	0	65	2037387480	
0001140361-25-026324	0	74	608793251	
0002010186-25-000004	0	1249	7164793029	N
0001140361-25-026322	0	202	42613959043	
0001597089-25-000009	0	99	180764640	
0002028812-25-000005	1	320	153114656	N
0001654847-25-000003	0	143	453216	N
0001696957-25-000007	0	133	3022175048	N
0001172661-25-002645	0	7	158562837	
0001104659-25-068917	0	67	459082688	
0001849561-25-000003	0	246	397394698	N
0002065777-25-000004	0	472	80621601	N
0001951757-25-000896	0	53	156185032	N
0001102256-25-000004	0	128	254053924	N
0001398344-25-013303	0	137	305817485	
0002009211-25-000003	0	156	218678958	N
0002055130-25-000004	0	103	129003376	N
0001951757-25-000895	6	174	495602860	N
0001951757-25-000894	0	75	182035260	N
0001951757-25-000893	2	59	144185053	N
0001140361-25-026307	0	198	265547036	
0001951757-25-000892	0	116	184458030	N
0001951757-25-000891	5	263	305062178	N
0001951757-25-000890	0	16	115611937	N
0001963030-25-000005	0	188	243909553	N
0001801682-25-000004	0	187	546454720	N
0001694895-25-000006	0	108	192006000	N
0001725547-25-003475	0	72	285813704	N
0001911468-25-000003	0	159	214230398	N
0001951757-25-000889	0	87	462061052	N
0002047540-25-000006	0	383	1216281968	N
0001085146-25-003967	0	174	495641148	N
0001019056-25-000188	0	107	506679463	
0001376474-25-000636	0	116	193677764	
0001376474-25-000635	0	90	736081368	
0001725547-25-003474	1	442	7106198099	N
0001286478-25-000007	0	257	835349130	N
0001667731-25-000875	0	103	225951724	
0001667731-25-000874	0	561	896846939	
0001667731-25-000873	0	59	228778896	
0001667731-25-000872	0	170	508781655	
0001912970-25-000004	0	74	181649629	N
0001667731-25-000871	0	61	147082683	
0000092230-25-000119	2	4895	68340639019	N
0001667731-25-000869	0	94	160594100	
0001667731-25-000868	0	88	200274003	
0001667731-25-000867	0	115	227394216	
0001766392-25-000005	0	14	301590	N
0001834600-25-000006	0	4	393417146	N
0001472190-25-000003	0	68	5767256	N
0001716607-25-000011	0	501	6883811161	N
0001953324-25-000006	0	14	309842	N
0001953324-25-000005	0	14	293674	N
0001104659-25-068849	0	551	286858994	
0000950123-25-006449	0	15	1017045944	N
0001104659-25-068814	0	10	9928689	
0001580642-25-004324	0	28	143399436	
0001085146-25-003963	0	114	190217543	N
0001754960-25-000433	0	445	722652487	N
0001004140-25-000006	0	107	312696468	N
0001754960-25-000435	0	1046	1705478951	N
0002009211-25-000002	0	127	164891589	N
0002040224-25-000004	0	117	234294530	N
0001754960-25-000429	0	40	188308678	N
0001917618-25-000003	0	85	826164292	N
0001754960-25-000431	0	42	116629702	N
0001085146-25-003960	0	138	74286168	N
0001214659-25-010548	0	374	850248066	
0001214659-25-010550	0	70	539404237	
0001624510-25-000006	0	37	506509859	N
0001667731-25-000866	1	56	222692528	
0001909828-25-000006	0	80	190796462	N
0001908386-25-000004	0	44	334968357	N
0001667731-25-000865	0	150	314422942	
0001085146-25-003959	0	134	216671236	N
0001667731-25-000864	0	39	112570622	
0001873973-25-000006	0	15	184225299	N
0001085146-25-003958	0	114	462683423	N
0001667731-25-000863	0	354	4052177064	
0001951757-25-000888	0	283	719090676	N
0001951757-25-000887	0	343	921273618	N
0001554961-25-000011	0	49	198736566	N
0001951757-25-000886	0	186	213745378	N
0001085146-25-003957	0	101	780075865	N
0001951757-25-000885	0	53	396214570	N
0001951757-25-000884	0	48	270933784	N
0001951757-25-000883	0	57	155236609	N
0001085146-25-003955	0	35	353699181	N
0001951757-25-000882	0	200	158242510	N
0001085146-25-003954	0	48	386951797	N
0001951757-25-000881	0	105	178772014	N
0001085146-25-003953	0	125	459969906	N
0001951757-25-000880	0	74	210208093	N
0001847820-25-000006	0	172	214863328	N
0001085146-25-003952	0	59	214672892	N
0001951757-25-000879	0	82	110417679	N
0001085146-25-003950	0	31	1607866738	N
0001951757-25-000878	0	90	200532463	N
0001398344-25-013271	0	24	208631683	
0001085146-25-003943	0	71	290606785	N
0001214659-25-010535	0	15	4809029146	
0001994563-25-000005	0	1369	842400769	N
0001376474-25-000630	0	146	195598025	
0001085227-25-000005	0	75	717111781	N
0001162170-25-000006	0	1297	11310371548	N
0002044711-25-000004	0	59	113373225	N
0001085146-25-003940	0	3	104394799	N
0001085146-25-003939	0	57	120335064	N
0001725547-25-003471	0	161	480487492	N
0001484205-25-000009	0	311	1917245761	N
0001725547-25-003469	0	393	1155804562	N
0001697715-25-000005	0	237	849696142	N
0001484205-25-000008	0	334	1799578077	N
0001725547-25-003468	0	126	110922248	N
0001731448-25-000006	0	123	252377274	N
0001904152-25-000004	0	82	222985208	
0001062993-25-012960	0	702	5580538838	N
0001580642-25-004320	0	32	1389872709	
0001376474-25-000629	0	205	922949502	
0001214659-25-010529	0	15	8912360542	
0001911726-25-000005	0	638	238452544	N
0001214659-25-010527	0	20	2395023654	
0001803291-25-000003	0	109	600235415	N
0000950123-25-006435	0	4	171754242	N
0001749283-25-000004	0	76	116744448	N
0001085146-25-003938	0	361	633416963	N
0001172661-25-002644	0	1162	12581501860	
0001329948-25-000009	0	232	1549997	N
0001725547-25-003454	0	191	695597491	N
0001905092-25-000004	0	73	287373597	
0001329948-25-000008	0	2698	38263102	N
0001162044-25-000667	0	812	438945023	
0001580642-25-004317	0	125	224729	
0001214659-25-010520	0	15	109852712	
0001214659-25-010518	0	28	1953645784	
0001695344-25-000005	0	208	553313454	
0001214659-25-010517	0	10	6114406743	
0002056342-25-000005	0	4	713833731	N
0001172661-25-002643	0	155	1080531783	
0001172661-25-002642	0	613	2664476979	
0001172661-25-002641	0	80	133254828	
0001085146-25-003936	0	45	118134367	N
0001553540-25-000005	0	209	1104650120	N
0001082509-25-000004	0	166	1780023563	N
0001318259-25-000003	0	65	400629	N
0001846161-25-000004	0	106	317242304	N
0000874791-25-000009	0	106	1255256485	N
0001840740-25-000004	0	76	280969819	N
0002066674-25-000002	0	46	134363	N
0001754960-25-000427	0	65	105233063	N
0001701132-25-000007	0	182	456088330	N
0001754960-25-000425	0	127	1668613455	N
0001085146-25-003934	0	54	129480184	N
0001214659-25-010512	0	40	374226424	
0001632665-25-000005	0	90	188111758	N
0000315024-25-000003	0	4	174954642	N
0001140361-25-026209	0	749	1551330576	
0001172661-25-002640	0	144	624460855	
0001954044-25-000004	0	41	161537655	N
0001738720-25-000003	0	113	179024458	N
0001741024-25-000004	0	1	0	
0001844314-25-000004	0	134	359845696	N
0000950123-25-006431	1	307	1331339439	N
0002012184-25-000006	0	46	149507051	N
0001990080-25-000004	0	131	268073828	N
0001731731-25-000007	0	118	370612158	N
0002056037-25-000008	0	86	169721358	N
0001832097-25-000008	0	984	161495116	N
0001729457-25-000003	0	82	215095278	N
0001606609-25-000003	0	321	782050994	N
0001754960-25-000424	0	116	339419296	N
0001724729-25-000005	0	33	145486794	N
0001214659-25-010508	0	83	111933241	
0001697717-25-000007	0	155	676587288	N
0001768302-25-000004	0	145	473999418	N
0001754960-25-000422	0	116	619029350	N
0001995674-25-000004	0	21	297679915	N
0001140361-25-026202	1	628	661731757	
0001393944-25-000003	0	474	747585	N
0001085146-25-003933	0	116	134601184	N
0001844571-25-000003	0	34	520743830	N
0001754960-25-000421	0	31	109074975	N
0002025905-25-000004	1	105	1802493793	N
0001054677-25-000005	0	586	1530713440	N
0001011438-25-000357	1	6	178071082	
0001737090-25-000003	0	348	471033051	N
0001661245-25-000004	1	432	1101167487	N
0001420506-25-001523	0	191	152778960	N
0001011438-25-000356	0	10	631845305	
0001172661-25-002639	1	526	1223504715	
0001800358-25-000003	0	68	191453	N
0002047030-25-000007	0	95	113623433	N
0001777914-25-000004	0	35	370074681	N
0001214659-25-010504	0	32	229519322	
0001943239-25-000004	0	617	746843479	N
0001104659-25-068609	0	1609	1743991621	
0001104659-25-068606	0	385	272337599	
0001907480-25-000006	0	73	149866978	N
0001398344-25-013256	0	532	209487028	
0001398344-25-013254	0	504	187002861	
0001525865-25-000005	0	409	334293952	N
0001214659-25-010500	0	131	299778908	
0001730479-25-000004	0	615	705779706	N
0001214659-25-010498	0	142	173297421	
0001876811-25-000004	0	110	580093912	N
0001909565-25-000005	0	36	202174768	N
0001092290-25-000010	0	153	1436018586	N
0001862965-25-000008	0	46	227286778	N
0001104659-25-068598	0	162	575395625	
0001666256-25-000006	0	26	256150515	N
0001904828-25-000005	0	62	124727219	
0001802136-25-000004	0	246	268408853	N
0001315269-25-000003	0	91	358832	N
0001725547-25-003451	0	155	212241871	N
0000893738-25-000003	0	102	178810000	N
0001140361-25-026158	2	384	185968021	
0000938592-25-000004	0	258	1732760794	N
0001269786-25-000006	0	45	536495209	
0001839545-25-000004	0	91	162707085	N
0001986389-25-000003	0	155	265617607	N
0001056943-25-000009	0	394	202347289	N
0001062993-25-012934	0	256	1728504054	N
0001085146-25-003932	0	120	2786104727	N
0001697493-25-000007	0	207	812705916	N
0001104659-25-068584	0	206	167326346	
0001954136-25-000004	0	102	198529	N
0001427373-25-000009	0	39	228744903	N
0000007195-25-000003	0	111	140905156	N
0000726854-25-000148	0	527	764100213	N
0001398344-25-013237	0	255	438530921	
0001844709-25-000006	0	139	465437	N
0001766791-25-000005	0	135	312320	N
0001921487-25-000003	0	1073	740821559	N
0001667731-25-000856	0	213	759644666	
0001214659-25-010490	0	53	121171258	
0002008171-25-000004	0	344	1080706004	N
0001172661-25-002638	0	86	138823521	
0001802107-25-000007	0	30	208931705	N
0001725547-25-003450	0	85	124615336	N
0001725547-25-003449	0	304	1347561373	N
0001172661-25-002636	0	37	214757278	
0001667134-25-000004	0	639	2367821413	N
0001667731-25-000854	0	142	322794653	
0001062993-25-012930	0	565	873122724	Y
0000950123-25-006420	1	432	17353933	N
0000928568-25-000003	0	258	1632814044	N
0001731152-25-000005	0	50	2528268037	N
0001085146-25-003905	0	196	537867034	N
0000924171-25-000012	0	30	570894403	
0001085146-25-003911	0	58	155820770	N
0001085146-25-003893	0	35	163122203	N
0001966036-25-000005	0	72	170562572	N
0001085146-25-003897	0	51	99371050	N
0001085146-25-003907	0	46	603479596	N
0001214659-25-010478	0	126	117311356	
0001085146-25-003922	0	156	822859145	N
0001085146-25-003904	0	188	135817495	N
0001085146-25-003920	0	156	585558625	N
0001085146-25-003900	0	9	426842211	N
0001580642-25-004297	0	167	1111830071	
0001085146-25-003903	0	179	132466178	N
0001085146-25-003913	0	197	655609688	N
0001085146-25-003917	0	172	467656438	N
0001085146-25-003925	0	123	728235887	N
0001085146-25-003906	0	259	401239278	N
0001754960-25-000417	0	10	176333621	N
0001085146-25-003901	0	329	916626367	N
0001085146-25-003896	0	92	156446584	N
0001085146-25-003908	0	73	130586183	N
0001085146-25-003914	0	48	276716887	N
0001085146-25-003909	0	187	338778984	N
0001085146-25-003910	0	70	56428503	N
0001764057-25-000006	0	155	183564985	N
0001221073-25-000059	0	104	401677712	
0001085146-25-003898	0	5	3496807	N
0001389400-25-000006	0	173	735872862	N
0001085146-25-003916	0	60	263107000	N
0001754960-25-000415	0	108	118656613	N
0001841015-25-000004	0	96	217440896	N
0001085146-25-003912	0	282	473143339	N
0001085146-25-003924	0	93	268384663	N
0001754960-25-000419	0	683	2894466329	N
0001085146-25-003919	0	41	278937864	N
0001085146-25-003918	0	211	1097143487	N
0001438574-25-000003	0	99	197115084	N
0001580642-25-004296	0	155	1026902118	
0001754960-25-000413	0	100	318024331	N
0001085146-25-003926	0	89	155760989	N
0001085146-25-003902	0	122	186581063	N
0001085146-25-003894	0	18	141330760	N
0001221073-25-000060	0	88	276274596	
0001754960-25-000411	0	101	149697956	N
0001085146-25-003927	0	206	373666527	N
0001085146-25-003923	0	49	164533289	N
0001221073-25-000058	0	23	211468016	
0001754960-25-000409	0	173	293720357	N
0001085146-25-003921	0	173	1332501176	N
0001085146-25-003915	0	18	158213668	N
0001085146-25-003899	0	36	267651474	N
0001085146-25-003895	0	147	162875292	N
0002067591-25-000004	0	194	140703051	N
0001940917-25-000004	0	535	164550834	N
0001839695-25-000005	0	78	269384814	N
0001172661-25-002634	0	78	433272397	
0001906805-25-000004	0	58	265839186	N
0001172661-25-002632	0	155	1286724688	
0001725547-25-003446	0	66	271354163	N
0001472800-25-000005	0	44	222992078	N
0001891240-25-000004	0	258	274856498	N
0001831187-25-000003	0	62	112629757	N
0002033299-25-000006	0	90	146112838	N
0000873687-25-000006	0	4	56437887	N
0001895362-25-000007	0	296	4514820340	N
0001738723-25-000003	0	472	338137490	N
0001172661-25-002629	0	29	200776840	
0002033299-25-000005	0	232	885554231	N
0001172661-25-002627	0	54	373283657	
0001592613-25-000004	0	384	597928744	N
0001172661-25-002626	0	102	404583019	
0001882673-25-000006	0	123	115360411	N
0001172661-25-002625	0	313	1339539087	
0001398344-25-013210	0	177	276109526	
0001961850-25-000005	0	50	295903233	N
0001214659-25-010460	0	33	126572594	
0001999371-25-009245	0	33	62891419	
0001798926-25-000009	0	36	42674525	N
0001085146-25-003883	0	66	281699472	N
0001979372-25-000006	0	10014	417969412	N
0000014745-25-000006	0	772	375772303	N
0001172661-25-002624	0	66	102677754	
0001731124-25-000003	0	71	131304420	N
0001956471-25-000006	0	60	275395261	N
0002033299-25-000004	0	104	272790079	N
0001080201-25-000004	0	73	428061	N
0000842766-25-000005	0	150	531157	N
0001877090-25-000004	0	189	371530371	N
0001895678-25-000004	0	28	194592722	N
0001456048-25-000006	0	3274	5867596568	N
0001291422-25-000010	0	240	1458729698	N
0001979372-25-000004	0	34909	468875931	N
0000830588-25-000001	0	7	1417831250	N
0001727917-25-000009	0	162	338530070	N
0001754960-25-000407	0	77	100086583	N
0001085146-25-003882	0	214	551656338	N
0002042654-25-000006	0	890	338046994	N
0001140361-25-026028	0	139	1439351089	
0001455253-25-000008	0	25	1225145769	N
0001731372-25-000004	0	225	378124594	N
0001427351-25-000008	0	224	367459222	N
0002033299-25-000003	0	100	145980545	N
0000778963-25-000007	0	107	373771665	N
0001802474-25-000003	0	99	206954873	N
0001420506-25-001509	0	58	305387693	N
0001370102-25-000010	0	2735	9346698	N
0001744348-25-000004	0	233	366568597	N
0001172661-25-002623	0	267	2470327153	
0001815025-25-000004	0	77	326245261	N
0001172661-25-002622	0	156	283628309	
0001860132-25-000006	0	91	183479356	N
0001172661-25-002621	0	467	456504488	
0001498383-25-000008	0	92	216055	N
0001172661-25-002620	0	125	467634977	
0001172661-25-002619	0	37	443380792	
0001482970-25-000004	0	70	786391679	N
0001649107-25-000004	0	582	790719639	N
0001172661-25-002618	0	205	789820342	
0001808394-25-000006	0	39	169577835	N
0001005354-25-000005	0	1016	13472006297	N
0000764112-25-000003	0	55	505748625	N
0001398344-25-013196	6	185	414491673	
0001794543-25-000008	0	495	1300130235	N
0001976010-25-000005	0	59	125768725	N
0002002654-25-000004	0	506	198541026	N
0001384416-25-000004	0	156	143741565	N
0001172661-25-002616	0	222	521790219	
0001172661-25-002615	0	70	495865642	
0000764611-25-000004	0	81	646567586	N
0001417889-25-000004	0	140	761044794	N
0002055836-25-000004	0	403	109865215	N
0001844369-25-000005	0	192	744061215	N
0002055670-25-000004	0	55	48245099	N
0000831571-25-000005	0	882	2319143031	N
0002065777-25-000003	0	472	80090498	N
0001667731-25-000849	0	81	195506966	
0001965814-25-000007	0	174	313392580	N
0002063364-25-000145	0	90	154912318	N
0001667731-25-000848	0	100	425670387	
0001667731-25-000847	0	92	191667328	
0001667731-25-000846	0	106	243027709	
0001811052-25-000006	0	96	1471803351	N
0001667731-25-000845	0	176	989483158	
0002010098-25-000004	0	289	238676339	N
0001667731-25-000844	6	909	793945757	
0001053013-25-000006	0	125	538046517	N
0001667731-25-000843	0	65	140455215	
0001667731-25-000842	0	216	664172531	
0001667731-25-000841	0	101	150713197	
0001667731-25-000840	0	64	826526899	
0001667731-25-000839	0	132	684279902	
0001667731-25-000838	0	253	1459314851	
0001667731-25-000837	0	46	975246694	
0001667731-25-000836	0	119	266195446	
0001307125-25-000008	1	67	190298491	
0001754960-25-000405	0	47	205163655	N
0001957394-25-000009	0	378	1382187001	N
0001062993-25-012891	0	6890	330644011	N
0001876326-25-000004	0	190	234406709	N
0001908378-25-000003	0	109	316093594	N
0001841768-25-000003	0	174	202016418	N
0001214659-25-010442	0	168	478409422	
0001965328-25-000002	0	104	235182190	N
0001748728-25-000003	0	61	146640802	N
0001569102-25-000003	0	89	131209	N
0001737089-25-000007	0	1213	2867688	N
0001172661-25-002614	0	169	370920711	
0001951757-25-000877	0	170	252571085	N
0001951757-25-000876	0	135	229978213	N
0001172661-25-002613	0	16	294374000	N
0001085146-25-003879	0	120	191922226	N
0001803536-25-000004	3	174	311050075	N
0001085146-25-003878	0	85	126174886	N
0002066184-25-000004	0	63	160503424	N
0001172661-25-002611	0	55	180210254	
0001085146-25-003877	0	15	17437509	N
0001781948-25-000004	0	171	150519502	N
0000045319-25-000004	2	282	3032044878	N
0001104659-25-068255	0	1	46886492	
0001123274-25-000011	0	197	4675512659	N
0001874146-25-000006	0	36	183278238	N
0002009176-25-000004	0	139	188782026	N
0001660328-25-000004	0	46	111989258	N
0000950123-25-006414	2	2	4666772402	N
0001172661-25-002610	0	34	115357859	
0002063364-25-000143	0	61	340046855	N
0001062993-25-012887	0	2	140423602	N
0002063364-25-000139	0	29	101440570	N
0001890183-25-000003	0	42	68473847	N
0001272164-25-000004	0	650	976452557	N
0000897378-25-000005	0	382	14579177222	N
0000922439-25-000011	0	499	3140121932	N
0001535602-25-000011	0	361	14365434207	N
0001376474-25-000615	0	121	241879761	
0002010748-25-000003	0	78	392747558	N
0000941519-25-000004	0	296	308305599	N
0001172661-25-002609	0	44	15454573190	
0001085146-25-003876	0	95	124313541	N
0001780330-25-000006	0	135	295131804	N
0001398344-25-013182	0	335	229015553	
0001953324-25-000004	0	14	309842	N
0001951757-25-000875	8	688	1524399670	N
0001951757-25-000874	18	761	4749726463	N
0001426859-25-000007	0	98	2260306978	
0001569606-25-000004	0	0	0	N
0001019056-25-000186	0	197	3543656491	
0000950123-25-006409	0	41	540035934	N
0001178913-25-002383	0	57	346434	
0001951757-25-000862	0	136	235408659	N
0001752045-25-000004	0	91	224658578	N
0001951757-25-000869	0	1053	4282051767	N
0002044121-25-000003	0	73	173598371	N
0001842787-25-000007	0	128	317798404	N
0001951757-25-000873	0	34	130211793	N
0001951757-25-000867	0	231	879169682	N
0001844821-25-000005	0	22	211707599	N
0001737088-25-000006	0	172	155623455	N
0001951757-25-000863	0	58	359752002	N
0002032629-25-000005	0	127	154542899	N
0001951757-25-000865	0	381	1139840508	N
0001951757-25-000872	0	53	89589029	N
0001754960-25-000402	0	375	2887267078	N
0001951757-25-000866	0	271	384071975	N
0001951757-25-000864	0	62	129410015	N
0001606507-25-000005	0	80	115088970	N
0002039738-25-000003	0	32	182346866	N
0000924171-25-000010	0	16	1239148336	
0001754960-25-000398	0	74	213284999	N
0001754960-25-000400	0	87	219625130	N
0001951757-25-000868	0	112	503434276	N
0001951757-25-000861	0	115	291827155	N
0001951757-25-000871	0	42	85200232	N
0001254890-25-000004	0	9	1065004	Y
0001951757-25-000870	0	42	99731508	N
0001754960-25-000403	0	49	175345088	N
0001951757-25-000860	0	124	394604208	N
0001951757-25-000859	0	62	133290508	N
0001951757-25-000858	0	223	232290818	N
0001951757-25-000857	0	56	166265911	N
0001908186-25-000004	0	426	306064105	N
0001951757-25-000856	0	82	209124710	N
0001951757-25-000855	0	210	582443867	N
0001951757-25-000854	0	48	116173691	N
0001951757-25-000853	0	285	796113116	N
0001085146-25-003873	0	2	11452650	N
0001951757-25-000852	0	101	272290343	N
0001085146-25-003872	0	57	115958901	N
0001951757-25-000851	0	105	791296211	N
0001062993-25-012879	0	115	808398100	N
0001085146-25-003871	0	144	145113539	N
0001951757-25-000850	0	169	434108716	N
0002053314-25-000005	0	78	104379798	N
0001951757-25-000849	0	205	267250844	N
0002052595-25-000004	1	1404	4070753065	
0001398344-25-013169	0	80	394835447	
0001527641-25-000006	0	611	9363437690	N
0001172661-25-002608	0	34	265453498	
0001085146-25-003869	0	118	403885653	N
0001085146-25-003868	0	46	226399170	N
0001085146-25-003867	0	67	381835357	N
0001172661-25-002607	0	43	179392549	
0001085146-25-003866	0	187	338891114	N
0001085146-25-003865	0	39	157695320	N
0001085146-25-003864	0	203	1475115499	N
0001085146-25-003863	0	111	127285871	N
0001085146-25-003862	0	325	1609177562	N
0001951757-25-000847	0	157	432412301	N
0001951757-25-000846	0	71	209906031	N
0001951757-25-000845	0	78	115864187	N
0001951757-25-000843	0	158	478739527	N
0001172661-25-002606	0	58	338024004	
0001951757-25-000842	0	35	349208719	N
0001172661-25-002605	0	58	380872337	
0001951757-25-000841	0	123	562513158	N
0001172661-25-002604	0	58	407224802	
0001951757-25-000840	0	111	224597333	N
0001172661-25-002603	0	58	391582398	
0001951757-25-000839	0	176	533199854	N
0001951757-25-000838	0	63	180303313	N
0001172661-25-002602	0	57	569616434	
0001951757-25-000837	0	50	179119844	N
0001730959-25-000003	0	69	276409754	N
0001951757-25-000836	0	95	154615011	N
0001951757-25-000835	0	99	625972137	N
0001062993-25-012875	0	1214	1434813393	N
0001951757-25-000834	0	102	362088277	N
0001172661-25-002601	0	250	2265517900	
0001112325-25-000012	0	185	6215291623	N
0001580642-25-004274	0	376	1826476773	
0001697360-25-000003	0	123	538296526	N
0001725547-25-003433	0	29	106450494	N
0001705819-25-000046	0	129	351353650	
0001905162-25-000007	0	20	156877498	N
0001172661-25-002600	0	193	1311992256	
0001343916-25-000003	0	151	214096150	N
0001427350-25-000003	0	145	173249749	N
0001343916-25-000002	0	134	198348591	N
0001398344-25-013158	0	155	396128512	
0002007613-25-000006	0	51	108238313	N
0001108893-25-000005	0	76	887850643	N
0001871734-25-000003	0	90	321389870	N
0001951757-25-000833	0	39	135141843	N
0001951757-25-000832	0	56	166872136	N
0001951757-25-000831	0	124	194815842	N
0001951757-25-000830	0	90	207140369	N
0001104659-25-068057	0	16	169530090	
0001951757-25-000828	2	132	225021742	N
0001951757-25-000827	0	197	322890359	N
0001802059-25-000003	0	42	203778531	N
0001214659-25-010420	0	22	137756236	
0002007748-25-000004	0	81	147504629	N
0001754960-25-000396	0	142	324580147	N
0001756543-25-000007	0	170	1177780777	N
0001108965-25-000005	0	125	496355512	N
0002054100-25-000004	0	297	174426936	N
0001802696-25-000003	0	180	201657985	N
0001904033-25-000003	0	99	249126717	N
0000892712-25-000083	0	27	154540544	N
0001085146-25-003808	0	145	263325418	N
0001376474-25-000609	0	96	203579127	
0001831263-25-000004	0	211	289116292	N
0001172661-25-002599	0	104	147780301	
0001085146-25-003807	0	244	1444710502	N
0001007280-25-000005	0	2357	29699888631	N
0001085146-25-003806	0	39	193050239	N
0002035533-25-000004	0	52	120077010	N
0001172661-25-002597	0	0	0	Y
0002056728-25-000013	0	58	155911037	N
0002035533-25-000003	0	73	258948620	N
0001598379-25-000004	0	24	542765686	N
0002053303-25-000004	0	20	156485250	N
0001665446-25-000004	0	134	352692031	N
0000049969-25-000008	7	455	587697	
0001641172-25-019676	0	467	1264490738	
0001214659-25-010410	0	51	31464277	
0001816444-25-000003	0	76	2934677	N
0001172661-25-002596	9	2278	6638083839	
0000950123-25-006388	0	526	1777191760	N
0002063364-25-000137	0	156	613093955	N
0001898145-25-000004	0	26	148222079	N
0001568132-25-000004	0	1017	888807666	N
0000878770-25-000005	0	317	366592276	N
0001725547-25-003426	0	41	107510078	N
0001785445-25-000009	0	126	345836003	N
0001933274-25-000005	0	69	196096	N
0000898399-25-000005	0	47	186722000	N
0001754960-25-000394	0	40	135108334	N
0001123778-25-000003	1	188	17504646625	N
0001214659-25-010408	0	1	70524703	
0002063364-25-000133	0	54	311535976	N
0001754960-25-000392	0	36	156244081	N
0001894164-25-000006	0	186	207030366	N
0001798172-25-000004	0	263	464603	N
0002063364-25-000129	0	61	130431808	N
0002076040-25-000002	0	62	170314990	N
0001754960-25-000390	0	36	130324427	N
0001828180-25-000005	0	6	477076198	N
0001754960-25-000388	0	70	109530519	N
0001990699-25-000003	0	555	921175704	N
0001754960-25-000386	0	113	716408015	N
0001085146-25-003803	0	19	194471353	N
0001885767-25-000004	0	101	112705694	N
0001062993-25-012860	0	92	90961832	N
0001860719-25-000005	0	111	189454713	N
0002011808-25-000004	0	27	144680078	N
0001754960-25-000384	0	442	653711493	N
0001754960-25-000382	0	37	151791294	N
0002063364-25-000125	0	147	152221132	N
0000905729-25-000122	0	400	468686968	
0001395067-25-000004	0	133	596604962	N
0001754960-25-000380	0	49	90460343	N
0002074052-25-000001	0	509	2631488269	N
0001965796-25-000004	0	1414	307369692	N
0002043084-25-000004	0	84	137512455	N
0001426449-25-000013	0	8	2071303	N
0001754960-25-000378	0	152	2802780910	N
0000950123-25-006377	1	2558	28929128947	N
0000931097-25-000004	0	71	928403067	N
0001053292-25-000004	0	70	326058646	N
0001274196-25-000004	0	39	723873	N
0001398344-25-013145	0	397	854731062	
0001821549-25-000002	0	98	337072386	N
0001844873-25-000004	0	93	1061388674	N
0001818897-25-000004	0	107	424990000	N
0000950123-25-006374	0	158	545020930	N
0001388382-25-000003	15	282	302443801	N
0001140361-25-025841	0	239	930328498	
0001420506-25-001507	2	618	7585178265	N
0001420506-25-001506	0	0	0	N
0001420506-25-001505	0	0	0	N
0000905729-25-000121	0	156	834009897	
0001894302-25-000004	0	1801	630438146	N
0002055803-25-000006	0	24	187213936	N
0001602905-25-000004	0	925	1512195102	N
0001172661-25-002590	0	18	3165077930	
0001636948-25-000005	0	119	2692756904	N
0002058325-25-000003	0	17	108549816	N
0001667731-25-000811	0	125	93276342	
0001667731-25-000810	1	107	137434712	
0001667731-25-000809	0	73	138049456	
0001667731-25-000808	0	140	105667368	
0001667731-25-000807	0	27	77471922	
0001667731-25-000806	0	116	325012098	
0001667731-25-000805	0	52	230948277	
0001667731-25-000804	0	92	441389229	
0001599576-25-000008	0	144	996484992	N
0001535631-25-000010	0	35	85293553	N
0001667731-25-000803	0	108	781544140	
0001667731-25-000802	0	84	345586522	
0001667731-25-000801	0	11	807465966	
0001667731-25-000800	0	16	148766184	
0002055414-25-000005	0	112	131182460	N
0001667731-25-000799	0	201	723147889	
0001327944-25-000003	0	139	270226728	N
0001667731-25-000798	0	202	825812867	
0001214659-25-010401	0	146	1064774713	
0000929638-25-002588	0	4	6618543	
0001766392-25-000004	0	14	255867	N
0001172661-25-002589	0	31	188134999	
0001172661-25-002588	0	29	160514242	
0001172661-25-002587	0	26	130949191	
0001172661-25-002586	0	25	126373027	
0001172661-25-002585	0	21	116575889	
0001172661-25-002584	0	20	112922959	
0001802387-25-000003	0	259	376867946	N
0001830942-25-000003	0	68	207246141	N
0001842554-25-000006	0	62	216230254	N
0001706836-25-000005	0	672	893936766	N
0001754960-25-000370	0	55	160276517	N
0001841506-25-000005	0	296	1119631423	N
0001754960-25-000376	0	271	277324542	N
0001681614-25-000005	0	27	261374654	N
0002032544-25-000004	0	101	218207593	N
0001754960-25-000372	0	62	249873604	N
0001665633-25-000004	0	206	558433248	N
0001549449-25-000004	0	30	306293	N
0001434845-25-000005	0	128	681390360	N
0002070972-25-000004	0	254	185861714	N
0001950506-25-000006	0	2026	304666186	N
0001398344-25-013130	0	70	153714541	
0001660694-25-000004	0	242	408442333	N
0001062993-25-012849	0	65	253405984	N
0001054522-25-000003	0	1	101333364	N
0001754960-25-000374	0	65	148996765	N
0001140361-25-025806	0	316	2553173	
0001387723-25-000007	0	153	335774008	N
0001754960-25-000369	0	46	150845827	N
0001799544-25-000004	0	419	682267534	N
0001602730-25-000005	0	50	295903233	N
0001214659-25-010386	0	268	724646526	
0001601539-25-000007	0	701	711500365	N
0001062993-25-012836	0	210	385688196	N
0001844201-25-000004	0	567	360540778	N
0001172661-25-002583	0	16	232795339	
0001172661-25-002582	0	545	2360404799	
0001085146-25-003799	0	30	197020496	N
0001172661-25-002581	0	299	1130216692	
0001834802-25-000002	0	140	394778382	N
0001120926-25-000004	0	154	3496256589	N
0001667731-25-000795	0	55	123442137	
0001172661-25-002578	0	124	948230662	
0001835669-25-000004	0	113	139503810	N
0001062993-25-012828	0	185	535488106	N
0001120926-25-000003	0	156	3265848512	N
0001731447-25-000006	0	113	500682934	N
0002051613-25-000006	0	88	426282843	N
0002030055-25-000003	0	154	218019112	N
0001213900-25-063702	0	295	549585506	
0002052588-25-000004	0	67	133914120	N
0001845003-25-000004	0	434	540103921	N
0001907327-25-000005	0	75	287407579	N
0002049470-25-000006	0	146	516925242	
0001089707-25-000003	0	83	151154	N
0001765594-25-000004	0	278	654143279	N
0001666239-25-000011	0	182	560369397	N
0001172661-25-002577	0	78	587115655	
0001992748-25-000004	0	69	300492220	N
0001997685-25-000010	0	66	271068026	N
0002032404-25-000003	0	120	175429575	N
0001214659-25-010351	0	53	445767120	
0002037081-25-000003	0	65	102902827	N
0001705819-25-000045	0	55	133777962	
0001386364-25-000003	0	83	188983726	N
0001932952-25-000004	0	927	1320718457	N
0001919344-25-000005	0	200	622056	N
0002048792-25-000005	0	86	196563902	
0002010947-25-000009	0	234	109790851	N
0001964819-25-000005	0	191	662299641	N
0001693032-25-000006	0	31	162427349	N
0001954085-25-000003	0	30	69503131	N
0001104659-25-067711	0	245	1820418239	
0001598352-25-000004	0	42	150028445	N
0001387458-25-000007	0	146	800723722	N
0001725547-25-003417	0	122	594074083	N
0001172661-25-002576	0	70	688419750	
0002063827-25-000003	0	39	150505407	N
0001800911-25-000003	0	362	206650232	N
0001172661-25-002575	0	62	161162660	
0001703556-25-000005	0	744	231494271	N
0001172661-25-002574	0	409	1333877251	
0001641438-25-000007	0	128	699481785	N
0001910503-25-000011	0	67	365936941	N
0001085146-25-003798	0	373	697499071	N
0001798686-25-000005	0	119	461447338	N
0001418342-25-000006	0	96	317173	N
0001085146-25-003797	0	63	390442513	N
0001085146-25-003796	0	149	134204724	N
0001085146-25-003795	0	126	171298461	N
0001085146-25-003794	0	31	104365714	N
0001085146-25-003793	0	264	2921120272	N
0001085146-25-003792	0	65	61657459	N
0001085146-25-003791	0	29	359203365	N
0001085146-25-003790	0	232	361777255	N
0002010235-25-000007	0	3769	1581645954	N
0001085146-25-003789	0	64	540004212	N
0001085146-25-003788	0	66	3471995925	N
0002012065-25-000003	0	2915	314383460	N
0001172661-25-002573	0	60	99106701	
0001085146-25-003787	1	68	1726317018	N
0002063364-25-000122	0	107	289295433	N
0001172661-25-002572	0	64	204606240	
0001799900-25-000004	0	547	246387233	N
0002051613-25-000003	0	50	184443262	N
0002004520-25-000007	0	176	212605384	N
0001172661-25-002571	0	200	361188600	
0002011212-25-000006	0	29	84100698	N
0000866780-25-000003	0	727	857175408	N
0001409362-25-000004	0	2240	1551466662	N
0001790723-25-000004	0	15	18459746	N
0001765380-25-000250	0	327	360955917	N
0001214659-25-010341	0	467	243658739	
0001085146-25-003786	0	66	318045185	N
0001214659-25-010339	0	530	238875106	
0001214659-25-010337	0	485	202720902	
0002042810-25-000006	0	41	115541020	N
0001994512-25-000004	0	69	190142547	N
0001214659-25-010335	0	434	197609432	
0001698091-25-000004	0	157	320381373	N
0001809416-25-000008	0	42	175589244	N
0001926037-25-000003	0	33	126431431	N
0001808915-25-000006	0	893	3423447183	N
0001979556-25-000002	0	130	281544391	N
0001861752-25-000004	0	104	192456960	N
0001140361-25-025754	1	1729	3430224944	
0001085146-25-003785	0	100	564492356	N
0001085146-25-003784	0	82	519190629	N
0001765380-25-000249	0	113	655439429	N
0001903153-25-000004	0	69	273002305	N
0001331997-25-000003	0	228	324633903	N
0001671817-25-000005	0	4	290423917	N
0001179232-25-000003	0	50	646664949	N
0001214659-25-010331	0	471	39123281	
0001903153-25-000003	2	100	216415083	N
0001085146-25-003783	0	168	217839712	N
0002026082-25-000007	0	288	126370145	N
0001085146-25-003780	0	155	377548894	N
0001891201-25-000004	0	268	255215412	N
0001977500-25-000004	0	204	414340176	N
0001085146-25-003779	0	77	615741290	N
0001172661-25-002569	0	77	248822442	
0001214659-25-010329	0	403	177012365	
0001213900-25-063531	0	57	177257003	
0001104659-25-067664	0	68	849591825	
0001214659-25-010327	0	236	456008532	
0001950323-25-000009	0	1299	353921623	N
0001876496-25-000004	0	86	5446992	N
0001085146-25-003778	0	88	121030266	N
0001705819-25-000044	0	71	121688292	
0001085146-25-003777	0	73	177159770	N
0001986196-25-000003	0	15	127536620	N
0001725547-25-003416	0	48	114088084	N
0001071640-25-000013	0	1467	10872126	N
0001905665-25-000005	0	50	159005328	N
0001667731-25-000792	0	53	180679200	
0001667731-25-000791	0	62	193883949	
0002035325-25-000004	0	791	3375954968	N
0001381843-25-000006	0	37	233655619	N
0001763958-25-000008	0	49	209299155	N
0001633697-25-000007	0	1040	2455388711	N
0001784277-25-000005	0	255	628221	N
0001795173-25-000003	0	1800	636784038	N
0001085146-25-003772	0	73	295628238	N
0001664147-25-000004	0	101	233366	N
0001085146-25-003769	0	146	846344590	N
0001085146-25-003768	0	51	369173369	N
0001085146-25-003767	0	42	191935782	N
0001085146-25-003766	0	103	278995277	N
0001085146-25-003765	0	266	924235880	N
0001085146-25-003764	0	123	519666676	N
0001085146-25-003763	0	30	287696685	N
0001085146-25-003762	0	114	175395715	N
0001085146-25-003761	0	13	45576356	N
0001085146-25-003760	0	184	220152064	N
0001085146-25-003759	0	92	131134666	N
0001085146-25-003758	0	115	100840061	Y
0001085146-25-003757	0	103	1141863983	N
0001085146-25-003756	0	321	4153894894	N
0001085146-25-003755	0	136	282942159	N
0001085146-25-003754	0	96	270731975	N
0000905148-25-002429	0	3	94403895	
0000905148-25-002428	0	3	92169730	
0001085146-25-003753	0	106	346634839	N
0001085146-25-003752	0	125	566165744	N
0001085146-25-003751	0	43	590354415	N
0001085146-25-003750	0	174	300689944	N
0000905148-25-002426	3	7	384703629	
0001085146-25-003749	0	119	305047101	N
0001085146-25-003748	0	56	104994357	N
0000905148-25-002424	4	8	461057443	
0001085146-25-003747	0	181	738850538	N
0001085146-25-003746	0	144	226389396	N
0001085146-25-003745	0	63	251953531	N
0000905148-25-002422	5	12	805526605	
0001085146-25-003744	0	82	163630252	N
0001085146-25-003743	0	74	110868971	N
0000905148-25-002420	5	11	590432765	
0000905148-25-002418	5	11	662579245	
0000905148-25-002415	4	6	325859721	
0000905148-25-002412	4	6	274883955	
0000905148-25-002409	4	6	325806507	
0001085146-25-003741	0	0	0	N
0000905148-25-002404	2	5	222211045	
0000905148-25-002401	2	5	416289617	
0001934500-25-000006	0	124	125595531	N
0001085146-25-003740	1	514	1225001007	N
0000905148-25-002398	2	5	291743757	
0001104659-25-067433	0	146	474720285	
0000905148-25-002395	2	5	191858580	
0001214659-25-010315	0	10	91722035	
0000905148-25-002392	2	4	129107783	
0000894189-25-004970	0	62	713502214	
0000950123-25-006344	1	3	283328603	N
0001754960-25-000367	0	70	176384338	N
0000905148-25-002388	2	5	211037534	
0001934226-25-000005	0	48	122605724	N
0001754960-25-000363	0	37	122911974	N
0001754960-25-000361	0	127	159559113	N
0001786241-25-000005	0	51	178010938	N
0001653926-25-000004	0	612	413055	N
0001172661-25-002567	0	50	305639559	
0001416856-25-000004	0	217	367951	N
0001754960-25-000359	0	43	132415827	N
0001214659-25-010300	0	45	215638797	
0002049540-25-000003	0	60	79122961	N
0001667731-25-000784	0	139	631434805	
0001725547-25-003408	0	139	157970904	N
0001518235-25-000005	0	68	3194792214	N
0001659346-25-000005	0	63	223217025	N
0001214659-25-010294	0	2	245211944	
0001992825-25-000006	0	4503	5003620492	N
0001015308-25-000007	0	509	5603687120	N
0001964535-25-000004	0	110	768858484	N
0001172661-25-002565	0	29	441165842	
0001657662-25-000013	0	2	10539484	N
0001427202-25-000005	0	599	3276227797	N
0001080576-25-000007	0	706	1230970555	N
0000934745-25-000008	0	182	1173478341	N
0001799425-25-000005	0	47	308438	N
0001172661-25-002564	0	112	305386388	
0001729269-25-000008	0	40	489158	N
0001172661-25-002563	0	37	220002266	
0001737089-25-000006	0	1215	2880029	N
0001214659-25-010292	0	287	474566932	
0001172661-25-002561	0	120	342973581	
0001172661-25-002560	0	0	0	N
0000933429-25-000025	0	2950	6417863597	N
0001725547-25-003406	0	28	153941486	N
0001951757-25-000630	0	86	156499389	N
0001054257-25-000004	0	568	275423872	N
0001941040-25-000348	0	59	203886512	
0001214659-25-010290	0	128	336109749	
0002063364-25-000115	0	56	114612088	N
0001632812-25-000006	0	137	893525135	N
0000894205-25-000008	0	84	737125	Y
0001657516-25-000004	0	54	429643862	N
0001420506-25-001492	0	119	208059637	N
0001703383-25-000006	0	909	324041679	N
0001062993-25-012738	1	223	331291813	Y
0001862864-25-000005	0	112	120981768	N
0001725547-25-003405	0	146	207560010	N
0002063364-25-000112	0	35	290914894	N
0001415889-25-019662	0	860	218366309	N
0001670903-25-000004	0	111	340396665	N
0001666470-25-000004	0	50	538277690	N
0001767802-25-000003	0	206	280788508	N
0002063364-25-000108	0	27	153130327	N
0001085146-25-003738	0	235	401241005	N
0001768065-25-000004	0	101	178516	N
0001169069-25-000007	0	143	727980634	N
0001754960-25-000357	0	51	189697070	N
0001990190-25-000004	0	215	330299584	N
0000929638-25-002574	0	355	986762344	
0001667731-25-000783	0	186	464069964	
0001667731-25-000782	0	106	1136549758	
0001667731-25-000781	0	55	651922169	
0001561790-25-000007	0	291	1467752319	N
0001479844-25-000008	0	1105	4506121115	N
0001546007-25-000005	0	1148	67364498000	N
0001062993-25-012735	0	272	2145150348	N
0001999371-25-008989	0	573	419648004	
0001996846-25-000009	4	430	1655821954	N
0001951757-25-000619	22	188	110358318	N
0000903947-25-000004	0	136	3153339403	N
0001951757-25-000618	0	617	920818894	N
0002009781-25-000005	0	45	162372866	N
0001951757-25-000617	0	163	116562174	N
0001951757-25-000616	0	79	104265776	N
0001951757-25-000615	0	120	200535461	N
0001140361-25-025564	0	386	1143958006	
0001951757-25-000614	0	98	581194980	N
0001104659-25-067159	4	676	8520062405	
0000950123-25-006318	0	634	2297508706	N
0001664324-25-000004	0	82	379923959	N
0001754960-25-000352	0	25	94840471	N
0001754960-25-000353	0	406	624209513	N
0000950123-25-006305	0	979	801798350	N
0001085146-25-003734	0	45	269723248	N
0001085146-25-003736	0	12	128674962	N
0001085146-25-003735	0	82	306467103	N
0001754960-25-000355	0	96	540622657	N
0001561728-25-000059	0	46	549658745	N
0001398344-25-013039	0	617	10503461740	
0001513038-25-000005	0	296	587119523	N
0001991301-25-000004	0	71	297928816	N
0000791191-25-000005	0	146	1048168645	N
0001534242-25-000012	0	6	54871638	N
0001908219-25-000006	0	108	7019597807	N
0001563634-25-000004	0	54	132284648	N
0000950123-25-006293	0	1	138726343	N
0000950123-25-006291	1	4	444239741	N
0001333792-25-000003	0	140	570691999	N
0002001473-25-000003	0	32	147576895	N
0001398344-25-013001	0	661	254797818	
0001667731-25-000780	0	53	112609161	
0001420506-25-001489	2	121	872106962	N
0001062993-25-012685	0	219	406383133	Y
0001667731-25-000779	0	71	149603163	
0001855835-25-000003	0	477	119767954	N
0001658535-25-000005	0	86	4150052176	N
0001667731-25-000778	0	146	452881612	
0001172661-25-002547	0	70	149835241	
0001764970-25-000003	0	470	490654738	N
0001667731-25-000777	0	197	1183816654	
0001667731-25-000776	0	92	387942116	
0001635633-25-000004	0	499	1060542197	N
0001415889-25-019631	0	1	74848114860	N
0001941040-25-000345	0	145	193514064	
0001808195-25-000008	0	89	304426	N
0001085146-25-003723	0	127	509625107	N
0001104659-25-066955	0	197	104274321	
0001085146-25-003722	0	106	253123118	N
0001085146-25-003721	0	0	0	N
0002074440-25-000001	0	52	156494649	N
0001775530-25-000006	0	84	290939998	N
0001747749-25-000005	0	127	354021665	N
0001534242-25-000011	0	6	49514489	N
0000950123-25-006284	0	3	470835013	N
0001980695-25-000006	0	121	44876363	N
0001047339-25-000004	0	184	823847110	N
0001168889-25-000004	0	139	390351886	N
0001896447-25-000006	0	34	210923400	N
0001733219-25-000004	0	151	395078178	N
0001755670-25-000003	0	103	273884597	N
0001927285-25-000005	0	387	202758647	N
0001096906-25-001120	2	792	1093337648	N
0000933429-25-000024	0	2950	6417863597	Y
0001719739-25-000003	0	397	577709113	N
0001725547-25-003396	0	113	322960342	N
0001910344-25-000005	0	4	480963	N
0001398344-25-012972	0	127	1731734888	
0000869353-25-000005	0	340	5682570666	N
0001840565-25-000005	0	234	279972721	N
0001998269-25-000003	0	120	149096065	N
0001725547-25-003392	0	86	314530626	N
0001725547-25-003391	0	189	867844041	N
0001535811-25-000003	0	324	797465173	N
0001580642-25-004195	0	370	508298869	
0002051355-25-000005	0	47	631861308	N
0001085146-25-003720	0	37	192087806	N
0001667731-25-000775	0	56	124304539	
0001667731-25-000774	0	299	1295379703	
0001667731-25-000773	1	320	266678066	
0001667731-25-000772	0	164	253048969	
0001667731-25-000771	0	34	129831274	
0000084616-25-000007	0	448	2053537446	N
0001213900-25-062610	18	2325	8181269490	
0001140361-25-025427	0	8	91889533	
0001857187-25-000007	0	23	150967166	N
0001667731-25-000770	0	72	207358472	
0001509973-25-000004	0	74	493980221	N
0002051355-25-000004	0	45	149981255	N
0001629869-25-000007	0	27	611906	N
0001667731-25-000769	0	251	509962362	
0001085146-25-003719	0	81	259024168	N
0001667731-25-000768	0	74	107990929	
0001695214-25-000006	0	73	232075	N
0001667731-25-000767	0	147	226918274	
0001085146-25-003718	0	104	492291405	N
0001704720-25-000074	0	5	819959776	N
0001085146-25-003717	0	51	124323351	N
0001214659-25-010241	0	1	206478743	
0000950123-25-006275	0	1094	2707265988	N
0001667731-25-000766	0	155	346809128	
0002045792-25-000005	0	168	40239107	N
0001085146-25-003716	0	679	370341265	N
0001384943-25-000003	0	263	987812849	N
0001085146-25-003715	0	76	167437605	N
0001642246-25-000004	0	154	745871463	N
0001085146-25-003713	0	173	278048728	N
0001666940-25-000004	0	466	14372341	N
0001951757-25-000611	0	82	249267686	N
0001951757-25-000610	0	108	149120999	N
0001951757-25-000604	0	20	116658828	N
0001085146-25-003712	0	227	377741504	N
0000950123-25-006271	0	1	0	N
0001809187-25-000017	0	49	524759141	N
0001085146-25-003711	0	59	345166948	N
0001761044-25-000012	0	81	395299262	N
0001085146-25-003710	0	75	116734884	N
0002076068-25-000001	0	247	117907754	N
0001667731-25-000764	0	79	410782227	
0001765380-25-000247	0	76	411422320	N
0001214659-25-010234	0	625	3721148985	
0001047142-25-000003	0	252	1729047135	N
0001214659-25-010232	0	3397	60454241653	
0002021703-25-000005	0	100	226249299	N
0001867958-25-000004	0	79	230698220	N
0001475271-25-000008	0	69	452888361	N
0001599390-25-000003	0	54	341781459	N
0001904274-25-000005	0	742	2344049182	N
0001999371-25-008914	0	725	1087857017	
0001667731-25-000761	0	161	716022174	
0000946431-25-000008	1	879	88964523532	N
0001062993-25-012667	0	66	21323146878	N
0001667731-25-000760	0	311	542696871	
0001213900-25-062537	0	439	1390979957	
0001697375-25-000006	0	339	319714	N
0002055344-25-000003	2	87	174582122	N
0002032486-25-000008	0	65	148510090	N
0001870300-25-000008	0	3	136161111	N
0000950123-25-006259	0	759	11091913606	N
0001754960-25-000338	0	704	2532865189	N
0001754960-25-000340	0	116	431079350	N
0001754960-25-000336	0	54	123254820	N
0001818759-25-000006	0	202	395444126	N
0001831193-25-000007	0	146	450306519	N
0000950123-25-006247	0	2	15920371	N
0001754960-25-000342	0	464	1279476527	N
0001754960-25-000332	0	176	558105289	N
0001754960-25-000348	0	47	208266585	N
0001754960-25-000344	0	288	1349642006	N
0001276460-25-000006	0	95	2518774	N
0001754960-25-000350	0	77	390135135	N
0001754960-25-000346	0	83	218926967	N
0001754960-25-000334	0	47	186870693	N
0002051471-25-000004	0	520	954351778	N
0001989744-25-000004	0	125	325065616	N
0001085146-25-003696	0	24	67911868	N
0001085146-25-003695	0	67	408425339	N
0001085146-25-003694	0	90	264635977	N
0001951757-25-000603	0	229	282676098	N
0001085146-25-003693	0	334	2240003127	N
0001951757-25-000602	0	236	252011175	N
0001085146-25-003692	0	92	225641907	N
0001951757-25-000601	0	373	5584151858	N
0001085146-25-003691	0	1	0	N
0001085146-25-003690	0	119	292582062	N
0001085146-25-003689	0	62	314285012	N
0001951757-25-000600	0	465	1066533461	N
0001085146-25-003688	0	96	260670382	N
0001085146-25-003687	0	58	247060858	N
0001085146-25-003686	0	13	88296108	N
0001085146-25-003685	0	192	840409390	N
0001951757-25-000599	0	859	2625027982	N
0001085146-25-003684	0	159	581387473	N
0001085146-25-003683	0	51	117366594	N
0001085146-25-003682	0	119	344904417	N
0001951757-25-000598	0	234	516022125	N
0001085146-25-003681	0	56	192444445	N
0001085146-25-003680	0	60	183196262	N
0001085146-25-003679	0	200	615453657	N
0001085146-25-003678	0	232	611889271	N
0001085146-25-003677	0	53	107864929	N
0001085146-25-003676	0	89	260438967	N
0001085146-25-003675	0	29	329007204	N
0001085146-25-003674	0	53	137770778	N
0001085146-25-003673	0	64	317066133	N
0001085146-25-003672	0	156	632890039	N
0001085146-25-003670	4	162	293749075	
0001831193-25-000006	0	106	161655777	N
0001580642-25-004184	0	87	637148140	
0001172661-25-002514	0	44	174443549	
0001696867-25-000004	0	319	626807	N
0002005409-25-000003	0	1079	131912976	N
0001831193-25-000005	0	179	353631253	N
0001437749-25-022429	0	4	235371885	N
0001767940-25-000004	0	98	387141	N
0001140361-25-025345	0	1	0	Y
0001831193-25-000004	0	79	224756680	N
0001140361-25-025343	0	193	3476812252	
0002033536-25-000065	0	485	3472383950	N
0001705819-25-000043	0	116	437318039	
0001104659-25-066678	0	254	438123456	
0002033536-25-000064	0	372	3254121481	N
0001659047-25-000004	0	251	1743386378	N
0002033536-25-000063	0	385	2975411432	N
0002033536-25-000062	0	380	3121753724	N
0001039128-25-000003	0	1387	2380943	N
0002033536-25-000061	0	402	3013527030	N
0002033536-25-000060	0	402	2895991625	N
0001172661-25-002507	0	85	263510923	
0001725547-25-003381	0	79	301423118	N
0002033536-25-000059	0	412	2491535590	N
0001085146-25-003630	0	114	133134941	N
0001085146-25-003629	0	220	374169327	N
0001172661-25-002506	0	489	978935181	
0002033536-25-000058	0	415	2667629707	N
0001085146-25-003628	0	61	127634251	N
0001085146-25-003627	0	0	0	N
0001996846-25-000008	4	420	1655821954	N
0001085146-25-003626	0	280	414625100	N
0002033536-25-000057	0	405	3126423179	N
0001085146-25-003625	0	85	263510923	N
0001085146-25-003624	0	229	619327806	N
0001085146-25-003623	0	340	613551151	N
0001085146-25-003622	0	114	170255381	N
0001085146-25-003621	0	100	103790037	N
0001085146-25-003620	0	358	459746373	N
0001085146-25-003619	0	158	755508694	N
0001085146-25-003618	0	46	211615890	N
0001085146-25-003617	0	900	3238054087	N
0001085146-25-003615	1	80	10046194362	N
0001085146-25-003614	0	0	0	N
0001085146-25-003613	0	38	268175861	N
0001085146-25-003612	0	469	9150002116	N
0001968507-25-000006	0	246	282276499	N
0001085146-25-003611	0	244	1825135072	N
0002006661-25-000007	0	49	130074411	N
0001085146-25-003610	0	83	170705533	N
0001085146-25-003609	0	83	235292725	N
0001085146-25-003608	0	11	59540901	N
0000932929-25-000005	0	140	187507724	N
0001214659-25-010206	0	214	1402272224	
0001739485-25-000003	0	89	120670743	N
0001596077-25-000004	0	147	210518	N
0001818940-25-000005	0	40	434544321	N
0002047823-25-000005	0	122	198919814	N
0001080298-25-000008	0	74	2927557163	N
0001722436-25-000005	0	187	264780	N
0002025925-25-000005	0	310	258481034	N
0001941040-25-000338	0	119	663029837	
0001214659-25-010197	0	53	174682352	
0002033536-25-000056	0	396	3385912403	N
0002033536-25-000055	0	400	3070958687	N
0002033536-25-000054	0	404	3084911288	N
0001840888-25-000004	0	31	277410064	N
0002033536-25-000053	0	409	2854127334	N
0001941040-25-000337	0	434	333733447	
0002001155-25-000003	0	193	126354676	N
0000074260-25-000128	0	55	2550578	N
0001767601-25-000005	0	99	612936625	N
0001907092-25-000004	0	70	208227737	N
0001799435-25-000004	0	72	196244119	N
0001213900-25-062271	0	2	298502385	
0001613331-25-000004	0	274	1482902448	N
0001954805-25-000004	0	479	1340849953	N
0001692632-25-000004	0	364	560750808	N
0001870761-25-000005	0	21327	42058971	N
0000354923-25-000005	0	25	245988430	N
0001214659-25-010185	0	35	131163615	
0002019316-25-000003	0	181	197767924	N
0001352449-25-000003	0	64	302220	N
0001214659-25-010183	0	43	197946942	
0001785717-25-000005	0	46	140368168	N
0002018815-25-000005	0	101	208346103	N
0001936380-25-000004	0	41	158587779	N
0001062993-25-012648	0	89	455095831	N
0001730765-25-000005	0	286	333159254	N
0002068635-25-000005	0	51	135818694	N
0000905729-25-000118	0	101	195263169	
0001175954-25-000008	0	211	611611542	N
0001062993-25-012646	0	73	545041670	N
0001509508-25-000004	0	78	460880286	N
0001911322-25-000005	0	543	151007949	N
0002065794-25-000002	0	40	111275267	N
0001989869-25-000005	0	228	269054297	N
0001214659-25-010176	0	50	163985873	
0001062993-25-012644	0	156	1088051917	N
0002007880-25-000005	0	67	145836562	N
0001730149-25-000003	0	87	216224265	N
0000883511-25-000006	0	37	636817757	N
0001667731-25-000759	0	124	214228039	
0001667731-25-000758	0	207	247305856	
0001705819-25-000042	0	132	178697505	
0001667731-25-000757	0	51	118705495	
0001667731-25-000756	0	109	224181770	
0001629996-25-000004	0	36	56997	N
0001667731-25-000755	0	90	218612639	
0002076215-25-000002	0	129	150471460	N
0001667731-25-000754	0	126	511289879	
0001667731-25-000753	0	30	149962923	
0001905083-25-000004	0	30	46688555	N
0001667731-25-000752	0	72	471434923	
0002051491-25-000015	0	246	364130296	N
0001667731-25-000751	0	338	960385131	
0001667731-25-000750	0	30	118881038	
0002047201-25-000004	0	282	115970058	N
0001667731-25-000749	0	26	163018193	
0001667731-25-000748	0	67	259764940	
0001667731-25-000747	0	60	668702477	
0001667731-25-000746	0	49	170423727	
0001667731-25-000745	0	242	292239290	
0001748766-25-000005	0	92	267753549	N
0002063364-25-000104	0	22	157517595	N
0002075899-25-000001	0	95	118727504	N
0000950123-25-006228	0	634	2283750368	N
0001172661-25-002497	0	131	276808186	
0001908923-25-000004	0	504	12832995600	N
0001104659-25-066597	0	423	223978224	
0001643792-25-000004	0	8	106010	N
0001951757-25-000595	0	157	278123240	N
0001754960-25-000330	0	57	236714096	N
0001951757-25-000594	0	48	162238055	N
0000950123-25-006218	0	2375	3753169861	N
0002045258-25-000003	5	129	130628637	N
0001951757-25-000593	0	123	317033695	N
0002076215-25-000001	0	129	150309836	N
0001976256-25-000003	0	489	253192819	N
0001632866-25-000004	0	125	281483835	N
0001951757-25-000592	0	49	151101266	N
0001951757-25-000591	1	121	348939372	N
0001951757-25-000590	0	100	204891438	N
0001951757-25-000589	0	150	307212376	N
0001928635-25-000006	0	194	254559952	N
0001951757-25-000588	0	50	195432189	N
0001765380-25-000246	0	126	336777858	N
0001951757-25-000587	0	83	342831626	N
0001951757-25-000586	0	121	399245875	N
0001951757-25-000585	0	97	416589859	N
0001951757-25-000584	1	85	288969059	N
0001951757-25-000583	0	163	496045843	N
0001951757-25-000582	0	99	192668296	N
0001951757-25-000581	0	266	220077085	N
0001951757-25-000580	0	109	154363552	N
0001951757-25-000579	0	163	227110155	N
0001997685-25-000008	0	700	512388785	N
0001951757-25-000578	0	160	279465455	N
0001951757-25-000577	0	34	118601424	N
0001657662-25-000012	0	2	18317526	N
0001951757-25-000576	0	30	221286584	N
0001951757-25-000575	0	196	466179605	N
0001951757-25-000574	0	62	258353015	N
0001951757-25-000573	0	118	146481251	N
0001951757-25-000572	0	108	1346292665	N
0001951757-25-000571	0	108	344788548	N
0001535611-25-000006	0	88	287112584	N
0002065136-25-000004	0	322	212120859	N
0002010656-25-000004	0	69	123522289	N
0001831316-25-000006	0	1539	251855995	N
0001941040-25-000336	0	216	728563501	
0001044929-25-000006	0	514	1599659325	N
0001388168-25-000005	0	222	311486157	N
0001536029-25-000004	0	168	2206328366	N
0001849336-25-000004	0	25	265172767	N
0001911472-25-000004	0	69	311184	N
0002033683-25-000004	0	62	120795090	N
0001841816-25-000003	0	137	213511750	N
0001172661-25-002493	0	12	540207662	
0002033536-25-000052	0	406	2612871741	N
0002033536-25-000051	0	395	2270153069	N
0001765380-25-000245	0	36	257358540	N
0001731216-25-000003	0	75	255075	N
0002033536-25-000050	0	389	2108486300	N
0002033536-25-000049	0	363	1718298041	N
0001717027-25-000005	0	71	351154465	N
0001596920-25-000006	0	64	200600026	N
0002033536-25-000048	0	369	2218900064	N
0002033536-25-000047	0	368	2052284371	N
0002033536-25-000046	0	358	1991612772	N
0001765380-25-000244	0	38	261411340	N
0001105837-25-000007	0	824	968147183	N
0002033536-25-000045	0	362	1917952083	N
0002033536-25-000044	0	363	1686226575	N
0001765380-25-000243	0	38	255676881	N
0002033536-25-000043	0	364	1593906997	N
0002033536-25-000042	0	357	1507918043	N
0001420506-25-001478	0	285	1100245718	N
0002033536-25-000041	0	352	1487347881	N
0002015721-25-000007	0	85	5165155	
0002067541-25-000002	0	59	99128255	N
0002033536-25-000040	0	348	1537045136	N
0001213900-25-062010	0	206	757141542	
0002033536-25-000039	0	351	1611712979	N
0002033536-25-000038	0	359	1475277557	N
0001531971-25-000005	0	1	0	N
0002033536-25-000037	0	378	1475219660	N
0002033536-25-000036	0	377	1452108285	N
0002033536-25-000035	0	316	1422201515	N
0002033536-25-000034	0	230	1323826523	N
0002033536-25-000033	0	222	1483312427	N
0002033536-25-000032	0	205	1386125278	N
0002033536-25-000031	0	204	1301215984	N
0002033536-25-000030	0	220	1516932535	N
0002033536-25-000029	0	217	1431243307	N
0002033536-25-000028	0	221	1484279866	N
0002033536-25-000027	0	219	1497962355	N
0002033536-25-000026	0	223	1613914079	N
0001801507-25-000006	0	424	3689124357	N
0002033536-25-000025	0	224	1531171060	N
0002033536-25-000024	0	229	1509203865	N
0002033536-25-000023	0	226	1377170094	N
0002033536-25-000022	0	228	1274581618	N
0000930413-25-002128	0	95	287482765	
0002033536-25-000021	0	224	1411726770	N
0001580642-25-004115	0	112	168459567	
0001811783-25-000006	0	117	490519538	N
0001471384-25-000004	0	122	140625317	N
0001213900-25-061990	0	153	608880833	
0002039144-25-000005	0	123	123938472	N
0001074266-25-000004	0	310	1080056554	N
0002040377-25-000003	0	112	128591515	N
0001213900-25-061983	0	25	6721573525	
0000791540-25-000003	0	2445	1225522	N
0002056177-25-000004	0	41	132794399	N
0001850858-25-000004	0	206	837446409	N
0001527570-25-000005	0	93	55159	N
0001728689-25-000007	0	20	148303189	N
0001794935-25-000005	0	183	957633000	N
0001352547-25-000005	0	329	1548055882	N
0001977290-25-000005	0	217	1727525210	N
0001542265-25-000004	0	358	5469904548	N
0001903273-25-000004	0	40	350530530	N
0001563690-25-000006	0	172	351768949	N
0001420506-25-001476	0	1170	3155052102	N
0001802868-25-000004	0	45	240845910	N
0001386929-25-000006	0	81	710732017	N
0001104659-25-066313	1	401	4027428849	
0001535254-25-000010	0	1	139772499	N
0001765515-25-000007	0	71	318974322	N
0000950123-25-006205	1	5	427250674	N
0001214659-25-010111	0	90	230722538	
0001869685-25-000004	0	192314	316003971	N
0001384484-25-000007	0	24	223277467	N
0002076121-25-000001	0	16	404140204	N
0001754960-25-000327	0	140	87772313	N
0001993022-25-000007	0	62	118849092	N
0001960749-25-000007	0	281	216122829	N
0002008166-25-000005	0	45	225556110	N
0001574010-25-000003	0	365	256159955	N
0001754960-25-000328	0	155	110899874	N
0001690010-25-000005	0	3536	5004011193	N
0001754960-25-000325	0	26	60710693	N
0001411268-25-000006	0	39	504021293	N
0001754960-25-000323	0	37	132257900	N
0001989476-25-000005	0	38	138351536	N
0001973783-25-000005	0	60	226725184	N
0002033536-25-000020	0	219	1221067071	N
0002011780-25-000004	0	66	133780457	N
0001083323-25-000003	0	187	314301069	N
0002033536-25-000019	0	221	1170801005	N
0002033536-25-000018	0	226	966083451	N
0002033536-25-000017	0	238	1075371016	N
0001965915-25-000006	0	59	155210280	
0001598177-25-000003	0	81	236166117	N
0002033536-25-000016	0	239	978626248	N
0002033536-25-000015	0	240	954070253	N
0001696731-25-000006	0	56	358307416	N
0002033536-25-000014	0	261	1155405000	N
0002033536-25-000013	0	278	1175682536	N
0001943228-25-000003	0	179	140270872	N
0001941040-25-000332	0	271	2137677382	
0000877134-25-000006	0	1286	3369733601	N
0001754960-25-000322	0	37	147203150	N
0001386929-25-000005	0	81	710732017	N
0001667731-25-000744	0	106	222464182	
0001667731-25-000743	0	65	405238141	
0001667731-25-000742	0	76	700952557	
0002030974-25-000003	0	283	248338295	N
0001667731-25-000741	0	109	396973666	
0001667731-25-000740	0	65	149901021	
0001062993-25-012597	0	925	510084160	N
0001667731-25-000739	0	29	103972212	
0001667731-25-000738	0	186	525231301	
0001667731-25-000737	0	101	124474845	
0001667731-25-000736	0	143	389924417	
0001667731-25-000735	0	190	863137931	
0001754960-25-000319	0	121	194566401	N
0001667731-25-000734	0	94	290803272	
0001062993-25-012591	0	101	1279105917	N
0002056292-25-000024	0	80	382317509	N
0001213900-25-061754	0	115	134426548	
0002064920-25-000009	0	42	106680633	N
0001765380-25-000242	0	94	127566256	N
0001276918-25-000008	2	177	5125561320	N
0002063364-25-000097	0	89	300856361	N
0001597099-25-000004	0	231	306837353	N
0001172661-25-002475	0	32	186552938	
0001770710-25-000003	1	135	267420537	N
0001172661-25-002474	0	33	199589481	
0001735057-25-000003	0	2631	658765929	N
0001843309-25-000007	0	87	199868161	N
0002041805-25-000004	0	50	183684467	N
0001632554-25-000009	0	414	886139311	N
0001130344-25-000004	0	326	123079101	N
0000767684-25-000006	0	80	103497	N
0001749914-25-000004	0	171	791666206	N
0002044741-25-000004	0	445	136981529	N
0001927627-25-000006	0	25	444054909	N
0001765380-25-000241	0	26	228144895	N
0001881335-25-000005	0	61	144088077	N
0001765380-25-000240	0	119	636851467	N
0001800597-25-000004	0	126	181767586	N
0001800508-25-000003	0	268	170658732	N
0001799284-25-000003	0	111	336596595	N
0002013713-25-000003	0	56	160763161	N
0001912297-25-000004	0	378	349351600	N
0001601622-25-000006	0	27	171905	N
0001056827-25-000005	0	58	1059605267	N
0001214659-25-010072	0	13	171198716	
0002054149-25-000004	0	362	102649912	N
0001376474-25-000582	0	145	220429252	
0001376474-25-000581	0	743	136178214	
0001667731-25-000733	0	211	202662474	
0001352675-25-000003	0	712	1118583943	N
0001667731-25-000732	0	55	895863	
0001667731-25-000731	0	9	105232119	
0000319933-25-000012	0	192863	2308198667	N
0001420506-25-001475	0	1170	3155052102	N
0001667731-25-000730	0	35	308788540	
0001817797-25-000007	0	22	1515637781	N
0001667731-25-000729	0	100	203277235	
0001667731-25-000728	0	97	605800568	
0002010507-25-000004	0	92	266678763	N
0001667731-25-000727	0	236	348846982	
0001672594-25-000005	0	238	6899958091	N
0001667731-25-000726	0	70	148148430	
0001667731-25-000725	0	176	1815814416	
0001966595-25-000004	0	21	942974565	N
0002033536-25-000012	0	289	1165904842	N
0002033536-25-000008	0	204	1049699113	N
0002033536-25-000011	0	238	1103056604	N
0001727862-25-000004	0	9	280228	N
0001777234-25-000005	0	25	103651075	N
0001095449-25-000051	0	177	441629544	N
0001095449-25-000050	0	110	143368079	N
0002033536-25-000007	0	212	962808092	N
0001774086-25-000005	0	256	370152826	N
0002033536-25-000009	0	212	1167684926	N
0002033536-25-000010	0	210	972965566	N
0000764106-25-000006	0	155	736757860	N
0001809574-25-000007	0	91	326555984	N
0000950123-25-006180	0	1	0	Y
0001025038-25-000010	0	175	664455087	N
0001963967-25-000006	0	83	237906248	N
0001813577-25-000005	0	54	354597303	N
0001961944-25-000003	0	73	149605932	N
0001616328-25-000004	0	854	1914256662	N
0001845066-25-000007	0	158	389484278	N
0001941260-25-000008	0	50	180628941	N
0001817714-25-000004	0	217	337898267	N
0001833140-25-000004	0	161	380932327	N
0001714107-25-000003	0	133	405093245	N
0001420506-25-001474	0	0	0	N
0000950123-25-006170	0	7	88427930	N
0001454138-25-000006	0	18	1763179110	N
0002008165-25-000004	1	136	563269392	N
0001104659-25-065515	0	3	181604522	
0001754960-25-000317	0	28	96220402	N
0001754960-25-000313	0	164	93299578	N
0001754960-25-000315	0	298	553184698	N
0001692227-25-000006	0	177	194699403	N
0001810158-25-000004	0	139	143799182	N
0001616004-25-000004	0	26	135741427	N
0001987261-25-000006	0	48	157535659	N
0001214659-25-009962	0	28	112685284	
0002050848-25-000003	0	94	259144051	N
0001085146-25-003476	5	1370	44570995566	N
0001573767-25-000006	0	14	135446030	N
0001630939-25-000007	0	48	555132000	N
0001085146-25-003475	5	1389	57243296855	N
0001867570-25-000004	0	89	144158213	N
0001790525-25-000004	0	399	811065496	N
0001768130-25-000004	0	183	760650808	N
0000938077-25-000004	0	167	365055421	N
0001895252-25-000009	0	88	403067616	N
0001759578-25-000012	0	159	410826666	N
0001802091-25-000003	0	105	498643744	N
0001315339-25-000005	0	417	1137661015	N
0001055544-25-000003	0	123	1007838	N
0001053054-25-000005	0	0	0	N
0001214659-25-009926	0	71	413704819	
0002020066-25-000004	0	922	784619779	N
0000071210-25-000003	0	339	1347621	N
0001104659-25-064829	0	76	1405639574	
0001636661-25-000005	2	451	7077479565	N
0001214659-25-009905	0	90	328852648	
0001214659-25-009904	0	1	10601111	
0001104659-25-064741	0	475	3031565934	
0001468792-25-000005	0	1176	1122950869	N
0001085041-25-000003	0	166	272490115	N
0001762716-25-000003	0	225	277730394	N
0002040353-25-000004	0	351	554413873	N
0000051812-25-000006	0	91	255729	N
0001457005-25-000007	0	197	256739618	N
0001966640-25-000005	0	36	148929481	N
0001914099-25-000007	0	55	215858159	N
0000225816-25-000003	0	187	484521	N
0000797203-25-000004	0	177	708315948	N
0001550191-25-000005	0	93	241459202	N
0001297731-25-000004	0	71	148352	N
0001213900-25-059807	0	16	234538112	
0000948046-25-000090	16	13196	255441717239	
0001618205-25-000008	0	68	122907649	
0001618205-25-000007	0	62	115489427	
0001618205-25-000006	0	61	108192580	
0001618205-25-000005	0	60	122695509	
0001618205-25-000004	0	59	127809273	
0001618205-25-000003	0	52	117708654	
0001297731-25-000003	0	215	335362	N
0001297731-25-000002	0	71	151174	N
0002045258-25-000002	5	127	130578487	N
0001951757-25-000569	0	32	122472976	N
0001951757-25-000568	0	30	112688847	N
0000769993-25-000340	7	12510	617838742182	N
0000948046-25-000088	16	12532	245706847379	
0002047606-25-000003	0	381	1844402687	N
0000950123-25-006104	0	4	136852372	N
0000950123-25-006102	0	5	164375112	N
0001754960-25-000311	0	87	82650582	N
0001754960-25-000312	0	80	84899049	N
0001760444-25-000002	0	135	157175	N
0001398344-25-012059	0	285	2630964746	Y
0001398344-25-012057	0	288	2499394428	Y
0001398344-25-012054	0	291	2371625633	Y
0001214659-25-009450	0	0	0	
0001214659-25-009448	0	0	0	
0001214659-25-009447	0	0	0	
0001214659-25-009444	0	0	0	
0001214659-25-009442	0	0	0	
0001085146-25-003456	0	75	76252127	N
0001085146-25-003455	0	77	74210830	N
0000919574-25-003673	1	1	85920731	
0000919574-25-003667	1	1	112034347	
0001068837-25-000030	4	4040	89917741244	
0001213900-25-055338	0	407	149195901	
0001398344-25-011899	0	486	1188898514	
0001667731-25-000681	0	49	207804794	
0001085146-25-003452	0	2	454598537	N
0001213900-25-054892	0	414	152154197	
0001313893-25-000003	0	120	1293933146	N
0002028812-25-000003	1	315	149976557	N
0001172661-25-002445	0	32	197159632	
0001172661-25-002444	0	50	148559926	
0001681614-25-000004	0	23	248195683	N
0002056734-25-000003	0	7	9317680	N
0002070972-25-000002	0	241	144969336	N
0002070972-25-000003	0	230	156951547	N
0000948046-25-000086	17	12542	221651548879	
0001785199-25-000008	0	42	100316909	N
0001667731-25-000680	0	31	105006139	
0001172661-25-002441	0	61	202841489	
0001172661-25-002440	0	60	197069096	
0001420506-25-001384	0	37	508329101	N
0002071468-25-000006	0	301	177960526	N
0002071468-25-000005	0	329	175898803	N
0002071468-25-000004	0	302	180364006	N
0002071468-25-000003	0	305	166718535	N
0002071468-25-000002	0	319	168173632	N
0002071468-25-000001	0	352	151664228	N
0002039088-25-000005	0	291	190500294	N
0001688774-25-000011	0	20	871072606	N
0001837496-25-000009	0	226	111976129	N
0001688774-25-000010	0	20	861780982	N
0001688774-25-000009	0	19	764364199	N
0001837496-25-000008	0	147	125999425	N
0001688774-25-000008	0	18	789240922	N
0001688774-25-000007	0	17	723129416	N
0001688774-25-000006	0	17	655525888	N
0001688774-25-000005	0	16	656856023	N
0001688774-25-000004	0	16	584482479	N
0001688774-25-000003	0	16	593641094	N
0000950123-25-005991	7	99	17573377561	N
0000950123-25-005989	7	115	16507080109	N
0001580642-25-003600	0	167	233972411	
0000811407-25-000004	0	35	196703	N
0001490429-25-000002	0	65	1213543639	N
0001734493-25-000007	0	111	1025284037	N
0001420506-25-001373	0	29	206745036	N
0001830823-25-000002	0	511	298892213	N
0001677044-25-000012	6	18672	44552836377	N
0001307125-25-000006	1	72	181176965	
0001307125-25-000005	1	112	164583396	
0001632118-25-000007	0	31	207368555	N
0001837496-25-000007	0	147	125999425	N
0001416856-25-000002	0	219	360176	N
0001364725-25-000005	0	159	673112794	N
0001085146-25-003427	1	246	2149101752	N
0001085146-25-003428	1	383	2026050307	N
0000764106-25-000005	0	153	685864114	N
0001214659-25-008822	0	51	100714684	
0000820434-25-000004	0	46	22974069	N
0001172661-25-002437	0	59	183243555	
0001172661-25-002436	0	64	209074607	
0001808029-25-000009	0	11	199146878	N
0000036644-25-000004	2	496	1465855927	N
0001172661-25-002435	0	800	841290999	
0001795934-25-000004	0	632	2042041827	N
0001867587-25-000003	0	272	732502103	N
0000948046-25-000084	17	12868	215454564306	
0001534242-25-000008	0	6	44749000	N
0001062993-25-010625	0	249	437843868	N
0001085146-25-003419	0	23	110632765	N
0001337263-25-000005	0	207	1002725000	N
0001172661-25-002434	0	60	136464953	
0001848237-25-000002	1	310	626858	N
0002001900-25-000020	5	17	4333706	
0002001900-25-000019	10	1871	3124322517	N
